event_id,shipment_id,event_type,event_timestamp,source_system
EVT00001_booked,SHP00001,booked,2026-01-08T03:00:00,dispatch_tms
EVT00001_pickup_confirmed,SHP00001,pickup_confirmed,2026-01-09T04:00:00,dispatch_tms
EVT00001_in_transit,SHP00001,in_transit,2026-01-10T05:00:00,dispatch_tms
EVT00001_delivered,SHP00001,delivered,2026-01-11T06:00:00,carrier_portal
EVT00002_booked,SHP00002,booked,2026-01-15T06:00:00,dispatch_tms
EVT00002_pickup_confirmed,SHP00002,pickup_confirmed,2026-01-16T07:00:00,dispatch_tms
EVT00002_in_transit,SHP00002,in_transit,2026-01-17T08:00:00,dispatch_tms
EVT00002_delivered,SHP00002,delivered,2026-01-19T10:00:00,carrier_portal
EVT00003_booked,SHP00003,booked,2026-01-22T09:00:00,dispatch_tms
EVT00003_pickup_confirmed,SHP00003,pickup_confirmed,2026-01-23T10:00:00,dispatch_tms
EVT00003_in_transit,SHP00003,in_transit,2026-01-24T11:00:00,dispatch_tms
EVT00003_delivered,SHP00003,delivered,2026-01-27T14:00:00,carrier_portal
EVT00004_booked,SHP00004,booked,2026-01-29T12:00:00,dispatch_tms
EVT00004_pickup_confirmed,SHP00004,pickup_confirmed,2026-01-30T13:00:00,dispatch_tms
EVT00004_in_transit,SHP00004,in_transit,2026-01-31T14:00:00,dispatch_tms
EVT00004_delivered,SHP00004,delivered,2026-01-31T14:00:00,carrier_portal
EVT00005_booked,SHP00005,booked,2026-02-05T15:00:00,dispatch_tms
EVT00005_pickup_confirmed,SHP00005,pickup_confirmed,2026-02-06T16:00:00,dispatch_tms
EVT00005_in_transit,SHP00005,in_transit,2026-02-07T17:00:00,dispatch_tms
EVT00005_delivered,SHP00005,delivered,2026-02-08T18:00:00,carrier_portal
EVT00006_booked,SHP00006,booked,2026-02-12T18:00:00,dispatch_tms
EVT00006_pickup_confirmed,SHP00006,pickup_confirmed,2026-02-13T19:00:00,dispatch_tms
EVT00006_in_transit,SHP00006,in_transit,2026-02-14T20:00:00,dispatch_tms
EVT00006_delivered,SHP00006,delivered,2026-02-16T22:00:00,carrier_portal
EVT00007_booked,SHP00007,booked,2026-02-19T21:00:00,dispatch_tms
EVT00007_pickup_confirmed,SHP00007,pickup_confirmed,2026-02-20T22:00:00,dispatch_tms
EVT00007_in_transit,SHP00007,in_transit,2026-02-21T23:00:00,dispatch_tms
EVT00007_delivered,SHP00007,delivered,2026-02-24T02:00:00,carrier_portal
EVT00008_booked,SHP00008,booked,2026-02-26T00:00:00,dispatch_tms
EVT00008_pickup_confirmed,SHP00008,pickup_confirmed,2026-02-27T01:00:00,dispatch_tms
EVT00008_in_transit,SHP00008,in_transit,2026-02-28T02:00:00,dispatch_tms
EVT00008_delivered,SHP00008,delivered,2026-03-01T03:00:00,carrier_portal
EVT00009_booked,SHP00009,booked,2026-03-05T03:00:00,dispatch_tms
EVT00009_pickup_confirmed,SHP00009,pickup_confirmed,2026-03-06T04:00:00,dispatch_tms
EVT00009_in_transit,SHP00009,in_transit,2026-03-07T05:00:00,dispatch_tms
EVT00009_delivered,SHP00009,delivered,2026-03-08T06:00:00,carrier_portal
EVT00010_booked,SHP00010,booked,2026-03-12T06:00:00,dispatch_tms
EVT00010_pickup_confirmed,SHP00010,pickup_confirmed,2026-03-13T07:00:00,dispatch_tms
EVT00010_in_transit,SHP00010,in_transit,2026-03-14T08:00:00,dispatch_tms
EVT00010_delivered,SHP00010,delivered,2026-03-16T10:00:00,carrier_portal
EVT00011_booked,SHP00011,booked,2026-03-19T09:00:00,dispatch_tms
EVT00011_pickup_confirmed,SHP00011,pickup_confirmed,2026-03-20T10:00:00,dispatch_tms
EVT00011_in_transit,SHP00011,in_transit,2026-03-21T11:00:00,dispatch_tms
EVT00011_delivered,SHP00011,delivered,2026-03-24T14:00:00,carrier_portal
EVT00012_booked,SHP00012,booked,2026-03-26T12:00:00,dispatch_tms
EVT00012_pickup_confirmed,SHP00012,pickup_confirmed,2026-03-27T13:00:00,dispatch_tms
EVT00012_in_transit,SHP00012,in_transit,2026-03-28T14:00:00,dispatch_tms
EVT00012_delivered,SHP00012,delivered,2026-03-28T14:00:00,carrier_portal
EVT00013_booked,SHP00013,booked,2026-04-02T15:00:00,dispatch_tms
EVT00013_pickup_confirmed,SHP00013,pickup_confirmed,2026-04-03T16:00:00,dispatch_tms
EVT00013_in_transit,SHP00013,in_transit,2026-04-04T17:00:00,dispatch_tms
EVT00013_delivered,SHP00013,delivered,2026-04-05T18:00:00,carrier_portal
EVT00014_booked,SHP00014,booked,2026-04-09T18:00:00,dispatch_tms
EVT00014_pickup_confirmed,SHP00014,pickup_confirmed,2026-04-10T19:00:00,dispatch_tms
EVT00014_in_transit,SHP00014,in_transit,2026-04-11T20:00:00,dispatch_tms
EVT00014_delivered,SHP00014,delivered,2026-04-13T22:00:00,carrier_portal
EVT00015_booked,SHP00015,booked,2026-04-16T21:00:00,dispatch_tms
EVT00015_pickup_confirmed,SHP00015,pickup_confirmed,2026-04-17T22:00:00,dispatch_tms
EVT00015_in_transit,SHP00015,in_transit,2026-04-18T23:00:00,dispatch_tms
EVT00015_delivered,SHP00015,delivered,2026-04-21T02:00:00,carrier_portal
EVT00016_booked,SHP00016,booked,2026-04-23T00:00:00,dispatch_tms
EVT00016_pickup_confirmed,SHP00016,pickup_confirmed,2026-04-24T01:00:00,dispatch_tms
EVT00016_in_transit,SHP00016,in_transit,2026-04-25T02:00:00,dispatch_tms
EVT00016_delivered,SHP00016,delivered,2026-04-25T02:00:00,carrier_portal
EVT00017_booked,SHP00017,booked,2026-04-30T03:00:00,dispatch_tms
EVT00017_pickup_confirmed,SHP00017,pickup_confirmed,2026-05-01T04:00:00,dispatch_tms
EVT00017_in_transit,SHP00017,in_transit,2026-05-02T05:00:00,dispatch_tms
EVT00017_delivered,SHP00017,delivered,2026-05-03T06:00:00,carrier_portal
EVT00018_booked,SHP00018,booked,2026-05-07T06:00:00,dispatch_tms
EVT00018_pickup_confirmed,SHP00018,pickup_confirmed,2026-05-08T07:00:00,dispatch_tms
EVT00018_in_transit,SHP00018,in_transit,2026-05-09T08:00:00,dispatch_tms
EVT00018_delivered,SHP00018,delivered,2026-05-11T10:00:00,carrier_portal
EVT00019_booked,SHP00019,booked,2026-05-14T09:00:00,dispatch_tms
EVT00019_pickup_confirmed,SHP00019,pickup_confirmed,2026-05-15T10:00:00,dispatch_tms
EVT00019_in_transit,SHP00019,in_transit,2026-05-16T11:00:00,dispatch_tms
EVT00019_delivered,SHP00019,delivered,2026-05-19T14:00:00,carrier_portal
EVT00020_booked,SHP00020,booked,2026-05-21T12:00:00,dispatch_tms
EVT00020_pickup_confirmed,SHP00020,pickup_confirmed,2026-05-22T13:00:00,dispatch_tms
EVT00020_in_transit,SHP00020,in_transit,2026-05-23T14:00:00,dispatch_tms
EVT00020_delivered,SHP00020,delivered,2026-05-23T14:00:00,carrier_portal
EVT00021_booked,SHP00021,booked,2026-05-28T15:00:00,dispatch_tms
EVT00021_pickup_confirmed,SHP00021,pickup_confirmed,2026-05-29T16:00:00,dispatch_tms
EVT00021_in_transit,SHP00021,in_transit,2026-05-30T17:00:00,dispatch_tms
EVT00021_delivered,SHP00021,delivered,2026-05-31T18:00:00,carrier_portal
EVT00022_booked,SHP00022,booked,2026-06-04T18:00:00,dispatch_tms
EVT00022_pickup_confirmed,SHP00022,pickup_confirmed,2026-06-05T19:00:00,dispatch_tms
EVT00022_in_transit,SHP00022,in_transit,2026-06-06T20:00:00,dispatch_tms
EVT00022_delivered,SHP00022,delivered,2026-06-08T22:00:00,carrier_portal
EVT00023_booked,SHP00023,booked,2026-06-11T21:00:00,dispatch_tms
EVT00023_pickup_confirmed,SHP00023,pickup_confirmed,2026-06-12T22:00:00,dispatch_tms
EVT00023_in_transit,SHP00023,in_transit,2026-06-13T23:00:00,dispatch_tms
EVT00023_delivered,SHP00023,delivered,2026-06-16T02:00:00,carrier_portal
EVT00024_booked,SHP00024,booked,2026-06-18T00:00:00,dispatch_tms
EVT00024_pickup_confirmed,SHP00024,pickup_confirmed,2026-06-19T01:00:00,dispatch_tms
EVT00024_in_transit,SHP00024,in_transit,2026-06-20T02:00:00,dispatch_tms
EVT00024_delivered,SHP00024,delivered,2026-06-20T02:00:00,carrier_portal
EVT00025_booked,SHP00025,booked,2026-06-25T03:00:00,dispatch_tms
EVT00025_pickup_confirmed,SHP00025,pickup_confirmed,2026-06-26T04:00:00,dispatch_tms
EVT00025_in_transit,SHP00025,in_transit,2026-06-27T05:00:00,dispatch_tms
EVT00025_delivered,SHP00025,delivered,2026-06-28T06:00:00,carrier_portal
EVT00026_booked,SHP00026,booked,2026-01-03T06:00:00,dispatch_tms
EVT00026_pickup_confirmed,SHP00026,pickup_confirmed,2026-01-04T07:00:00,dispatch_tms
EVT00026_in_transit,SHP00026,in_transit,2026-01-05T08:00:00,dispatch_tms
EVT00026_delivered,SHP00026,delivered,2026-01-08T11:00:00,carrier_portal
EVT00027_booked,SHP00027,booked,2026-01-10T09:00:00,dispatch_tms
EVT00027_pickup_confirmed,SHP00027,pickup_confirmed,2026-01-11T10:00:00,dispatch_tms
EVT00027_in_transit,SHP00027,in_transit,2026-01-12T11:00:00,dispatch_tms
EVT00027_delivered,SHP00027,delivered,2026-01-15T14:00:00,carrier_portal
EVT00028_booked,SHP00028,booked,2026-01-17T12:00:00,dispatch_tms
EVT00028_pickup_confirmed,SHP00028,pickup_confirmed,2026-01-18T13:00:00,dispatch_tms
EVT00028_in_transit,SHP00028,in_transit,2026-01-19T14:00:00,dispatch_tms
EVT00028_delivered,SHP00028,delivered,2026-01-19T14:00:00,carrier_portal
EVT00029_booked,SHP00029,booked,2026-01-24T15:00:00,dispatch_tms
EVT00029_pickup_confirmed,SHP00029,pickup_confirmed,2026-01-25T16:00:00,dispatch_tms
EVT00029_in_transit,SHP00029,in_transit,2026-01-26T17:00:00,dispatch_tms
EVT00029_delivered,SHP00029,delivered,2026-01-27T18:00:00,carrier_portal
EVT00030_booked,SHP00030,booked,2026-01-31T18:00:00,dispatch_tms
EVT00030_pickup_confirmed,SHP00030,pickup_confirmed,2026-02-01T19:00:00,dispatch_tms
EVT00030_in_transit,SHP00030,in_transit,2026-02-02T20:00:00,dispatch_tms
EVT00030_delivered,SHP00030,delivered,2026-02-04T22:00:00,carrier_portal
EVT00031_booked,SHP00031,booked,2026-02-07T21:00:00,dispatch_tms
EVT00031_pickup_confirmed,SHP00031,pickup_confirmed,2026-02-08T22:00:00,dispatch_tms
EVT00031_in_transit,SHP00031,in_transit,2026-02-09T23:00:00,dispatch_tms
EVT00031_delivered,SHP00031,delivered,2026-02-12T02:00:00,carrier_portal
EVT00032_booked,SHP00032,booked,2026-02-14T00:00:00,dispatch_tms
EVT00032_pickup_confirmed,SHP00032,pickup_confirmed,2026-02-15T01:00:00,dispatch_tms
EVT00032_in_transit,SHP00032,in_transit,2026-02-16T02:00:00,dispatch_tms
EVT00032_delivered,SHP00032,delivered,2026-02-16T02:00:00,carrier_portal
EVT00033_booked,SHP00033,booked,2026-02-21T03:00:00,dispatch_tms
EVT00033_pickup_confirmed,SHP00033,pickup_confirmed,2026-02-22T04:00:00,dispatch_tms
EVT00033_in_transit,SHP00033,in_transit,2026-02-23T05:00:00,dispatch_tms
EVT00033_delivered,SHP00033,delivered,2026-02-24T06:00:00,carrier_portal
EVT00034_booked,SHP00034,booked,2026-02-28T06:00:00,dispatch_tms
EVT00034_pickup_confirmed,SHP00034,pickup_confirmed,2026-03-01T07:00:00,dispatch_tms
EVT00034_in_transit,SHP00034,in_transit,2026-03-02T08:00:00,dispatch_tms
EVT00034_delivered,SHP00034,delivered,2026-03-04T10:00:00,carrier_portal
EVT00035_booked,SHP00035,booked,2026-03-07T09:00:00,dispatch_tms
EVT00035_pickup_confirmed,SHP00035,pickup_confirmed,2026-03-08T10:00:00,dispatch_tms
EVT00035_in_transit,SHP00035,in_transit,2026-03-09T11:00:00,dispatch_tms
EVT00035_delivered,SHP00035,delivered,2026-03-12T14:00:00,carrier_portal
EVT00036_booked,SHP00036,booked,2026-03-14T12:00:00,dispatch_tms
EVT00036_pickup_confirmed,SHP00036,pickup_confirmed,2026-03-15T13:00:00,dispatch_tms
EVT00036_in_transit,SHP00036,in_transit,2026-03-16T14:00:00,dispatch_tms
EVT00036_delivered,SHP00036,delivered,2026-03-16T14:00:00,carrier_portal
EVT00037_booked,SHP00037,booked,2026-03-21T15:00:00,dispatch_tms
EVT00037_pickup_confirmed,SHP00037,pickup_confirmed,2026-03-22T16:00:00,dispatch_tms
EVT00037_in_transit,SHP00037,in_transit,2026-03-23T17:00:00,dispatch_tms
EVT00037_delivered,SHP00037,delivered,2026-03-24T18:00:00,carrier_portal
EVT00038_booked,SHP00038,booked,2026-03-28T18:00:00,dispatch_tms
EVT00038_pickup_confirmed,SHP00038,pickup_confirmed,2026-03-29T19:00:00,dispatch_tms
EVT00038_in_transit,SHP00038,in_transit,2026-03-30T20:00:00,dispatch_tms
EVT00038_delivered,SHP00038,delivered,2026-04-01T22:00:00,carrier_portal
EVT00039_booked,SHP00039,booked,2026-04-04T21:00:00,dispatch_tms
EVT00039_pickup_confirmed,SHP00039,pickup_confirmed,2026-04-05T22:00:00,dispatch_tms
EVT00039_in_transit,SHP00039,in_transit,2026-04-06T23:00:00,dispatch_tms
EVT00039_delivered,SHP00039,delivered,2026-04-09T02:00:00,carrier_portal
EVT00040_booked,SHP00040,booked,2026-04-11T00:00:00,dispatch_tms
EVT00040_pickup_confirmed,SHP00040,pickup_confirmed,2026-04-12T01:00:00,dispatch_tms
EVT00040_in_transit,SHP00040,in_transit,2026-04-13T02:00:00,dispatch_tms
EVT00040_delivered,SHP00040,delivered,2026-04-13T02:00:00,carrier_portal
EVT00041_booked,SHP00041,booked,2026-04-18T03:00:00,dispatch_tms
EVT00041_pickup_confirmed,SHP00041,pickup_confirmed,2026-04-19T04:00:00,dispatch_tms
EVT00041_in_transit,SHP00041,in_transit,2026-04-20T05:00:00,dispatch_tms
EVT00041_delivered,SHP00041,delivered,2026-04-21T06:00:00,carrier_portal
EVT00042_booked,SHP00042,booked,2026-04-25T06:00:00,dispatch_tms
EVT00042_pickup_confirmed,SHP00042,pickup_confirmed,2026-04-26T07:00:00,dispatch_tms
EVT00042_in_transit,SHP00042,in_transit,2026-04-27T08:00:00,dispatch_tms
EVT00042_delivered,SHP00042,delivered,2026-04-29T10:00:00,carrier_portal
EVT00043_booked,SHP00043,booked,2026-05-02T09:00:00,dispatch_tms
EVT00043_pickup_confirmed,SHP00043,pickup_confirmed,2026-05-03T10:00:00,dispatch_tms
EVT00043_in_transit,SHP00043,in_transit,2026-05-04T11:00:00,dispatch_tms
EVT00043_delivered,SHP00043,delivered,2026-05-07T14:00:00,carrier_portal
EVT00044_booked,SHP00044,booked,2026-05-09T12:00:00,dispatch_tms
EVT00044_pickup_confirmed,SHP00044,pickup_confirmed,2026-05-10T13:00:00,dispatch_tms
EVT00044_in_transit,SHP00044,in_transit,2026-05-11T14:00:00,dispatch_tms
EVT00044_delivered,SHP00044,delivered,2026-05-11T14:00:00,carrier_portal
EVT00045_booked,SHP00045,booked,2026-05-16T15:00:00,dispatch_tms
EVT00045_pickup_confirmed,SHP00045,pickup_confirmed,2026-05-17T16:00:00,dispatch_tms
EVT00045_in_transit,SHP00045,in_transit,2026-05-18T17:00:00,dispatch_tms
EVT00045_delivered,SHP00045,delivered,2026-05-19T18:00:00,carrier_portal
EVT00046_booked,SHP00046,booked,2026-05-23T18:00:00,dispatch_tms
EVT00046_pickup_confirmed,SHP00046,pickup_confirmed,2026-05-24T19:00:00,dispatch_tms
EVT00046_in_transit,SHP00046,in_transit,2026-05-25T20:00:00,dispatch_tms
EVT00046_delivered,SHP00046,delivered,2026-05-27T22:00:00,carrier_portal
EVT00047_booked,SHP00047,booked,2026-05-30T21:00:00,dispatch_tms
EVT00047_pickup_confirmed,SHP00047,pickup_confirmed,2026-05-31T22:00:00,dispatch_tms
EVT00047_in_transit,SHP00047,in_transit,2026-06-01T23:00:00,dispatch_tms
EVT00047_delivered,SHP00047,delivered,2026-06-04T02:00:00,carrier_portal
EVT00048_booked,SHP00048,booked,2026-06-06T00:00:00,dispatch_tms
EVT00048_pickup_confirmed,SHP00048,pickup_confirmed,2026-06-07T01:00:00,dispatch_tms
EVT00048_in_transit,SHP00048,in_transit,2026-06-08T02:00:00,dispatch_tms
EVT00048_delivered,SHP00048,delivered,2026-06-08T02:00:00,carrier_portal
EVT00049_booked,SHP00049,booked,2026-06-13T03:00:00,dispatch_tms
EVT00049_pickup_confirmed,SHP00049,pickup_confirmed,2026-06-14T04:00:00,dispatch_tms
EVT00049_in_transit,SHP00049,in_transit,2026-06-15T05:00:00,dispatch_tms
EVT00049_delivered,SHP00049,delivered,2026-06-16T06:00:00,carrier_portal
EVT00050_booked,SHP00050,booked,2026-06-20T06:00:00,dispatch_tms
EVT00050_pickup_confirmed,SHP00050,pickup_confirmed,2026-06-21T07:00:00,dispatch_tms
EVT00050_in_transit,SHP00050,in_transit,2026-06-22T08:00:00,dispatch_tms
EVT00050_delivered,SHP00050,delivered,2026-06-24T10:00:00,carrier_portal
EVT00051_booked,SHP00051,booked,2026-06-27T09:00:00,dispatch_tms
EVT00051_pickup_confirmed,SHP00051,pickup_confirmed,2026-06-28T10:00:00,dispatch_tms
EVT00051_in_transit,SHP00051,in_transit,2026-06-29T11:00:00,dispatch_tms
EVT00051_delivered,SHP00051,delivered,2026-07-02T14:00:00,carrier_portal
EVT00052_booked,SHP00052,booked,2026-01-05T12:00:00,dispatch_tms
EVT00052_pickup_confirmed,SHP00052,pickup_confirmed,2026-01-06T13:00:00,dispatch_tms
EVT00052_in_transit,SHP00052,in_transit,2026-01-07T14:00:00,dispatch_tms
EVT00052_delivered,SHP00052,delivered,2026-01-07T14:00:00,carrier_portal
EVT00053_booked,SHP00053,booked,2026-01-12T15:00:00,dispatch_tms
EVT00053_pickup_confirmed,SHP00053,pickup_confirmed,2026-01-13T16:00:00,dispatch_tms
EVT00053_in_transit,SHP00053,in_transit,2026-01-14T17:00:00,dispatch_tms
EVT00053_delivered,SHP00053,delivered,2026-01-15T18:00:00,carrier_portal
EVT00054_booked,SHP00054,booked,2026-01-19T18:00:00,dispatch_tms
EVT00054_pickup_confirmed,SHP00054,pickup_confirmed,2026-01-20T19:00:00,dispatch_tms
EVT00054_in_transit,SHP00054,in_transit,2026-01-21T20:00:00,dispatch_tms
EVT00054_delivered,SHP00054,delivered,2026-01-23T22:00:00,carrier_portal
EVT00055_booked,SHP00055,booked,2026-01-26T21:00:00,dispatch_tms
EVT00055_pickup_confirmed,SHP00055,pickup_confirmed,2026-01-27T22:00:00,dispatch_tms
EVT00055_in_transit,SHP00055,in_transit,2026-01-28T23:00:00,dispatch_tms
EVT00055_delivered,SHP00055,delivered,2026-01-31T02:00:00,carrier_portal
EVT00056_booked,SHP00056,booked,2026-02-02T00:00:00,dispatch_tms
EVT00056_pickup_confirmed,SHP00056,pickup_confirmed,2026-02-03T01:00:00,dispatch_tms
EVT00056_in_transit,SHP00056,in_transit,2026-02-04T02:00:00,dispatch_tms
EVT00056_delivered,SHP00056,delivered,2026-02-04T02:00:00,carrier_portal
EVT00057_booked,SHP00057,booked,2026-02-09T03:00:00,dispatch_tms
EVT00057_pickup_confirmed,SHP00057,pickup_confirmed,2026-02-10T04:00:00,dispatch_tms
EVT00057_in_transit,SHP00057,in_transit,2026-02-11T05:00:00,dispatch_tms
EVT00057_delivered,SHP00057,delivered,2026-02-12T06:00:00,carrier_portal
EVT00058_booked,SHP00058,booked,2026-02-16T06:00:00,dispatch_tms
EVT00058_pickup_confirmed,SHP00058,pickup_confirmed,2026-02-17T07:00:00,dispatch_tms
EVT00058_in_transit,SHP00058,in_transit,2026-02-18T08:00:00,dispatch_tms
EVT00058_delivered,SHP00058,delivered,2026-02-20T10:00:00,carrier_portal
EVT00059_booked,SHP00059,booked,2026-02-23T09:00:00,dispatch_tms
EVT00059_pickup_confirmed,SHP00059,pickup_confirmed,2026-02-24T10:00:00,dispatch_tms
EVT00059_in_transit,SHP00059,in_transit,2026-02-25T11:00:00,dispatch_tms
EVT00059_delivered,SHP00059,delivered,2026-02-28T14:00:00,carrier_portal
EVT00060_booked,SHP00060,booked,2026-03-02T12:00:00,dispatch_tms
EVT00060_pickup_confirmed,SHP00060,pickup_confirmed,2026-03-03T13:00:00,dispatch_tms
EVT00060_in_transit,SHP00060,in_transit,2026-03-04T14:00:00,dispatch_tms
EVT00060_delivered,SHP00060,delivered,2026-03-04T14:00:00,carrier_portal
EVT00061_booked,SHP00061,booked,2026-03-09T15:00:00,dispatch_tms
EVT00061_pickup_confirmed,SHP00061,pickup_confirmed,2026-03-10T16:00:00,dispatch_tms
EVT00061_in_transit,SHP00061,in_transit,2026-03-11T17:00:00,dispatch_tms
EVT00061_delivered,SHP00061,delivered,2026-03-12T18:00:00,carrier_portal
EVT00062_booked,SHP00062,booked,2026-03-16T18:00:00,dispatch_tms
EVT00062_pickup_confirmed,SHP00062,pickup_confirmed,2026-03-17T19:00:00,dispatch_tms
EVT00062_in_transit,SHP00062,in_transit,2026-03-18T20:00:00,dispatch_tms
EVT00062_delivered,SHP00062,delivered,2026-03-21T23:00:00,carrier_portal
EVT00063_booked,SHP00063,booked,2026-03-23T21:00:00,dispatch_tms
EVT00063_pickup_confirmed,SHP00063,pickup_confirmed,2026-03-24T22:00:00,dispatch_tms
EVT00063_in_transit,SHP00063,in_transit,2026-03-25T23:00:00,dispatch_tms
EVT00063_delivered,SHP00063,delivered,2026-03-28T02:00:00,carrier_portal
EVT00064_booked,SHP00064,booked,2026-03-30T00:00:00,dispatch_tms
EVT00064_pickup_confirmed,SHP00064,pickup_confirmed,2026-03-31T01:00:00,dispatch_tms
EVT00064_in_transit,SHP00064,in_transit,2026-04-01T02:00:00,dispatch_tms
EVT00064_delivered,SHP00064,delivered,2026-04-01T02:00:00,carrier_portal
EVT00065_booked,SHP00065,booked,2026-04-06T03:00:00,dispatch_tms
EVT00065_pickup_confirmed,SHP00065,pickup_confirmed,2026-04-07T04:00:00,dispatch_tms
EVT00065_in_transit,SHP00065,in_transit,2026-04-08T05:00:00,dispatch_tms
EVT00065_delivered,SHP00065,delivered,2026-04-09T06:00:00,carrier_portal
EVT00066_booked,SHP00066,booked,2026-04-13T06:00:00,dispatch_tms
EVT00066_pickup_confirmed,SHP00066,pickup_confirmed,2026-04-14T07:00:00,dispatch_tms
EVT00066_in_transit,SHP00066,in_transit,2026-04-15T08:00:00,dispatch_tms
EVT00066_delivered,SHP00066,delivered,2026-04-17T10:00:00,carrier_portal
EVT00067_booked,SHP00067,booked,2026-04-20T09:00:00,dispatch_tms
EVT00067_pickup_confirmed,SHP00067,pickup_confirmed,2026-04-21T10:00:00,dispatch_tms
EVT00067_in_transit,SHP00067,in_transit,2026-04-22T11:00:00,dispatch_tms
EVT00067_delivered,SHP00067,delivered,2026-04-25T14:00:00,carrier_portal
EVT00068_booked,SHP00068,booked,2026-04-27T12:00:00,dispatch_tms
EVT00068_pickup_confirmed,SHP00068,pickup_confirmed,2026-04-28T13:00:00,dispatch_tms
EVT00068_in_transit,SHP00068,in_transit,2026-04-29T14:00:00,dispatch_tms
EVT00068_delivered,SHP00068,delivered,2026-04-29T14:00:00,carrier_portal
EVT00069_booked,SHP00069,booked,2026-05-04T15:00:00,dispatch_tms
EVT00069_pickup_confirmed,SHP00069,pickup_confirmed,2026-05-05T16:00:00,dispatch_tms
EVT00069_in_transit,SHP00069,in_transit,2026-05-06T17:00:00,dispatch_tms
EVT00069_delivered,SHP00069,delivered,2026-05-07T18:00:00,carrier_portal
EVT00070_booked,SHP00070,booked,2026-05-11T18:00:00,dispatch_tms
EVT00070_pickup_confirmed,SHP00070,pickup_confirmed,2026-05-12T19:00:00,dispatch_tms
EVT00070_in_transit,SHP00070,in_transit,2026-05-13T20:00:00,dispatch_tms
EVT00070_delivered,SHP00070,delivered,2026-05-15T22:00:00,carrier_portal
EVT00071_booked,SHP00071,booked,2026-05-18T21:00:00,dispatch_tms
EVT00071_pickup_confirmed,SHP00071,pickup_confirmed,2026-05-19T22:00:00,dispatch_tms
EVT00071_in_transit,SHP00071,in_transit,2026-05-20T23:00:00,dispatch_tms
EVT00071_delivered,SHP00071,delivered,2026-05-23T02:00:00,carrier_portal
EVT00072_booked,SHP00072,booked,2026-05-25T00:00:00,dispatch_tms
EVT00072_pickup_confirmed,SHP00072,pickup_confirmed,2026-05-26T01:00:00,dispatch_tms
EVT00072_in_transit,SHP00072,in_transit,2026-05-27T02:00:00,dispatch_tms
EVT00072_delivered,SHP00072,delivered,2026-05-28T03:00:00,carrier_portal
EVT00073_booked,SHP00073,booked,2026-06-01T03:00:00,dispatch_tms
EVT00073_pickup_confirmed,SHP00073,pickup_confirmed,2026-06-02T04:00:00,dispatch_tms
EVT00073_in_transit,SHP00073,in_transit,2026-06-03T05:00:00,dispatch_tms
EVT00073_delivered,SHP00073,delivered,2026-06-04T06:00:00,carrier_portal
EVT00074_booked,SHP00074,booked,2026-06-08T06:00:00,dispatch_tms
EVT00074_pickup_confirmed,SHP00074,pickup_confirmed,2026-06-09T07:00:00,dispatch_tms
EVT00074_in_transit,SHP00074,in_transit,2026-06-10T08:00:00,dispatch_tms
EVT00074_delivered,SHP00074,delivered,2026-06-12T10:00:00,carrier_portal
EVT00075_booked,SHP00075,booked,2026-06-15T09:00:00,dispatch_tms
EVT00075_pickup_confirmed,SHP00075,pickup_confirmed,2026-06-16T10:00:00,dispatch_tms
EVT00075_in_transit,SHP00075,in_transit,2026-06-17T11:00:00,dispatch_tms
EVT00075_delivered,SHP00075,delivered,2026-06-20T14:00:00,carrier_portal
EVT00076_booked,SHP00076,booked,2026-06-22T12:00:00,dispatch_tms
EVT00076_pickup_confirmed,SHP00076,pickup_confirmed,2026-06-23T13:00:00,dispatch_tms
EVT00076_in_transit,SHP00076,in_transit,2026-06-24T14:00:00,dispatch_tms
EVT00076_delivered,SHP00076,delivered,2026-06-24T14:00:00,carrier_portal
EVT00077_booked,SHP00077,booked,2026-06-29T15:00:00,dispatch_tms
EVT00077_pickup_confirmed,SHP00077,pickup_confirmed,2026-06-30T16:00:00,dispatch_tms
EVT00077_in_transit,SHP00077,in_transit,2026-07-01T17:00:00,dispatch_tms
EVT00077_delivered,SHP00077,delivered,2026-07-02T18:00:00,carrier_portal
EVT00078_booked,SHP00078,booked,2026-01-07T18:00:00,dispatch_tms
EVT00078_pickup_confirmed,SHP00078,pickup_confirmed,2026-01-08T19:00:00,dispatch_tms
EVT00078_in_transit,SHP00078,in_transit,2026-01-09T20:00:00,dispatch_tms
EVT00078_delivered,SHP00078,delivered,2026-01-11T22:00:00,carrier_portal
EVT00079_booked,SHP00079,booked,2026-01-14T21:00:00,dispatch_tms
EVT00079_pickup_confirmed,SHP00079,pickup_confirmed,2026-01-15T22:00:00,dispatch_tms
EVT00079_in_transit,SHP00079,in_transit,2026-01-16T23:00:00,dispatch_tms
EVT00079_delivered,SHP00079,delivered,2026-01-19T02:00:00,carrier_portal
EVT00080_booked,SHP00080,booked,2026-01-21T00:00:00,dispatch_tms
EVT00080_pickup_confirmed,SHP00080,pickup_confirmed,2026-01-22T01:00:00,dispatch_tms
EVT00080_in_transit,SHP00080,in_transit,2026-01-23T02:00:00,dispatch_tms
EVT00080_delivered,SHP00080,delivered,2026-01-24T03:00:00,carrier_portal
EVT00081_booked,SHP00081,booked,2026-01-28T03:00:00,dispatch_tms
EVT00081_pickup_confirmed,SHP00081,pickup_confirmed,2026-01-29T04:00:00,dispatch_tms
EVT00081_in_transit,SHP00081,in_transit,2026-01-30T05:00:00,dispatch_tms
EVT00081_delivered,SHP00081,delivered,2026-01-31T06:00:00,carrier_portal
EVT00082_booked,SHP00082,booked,2026-02-04T06:00:00,dispatch_tms
EVT00082_pickup_confirmed,SHP00082,pickup_confirmed,2026-02-05T07:00:00,dispatch_tms
EVT00082_in_transit,SHP00082,in_transit,2026-02-06T08:00:00,dispatch_tms
EVT00082_delivered,SHP00082,delivered,2026-02-08T10:00:00,carrier_portal
EVT00083_booked,SHP00083,booked,2026-02-11T09:00:00,dispatch_tms
EVT00083_pickup_confirmed,SHP00083,pickup_confirmed,2026-02-12T10:00:00,dispatch_tms
EVT00083_in_transit,SHP00083,in_transit,2026-02-13T11:00:00,dispatch_tms
EVT00083_delivered,SHP00083,delivered,2026-02-16T14:00:00,carrier_portal
EVT00084_booked,SHP00084,booked,2026-02-18T12:00:00,dispatch_tms
EVT00084_pickup_confirmed,SHP00084,pickup_confirmed,2026-02-19T13:00:00,dispatch_tms
EVT00084_in_transit,SHP00084,in_transit,2026-02-20T14:00:00,dispatch_tms
EVT00084_delivered,SHP00084,delivered,2026-02-20T14:00:00,carrier_portal
EVT00085_booked,SHP00085,booked,2026-02-25T15:00:00,dispatch_tms
EVT00085_pickup_confirmed,SHP00085,pickup_confirmed,2026-02-26T16:00:00,dispatch_tms
EVT00085_in_transit,SHP00085,in_transit,2026-02-27T17:00:00,dispatch_tms
EVT00085_delivered,SHP00085,delivered,2026-02-28T18:00:00,carrier_portal
EVT00086_booked,SHP00086,booked,2026-03-04T18:00:00,dispatch_tms
EVT00086_pickup_confirmed,SHP00086,pickup_confirmed,2026-03-05T19:00:00,dispatch_tms
EVT00086_in_transit,SHP00086,in_transit,2026-03-06T20:00:00,dispatch_tms
EVT00086_delivered,SHP00086,delivered,2026-03-08T22:00:00,carrier_portal
EVT00087_booked,SHP00087,booked,2026-03-11T21:00:00,dispatch_tms
EVT00087_pickup_confirmed,SHP00087,pickup_confirmed,2026-03-12T22:00:00,dispatch_tms
EVT00087_in_transit,SHP00087,in_transit,2026-03-13T23:00:00,dispatch_tms
EVT00087_delivered,SHP00087,delivered,2026-03-17T03:00:00,carrier_portal
EVT00088_booked,SHP00088,booked,2026-03-18T00:00:00,dispatch_tms
EVT00088_pickup_confirmed,SHP00088,pickup_confirmed,2026-03-19T01:00:00,dispatch_tms
EVT00088_in_transit,SHP00088,in_transit,2026-03-20T02:00:00,dispatch_tms
EVT00088_delivered,SHP00088,delivered,2026-03-20T02:00:00,carrier_portal
EVT00089_booked,SHP00089,booked,2026-03-25T03:00:00,dispatch_tms
EVT00089_pickup_confirmed,SHP00089,pickup_confirmed,2026-03-26T04:00:00,dispatch_tms
EVT00089_in_transit,SHP00089,in_transit,2026-03-27T05:00:00,dispatch_tms
EVT00089_delivered,SHP00089,delivered,2026-03-28T06:00:00,carrier_portal
EVT00090_booked,SHP00090,booked,2026-04-01T06:00:00,dispatch_tms
EVT00090_pickup_confirmed,SHP00090,pickup_confirmed,2026-04-02T07:00:00,dispatch_tms
EVT00090_in_transit,SHP00090,in_transit,2026-04-03T08:00:00,dispatch_tms
EVT00090_delivered,SHP00090,delivered,2026-04-05T10:00:00,carrier_portal
EVT00091_booked,SHP00091,booked,2026-04-08T09:00:00,dispatch_tms
EVT00091_pickup_confirmed,SHP00091,pickup_confirmed,2026-04-09T10:00:00,dispatch_tms
EVT00091_in_transit,SHP00091,in_transit,2026-04-10T11:00:00,dispatch_tms
EVT00091_delivered,SHP00091,delivered,2026-04-13T14:00:00,carrier_portal
EVT00092_booked,SHP00092,booked,2026-04-15T12:00:00,dispatch_tms
EVT00092_pickup_confirmed,SHP00092,pickup_confirmed,2026-04-16T13:00:00,dispatch_tms
EVT00092_in_transit,SHP00092,in_transit,2026-04-17T14:00:00,dispatch_tms
EVT00092_delivered,SHP00092,delivered,2026-04-17T14:00:00,carrier_portal
EVT00093_booked,SHP00093,booked,2026-04-22T15:00:00,dispatch_tms
EVT00093_pickup_confirmed,SHP00093,pickup_confirmed,2026-04-23T16:00:00,dispatch_tms
EVT00093_in_transit,SHP00093,in_transit,2026-04-24T17:00:00,dispatch_tms
EVT00093_delivered,SHP00093,delivered,2026-04-25T18:00:00,carrier_portal
EVT00094_booked,SHP00094,booked,2026-04-29T18:00:00,dispatch_tms
EVT00094_pickup_confirmed,SHP00094,pickup_confirmed,2026-04-30T19:00:00,dispatch_tms
EVT00094_in_transit,SHP00094,in_transit,2026-05-01T20:00:00,dispatch_tms
EVT00094_delivered,SHP00094,delivered,2026-05-03T22:00:00,carrier_portal
EVT00095_booked,SHP00095,booked,2026-05-06T21:00:00,dispatch_tms
EVT00095_pickup_confirmed,SHP00095,pickup_confirmed,2026-05-07T22:00:00,dispatch_tms
EVT00095_in_transit,SHP00095,in_transit,2026-05-08T23:00:00,dispatch_tms
EVT00095_delivered,SHP00095,delivered,2026-05-11T02:00:00,carrier_portal
EVT00096_booked,SHP00096,booked,2026-05-13T00:00:00,dispatch_tms
EVT00096_pickup_confirmed,SHP00096,pickup_confirmed,2026-05-14T01:00:00,dispatch_tms
EVT00096_in_transit,SHP00096,in_transit,2026-05-15T02:00:00,dispatch_tms
EVT00096_delivered,SHP00096,delivered,2026-05-15T02:00:00,carrier_portal
EVT00097_booked,SHP00097,booked,2026-05-20T03:00:00,dispatch_tms
EVT00097_pickup_confirmed,SHP00097,pickup_confirmed,2026-05-21T04:00:00,dispatch_tms
EVT00097_in_transit,SHP00097,in_transit,2026-05-22T05:00:00,dispatch_tms
EVT00097_delivered,SHP00097,delivered,2026-05-23T06:00:00,carrier_portal
EVT00098_booked,SHP00098,booked,2026-05-27T06:00:00,dispatch_tms
EVT00098_pickup_confirmed,SHP00098,pickup_confirmed,2026-05-28T07:00:00,dispatch_tms
EVT00098_in_transit,SHP00098,in_transit,2026-05-29T08:00:00,dispatch_tms
EVT00098_delivered,SHP00098,delivered,2026-05-31T10:00:00,carrier_portal
EVT00099_booked,SHP00099,booked,2026-06-03T09:00:00,dispatch_tms
EVT00099_pickup_confirmed,SHP00099,pickup_confirmed,2026-06-04T10:00:00,dispatch_tms
EVT00099_in_transit,SHP00099,in_transit,2026-06-05T11:00:00,dispatch_tms
EVT00099_delivered,SHP00099,delivered,2026-06-08T14:00:00,carrier_portal
EVT00100_booked,SHP00100,booked,2026-06-10T12:00:00,dispatch_tms
EVT00100_pickup_confirmed,SHP00100,pickup_confirmed,2026-06-11T13:00:00,dispatch_tms
EVT00100_in_transit,SHP00100,in_transit,2026-06-12T14:00:00,dispatch_tms
EVT00100_delivered,SHP00100,delivered,2026-06-12T14:00:00,carrier_portal
EVT00101_booked,SHP00101,booked,2026-06-17T15:00:00,dispatch_tms
EVT00101_pickup_confirmed,SHP00101,pickup_confirmed,2026-06-18T16:00:00,dispatch_tms
EVT00101_in_transit,SHP00101,in_transit,2026-06-19T17:00:00,dispatch_tms
EVT00101_delivered,SHP00101,delivered,2026-06-20T18:00:00,carrier_portal
EVT00102_booked,SHP00102,booked,2026-06-24T18:00:00,dispatch_tms
EVT00102_pickup_confirmed,SHP00102,pickup_confirmed,2026-06-25T19:00:00,dispatch_tms
EVT00102_in_transit,SHP00102,in_transit,2026-06-26T20:00:00,dispatch_tms
EVT00102_delivered,SHP00102,delivered,2026-06-28T22:00:00,carrier_portal
EVT00103_booked,SHP00103,booked,2026-01-02T21:00:00,dispatch_tms
EVT00103_pickup_confirmed,SHP00103,pickup_confirmed,2026-01-03T22:00:00,dispatch_tms
EVT00103_in_transit,SHP00103,in_transit,2026-01-04T23:00:00,dispatch_tms
EVT00103_delivered,SHP00103,delivered,2026-01-07T02:00:00,carrier_portal
EVT00104_booked,SHP00104,booked,2026-01-09T00:00:00,dispatch_tms
EVT00104_pickup_confirmed,SHP00104,pickup_confirmed,2026-01-10T01:00:00,dispatch_tms
EVT00104_in_transit,SHP00104,in_transit,2026-01-11T02:00:00,dispatch_tms
EVT00104_delivered,SHP00104,delivered,2026-01-11T02:00:00,carrier_portal
EVT00105_booked,SHP00105,booked,2026-01-16T03:00:00,dispatch_tms
EVT00105_pickup_confirmed,SHP00105,pickup_confirmed,2026-01-17T04:00:00,dispatch_tms
EVT00105_in_transit,SHP00105,in_transit,2026-01-18T05:00:00,dispatch_tms
EVT00105_delivered,SHP00105,delivered,2026-01-19T06:00:00,carrier_portal
EVT00106_booked,SHP00106,booked,2026-01-23T06:00:00,dispatch_tms
EVT00106_pickup_confirmed,SHP00106,pickup_confirmed,2026-01-24T07:00:00,dispatch_tms
EVT00106_in_transit,SHP00106,in_transit,2026-01-25T08:00:00,dispatch_tms
EVT00106_delivered,SHP00106,delivered,2026-01-27T10:00:00,carrier_portal
EVT00107_booked,SHP00107,booked,2026-01-30T09:00:00,dispatch_tms
EVT00107_pickup_confirmed,SHP00107,pickup_confirmed,2026-01-31T10:00:00,dispatch_tms
EVT00107_in_transit,SHP00107,in_transit,2026-02-01T11:00:00,dispatch_tms
EVT00107_delivered,SHP00107,delivered,2026-02-04T14:00:00,carrier_portal
EVT00108_booked,SHP00108,booked,2026-02-06T12:00:00,dispatch_tms
EVT00108_pickup_confirmed,SHP00108,pickup_confirmed,2026-02-07T13:00:00,dispatch_tms
EVT00108_in_transit,SHP00108,in_transit,2026-02-08T14:00:00,dispatch_tms
EVT00108_delivered,SHP00108,delivered,2026-02-08T14:00:00,carrier_portal
EVT00109_booked,SHP00109,booked,2026-02-13T15:00:00,dispatch_tms
EVT00109_pickup_confirmed,SHP00109,pickup_confirmed,2026-02-14T16:00:00,dispatch_tms
EVT00109_in_transit,SHP00109,in_transit,2026-02-15T17:00:00,dispatch_tms
EVT00109_delivered,SHP00109,delivered,2026-02-16T18:00:00,carrier_portal
EVT00110_booked,SHP00110,booked,2026-02-20T18:00:00,dispatch_tms
EVT00110_pickup_confirmed,SHP00110,pickup_confirmed,2026-02-21T19:00:00,dispatch_tms
EVT00110_in_transit,SHP00110,in_transit,2026-02-22T20:00:00,dispatch_tms
EVT00110_delivered,SHP00110,delivered,2026-02-24T22:00:00,carrier_portal
EVT00111_booked,SHP00111,booked,2026-02-27T21:00:00,dispatch_tms
EVT00111_pickup_confirmed,SHP00111,pickup_confirmed,2026-02-28T22:00:00,dispatch_tms
EVT00111_in_transit,SHP00111,in_transit,2026-03-01T23:00:00,dispatch_tms
EVT00111_delivered,SHP00111,delivered,2026-03-04T02:00:00,carrier_portal
EVT00112_booked,SHP00112,booked,2026-03-06T00:00:00,dispatch_tms
EVT00112_pickup_confirmed,SHP00112,pickup_confirmed,2026-03-07T01:00:00,dispatch_tms
EVT00112_in_transit,SHP00112,in_transit,2026-03-08T02:00:00,dispatch_tms
EVT00112_delivered,SHP00112,delivered,2026-03-08T02:00:00,carrier_portal
EVT00113_booked,SHP00113,booked,2026-03-13T03:00:00,dispatch_tms
EVT00113_pickup_confirmed,SHP00113,pickup_confirmed,2026-03-14T04:00:00,dispatch_tms
EVT00113_in_transit,SHP00113,in_transit,2026-03-15T05:00:00,dispatch_tms
EVT00113_delivered,SHP00113,delivered,2026-03-16T06:00:00,carrier_portal
EVT00114_booked,SHP00114,booked,2026-03-20T06:00:00,dispatch_tms
EVT00114_pickup_confirmed,SHP00114,pickup_confirmed,2026-03-21T07:00:00,dispatch_tms
EVT00114_in_transit,SHP00114,in_transit,2026-03-22T08:00:00,dispatch_tms
EVT00114_delivered,SHP00114,delivered,2026-03-24T10:00:00,carrier_portal
EVT00115_booked,SHP00115,booked,2026-03-27T09:00:00,dispatch_tms
EVT00115_pickup_confirmed,SHP00115,pickup_confirmed,2026-03-28T10:00:00,dispatch_tms
EVT00115_in_transit,SHP00115,in_transit,2026-03-29T11:00:00,dispatch_tms
EVT00115_delivered,SHP00115,delivered,2026-04-01T14:00:00,carrier_portal
EVT00116_booked,SHP00116,booked,2026-04-03T12:00:00,dispatch_tms
EVT00116_pickup_confirmed,SHP00116,pickup_confirmed,2026-04-04T13:00:00,dispatch_tms
EVT00116_in_transit,SHP00116,in_transit,2026-04-05T14:00:00,dispatch_tms
EVT00116_delivered,SHP00116,delivered,2026-04-05T14:00:00,carrier_portal
EVT00117_booked,SHP00117,booked,2026-04-10T15:00:00,dispatch_tms
EVT00117_pickup_confirmed,SHP00117,pickup_confirmed,2026-04-11T16:00:00,dispatch_tms
EVT00117_in_transit,SHP00117,in_transit,2026-04-12T17:00:00,dispatch_tms
EVT00117_delivered,SHP00117,delivered,2026-04-13T18:00:00,carrier_portal
EVT00118_booked,SHP00118,booked,2026-04-17T18:00:00,dispatch_tms
EVT00118_pickup_confirmed,SHP00118,pickup_confirmed,2026-04-18T19:00:00,dispatch_tms
EVT00118_in_transit,SHP00118,in_transit,2026-04-19T20:00:00,dispatch_tms
EVT00118_delivered,SHP00118,delivered,2026-04-21T22:00:00,carrier_portal
EVT00119_booked,SHP00119,booked,2026-04-24T21:00:00,dispatch_tms
EVT00119_pickup_confirmed,SHP00119,pickup_confirmed,2026-04-25T22:00:00,dispatch_tms
EVT00119_in_transit,SHP00119,in_transit,2026-04-26T23:00:00,dispatch_tms
EVT00119_delivered,SHP00119,delivered,2026-04-29T02:00:00,carrier_portal
EVT00120_booked,SHP00120,booked,2026-05-01T00:00:00,dispatch_tms
EVT00120_pickup_confirmed,SHP00120,pickup_confirmed,2026-05-02T01:00:00,dispatch_tms
EVT00120_in_transit,SHP00120,in_transit,2026-05-03T02:00:00,dispatch_tms
EVT00120_delivered,SHP00120,delivered,2026-05-03T02:00:00,carrier_portal
EVT00121_booked,SHP00121,booked,2026-05-08T03:00:00,dispatch_tms
EVT00121_pickup_confirmed,SHP00121,pickup_confirmed,2026-05-09T04:00:00,dispatch_tms
EVT00121_in_transit,SHP00121,in_transit,2026-05-10T05:00:00,dispatch_tms
EVT00121_delivered,SHP00121,delivered,2026-05-11T06:00:00,carrier_portal
EVT00122_booked,SHP00122,booked,2026-05-15T06:00:00,dispatch_tms
EVT00122_pickup_confirmed,SHP00122,pickup_confirmed,2026-05-16T07:00:00,dispatch_tms
EVT00122_in_transit,SHP00122,in_transit,2026-05-17T08:00:00,dispatch_tms
EVT00122_delivered,SHP00122,delivered,2026-05-19T10:00:00,carrier_portal
EVT00123_booked,SHP00123,booked,2026-05-22T09:00:00,dispatch_tms
EVT00123_pickup_confirmed,SHP00123,pickup_confirmed,2026-05-23T10:00:00,dispatch_tms
EVT00123_in_transit,SHP00123,in_transit,2026-05-24T11:00:00,dispatch_tms
EVT00123_delivered,SHP00123,delivered,2026-05-27T14:00:00,carrier_portal
EVT00124_booked,SHP00124,booked,2026-05-29T12:00:00,dispatch_tms
EVT00124_pickup_confirmed,SHP00124,pickup_confirmed,2026-05-30T13:00:00,dispatch_tms
EVT00124_in_transit,SHP00124,in_transit,2026-05-31T14:00:00,dispatch_tms
EVT00124_delivered,SHP00124,delivered,2026-06-01T15:00:00,carrier_portal
EVT00125_booked,SHP00125,booked,2026-06-05T15:00:00,dispatch_tms
EVT00125_pickup_confirmed,SHP00125,pickup_confirmed,2026-06-06T16:00:00,dispatch_tms
EVT00125_in_transit,SHP00125,in_transit,2026-06-07T17:00:00,dispatch_tms
EVT00125_delivered,SHP00125,delivered,2026-06-08T18:00:00,carrier_portal
EVT00126_booked,SHP00126,booked,2026-06-12T18:00:00,dispatch_tms
EVT00126_pickup_confirmed,SHP00126,pickup_confirmed,2026-06-13T19:00:00,dispatch_tms
EVT00126_in_transit,SHP00126,in_transit,2026-06-14T20:00:00,dispatch_tms
EVT00126_delivered,SHP00126,delivered,2026-06-16T22:00:00,carrier_portal
EVT00127_booked,SHP00127,booked,2026-06-19T21:00:00,dispatch_tms
EVT00127_pickup_confirmed,SHP00127,pickup_confirmed,2026-06-20T22:00:00,dispatch_tms
EVT00127_in_transit,SHP00127,in_transit,2026-06-21T23:00:00,dispatch_tms
EVT00127_delivered,SHP00127,delivered,2026-06-24T02:00:00,carrier_portal
EVT00128_booked,SHP00128,booked,2026-06-26T00:00:00,dispatch_tms
EVT00128_pickup_confirmed,SHP00128,pickup_confirmed,2026-06-27T01:00:00,dispatch_tms
EVT00128_in_transit,SHP00128,in_transit,2026-06-28T02:00:00,dispatch_tms
EVT00128_delivered,SHP00128,delivered,2026-06-28T02:00:00,carrier_portal
EVT00129_booked,SHP00129,booked,2026-01-04T03:00:00,dispatch_tms
EVT00129_pickup_confirmed,SHP00129,pickup_confirmed,2026-01-05T04:00:00,dispatch_tms
EVT00129_in_transit,SHP00129,in_transit,2026-01-06T05:00:00,dispatch_tms
EVT00129_delivered,SHP00129,delivered,2026-01-07T06:00:00,carrier_portal
EVT00130_booked,SHP00130,booked,2026-01-11T06:00:00,dispatch_tms
EVT00130_pickup_confirmed,SHP00130,pickup_confirmed,2026-01-12T07:00:00,dispatch_tms
EVT00130_in_transit,SHP00130,in_transit,2026-01-13T08:00:00,dispatch_tms
EVT00130_delivered,SHP00130,delivered,2026-01-15T10:00:00,carrier_portal
EVT00131_booked,SHP00131,booked,2026-01-18T09:00:00,dispatch_tms
EVT00131_pickup_confirmed,SHP00131,pickup_confirmed,2026-01-19T10:00:00,dispatch_tms
EVT00131_in_transit,SHP00131,in_transit,2026-01-20T11:00:00,dispatch_tms
EVT00131_delivered,SHP00131,delivered,2026-01-23T14:00:00,carrier_portal
EVT00132_booked,SHP00132,booked,2026-01-25T12:00:00,dispatch_tms
EVT00132_pickup_confirmed,SHP00132,pickup_confirmed,2026-01-26T13:00:00,dispatch_tms
EVT00132_in_transit,SHP00132,in_transit,2026-01-27T14:00:00,dispatch_tms
EVT00132_delivered,SHP00132,delivered,2026-01-27T14:00:00,carrier_portal
EVT00133_booked,SHP00133,booked,2026-02-01T15:00:00,dispatch_tms
EVT00133_pickup_confirmed,SHP00133,pickup_confirmed,2026-02-02T16:00:00,dispatch_tms
EVT00133_in_transit,SHP00133,in_transit,2026-02-03T17:00:00,dispatch_tms
EVT00133_delivered,SHP00133,delivered,2026-02-04T18:00:00,carrier_portal
EVT00134_booked,SHP00134,booked,2026-02-08T18:00:00,dispatch_tms
EVT00134_pickup_confirmed,SHP00134,pickup_confirmed,2026-02-09T19:00:00,dispatch_tms
EVT00134_in_transit,SHP00134,in_transit,2026-02-10T20:00:00,dispatch_tms
EVT00134_delivered,SHP00134,delivered,2026-02-12T22:00:00,carrier_portal
EVT00135_booked,SHP00135,booked,2026-02-15T21:00:00,dispatch_tms
EVT00135_pickup_confirmed,SHP00135,pickup_confirmed,2026-02-16T22:00:00,dispatch_tms
EVT00135_in_transit,SHP00135,in_transit,2026-02-17T23:00:00,dispatch_tms
EVT00135_delivered,SHP00135,delivered,2026-02-20T02:00:00,carrier_portal
EVT00136_booked,SHP00136,booked,2026-02-22T00:00:00,dispatch_tms
EVT00136_pickup_confirmed,SHP00136,pickup_confirmed,2026-02-23T01:00:00,dispatch_tms
EVT00136_in_transit,SHP00136,in_transit,2026-02-24T02:00:00,dispatch_tms
EVT00136_delivered,SHP00136,delivered,2026-02-24T02:00:00,carrier_portal
EVT00137_booked,SHP00137,booked,2026-03-01T03:00:00,dispatch_tms
EVT00137_pickup_confirmed,SHP00137,pickup_confirmed,2026-03-02T04:00:00,dispatch_tms
EVT00137_in_transit,SHP00137,in_transit,2026-03-03T05:00:00,dispatch_tms
EVT00137_delivered,SHP00137,delivered,2026-03-04T06:00:00,carrier_portal
EVT00138_booked,SHP00138,booked,2026-03-08T06:00:00,dispatch_tms
EVT00138_pickup_confirmed,SHP00138,pickup_confirmed,2026-03-09T07:00:00,dispatch_tms
EVT00138_in_transit,SHP00138,in_transit,2026-03-10T08:00:00,dispatch_tms
EVT00138_delivered,SHP00138,delivered,2026-03-12T10:00:00,carrier_portal
EVT00139_booked,SHP00139,booked,2026-03-15T09:00:00,dispatch_tms
EVT00139_pickup_confirmed,SHP00139,pickup_confirmed,2026-03-16T10:00:00,dispatch_tms
EVT00139_in_transit,SHP00139,in_transit,2026-03-17T11:00:00,dispatch_tms
EVT00139_delivered,SHP00139,delivered,2026-03-20T14:00:00,carrier_portal
EVT00140_booked,SHP00140,booked,2026-03-22T12:00:00,dispatch_tms
EVT00140_pickup_confirmed,SHP00140,pickup_confirmed,2026-03-23T13:00:00,dispatch_tms
EVT00140_in_transit,SHP00140,in_transit,2026-03-24T14:00:00,dispatch_tms
EVT00140_delivered,SHP00140,delivered,2026-03-24T14:00:00,carrier_portal
EVT00141_booked,SHP00141,booked,2026-03-29T15:00:00,dispatch_tms
EVT00141_pickup_confirmed,SHP00141,pickup_confirmed,2026-03-30T16:00:00,dispatch_tms
EVT00141_in_transit,SHP00141,in_transit,2026-03-31T17:00:00,dispatch_tms
EVT00141_delivered,SHP00141,delivered,2026-04-01T18:00:00,carrier_portal
EVT00142_booked,SHP00142,booked,2026-04-05T18:00:00,dispatch_tms
EVT00142_pickup_confirmed,SHP00142,pickup_confirmed,2026-04-06T19:00:00,dispatch_tms
EVT00142_in_transit,SHP00142,in_transit,2026-04-07T20:00:00,dispatch_tms
EVT00142_delivered,SHP00142,delivered,2026-04-09T22:00:00,carrier_portal
EVT00143_booked,SHP00143,booked,2026-04-12T21:00:00,dispatch_tms
EVT00143_pickup_confirmed,SHP00143,pickup_confirmed,2026-04-13T22:00:00,dispatch_tms
EVT00143_in_transit,SHP00143,in_transit,2026-04-14T23:00:00,dispatch_tms
EVT00143_delivered,SHP00143,delivered,2026-04-17T02:00:00,carrier_portal
EVT00144_booked,SHP00144,booked,2026-04-19T00:00:00,dispatch_tms
EVT00144_pickup_confirmed,SHP00144,pickup_confirmed,2026-04-20T01:00:00,dispatch_tms
EVT00144_in_transit,SHP00144,in_transit,2026-04-21T02:00:00,dispatch_tms
EVT00144_delivered,SHP00144,delivered,2026-04-21T02:00:00,carrier_portal
EVT00145_booked,SHP00145,booked,2026-04-26T03:00:00,dispatch_tms
EVT00145_pickup_confirmed,SHP00145,pickup_confirmed,2026-04-27T04:00:00,dispatch_tms
EVT00145_in_transit,SHP00145,in_transit,2026-04-28T05:00:00,dispatch_tms
EVT00145_delivered,SHP00145,delivered,2026-04-29T06:00:00,carrier_portal
EVT00146_booked,SHP00146,booked,2026-05-03T06:00:00,dispatch_tms
EVT00146_pickup_confirmed,SHP00146,pickup_confirmed,2026-05-04T07:00:00,dispatch_tms
EVT00146_in_transit,SHP00146,in_transit,2026-05-05T08:00:00,dispatch_tms
EVT00146_delivered,SHP00146,delivered,2026-05-07T10:00:00,carrier_portal
EVT00147_booked,SHP00147,booked,2026-05-10T09:00:00,dispatch_tms
EVT00147_pickup_confirmed,SHP00147,pickup_confirmed,2026-05-11T10:00:00,dispatch_tms
EVT00147_in_transit,SHP00147,in_transit,2026-05-12T11:00:00,dispatch_tms
EVT00147_delivered,SHP00147,delivered,2026-05-15T14:00:00,carrier_portal
EVT00148_booked,SHP00148,booked,2026-05-17T12:00:00,dispatch_tms
EVT00148_pickup_confirmed,SHP00148,pickup_confirmed,2026-05-18T13:00:00,dispatch_tms
EVT00148_in_transit,SHP00148,in_transit,2026-05-19T14:00:00,dispatch_tms
EVT00148_delivered,SHP00148,delivered,2026-05-19T14:00:00,carrier_portal
EVT00149_booked,SHP00149,booked,2026-05-24T15:00:00,dispatch_tms
EVT00149_pickup_confirmed,SHP00149,pickup_confirmed,2026-05-25T16:00:00,dispatch_tms
EVT00149_in_transit,SHP00149,in_transit,2026-05-26T17:00:00,dispatch_tms
EVT00149_delivered,SHP00149,delivered,2026-05-27T18:00:00,carrier_portal
EVT00150_booked,SHP00150,booked,2026-05-31T18:00:00,dispatch_tms
EVT00150_pickup_confirmed,SHP00150,pickup_confirmed,2026-06-01T19:00:00,dispatch_tms
EVT00150_in_transit,SHP00150,in_transit,2026-06-02T20:00:00,dispatch_tms
EVT00150_delivered,SHP00150,delivered,2026-06-04T22:00:00,carrier_portal
EVT00151_booked,SHP00151,booked,2026-06-07T21:00:00,dispatch_tms
EVT00151_pickup_confirmed,SHP00151,pickup_confirmed,2026-06-08T22:00:00,dispatch_tms
EVT00151_in_transit,SHP00151,in_transit,2026-06-09T23:00:00,dispatch_tms
EVT00151_delivered,SHP00151,delivered,2026-06-12T02:00:00,carrier_portal
EVT00152_booked,SHP00152,booked,2026-06-14T00:00:00,dispatch_tms
EVT00152_pickup_confirmed,SHP00152,pickup_confirmed,2026-06-15T01:00:00,dispatch_tms
EVT00152_in_transit,SHP00152,in_transit,2026-06-16T02:00:00,dispatch_tms
EVT00152_delivered,SHP00152,delivered,2026-06-16T02:00:00,carrier_portal
EVT00153_booked,SHP00153,booked,2026-06-21T03:00:00,dispatch_tms
EVT00153_pickup_confirmed,SHP00153,pickup_confirmed,2026-06-22T04:00:00,dispatch_tms
EVT00153_in_transit,SHP00153,in_transit,2026-06-23T05:00:00,dispatch_tms
EVT00153_delivered,SHP00153,delivered,2026-06-24T06:00:00,carrier_portal
EVT00154_booked,SHP00154,booked,2026-06-28T06:00:00,dispatch_tms
EVT00154_pickup_confirmed,SHP00154,pickup_confirmed,2026-06-29T07:00:00,dispatch_tms
EVT00154_in_transit,SHP00154,in_transit,2026-06-30T08:00:00,dispatch_tms
EVT00154_delivered,SHP00154,delivered,2026-07-02T10:00:00,carrier_portal
EVT00155_booked,SHP00155,booked,2026-01-06T09:00:00,dispatch_tms
EVT00155_pickup_confirmed,SHP00155,pickup_confirmed,2026-01-07T10:00:00,dispatch_tms
EVT00155_in_transit,SHP00155,in_transit,2026-01-08T11:00:00,dispatch_tms
EVT00155_delivered,SHP00155,delivered,2026-01-11T14:00:00,carrier_portal
EVT00156_booked,SHP00156,booked,2026-01-13T12:00:00,dispatch_tms
EVT00156_pickup_confirmed,SHP00156,pickup_confirmed,2026-01-14T13:00:00,dispatch_tms
EVT00156_in_transit,SHP00156,in_transit,2026-01-15T14:00:00,dispatch_tms
EVT00156_delivered,SHP00156,delivered,2026-01-15T14:00:00,carrier_portal
EVT00157_booked,SHP00157,booked,2026-01-20T15:00:00,dispatch_tms
EVT00157_pickup_confirmed,SHP00157,pickup_confirmed,2026-01-21T16:00:00,dispatch_tms
EVT00157_in_transit,SHP00157,in_transit,2026-01-22T17:00:00,dispatch_tms
EVT00157_delivered,SHP00157,delivered,2026-01-23T18:00:00,carrier_portal
EVT00158_booked,SHP00158,booked,2026-01-27T18:00:00,dispatch_tms
EVT00158_pickup_confirmed,SHP00158,pickup_confirmed,2026-01-28T19:00:00,dispatch_tms
EVT00158_in_transit,SHP00158,in_transit,2026-01-29T20:00:00,dispatch_tms
EVT00158_delivered,SHP00158,delivered,2026-01-31T22:00:00,carrier_portal
EVT00159_booked,SHP00159,booked,2026-02-03T21:00:00,dispatch_tms
EVT00159_pickup_confirmed,SHP00159,pickup_confirmed,2026-02-04T22:00:00,dispatch_tms
EVT00159_in_transit,SHP00159,in_transit,2026-02-05T23:00:00,dispatch_tms
EVT00159_delivered,SHP00159,delivered,2026-02-08T02:00:00,carrier_portal
EVT00160_booked,SHP00160,booked,2026-02-10T00:00:00,dispatch_tms
EVT00160_pickup_confirmed,SHP00160,pickup_confirmed,2026-02-11T01:00:00,dispatch_tms
EVT00160_in_transit,SHP00160,in_transit,2026-02-12T02:00:00,dispatch_tms
EVT00160_delivered,SHP00160,delivered,2026-02-12T02:00:00,carrier_portal
EVT00161_booked,SHP00161,booked,2026-02-17T03:00:00,dispatch_tms
EVT00161_pickup_confirmed,SHP00161,pickup_confirmed,2026-02-18T04:00:00,dispatch_tms
EVT00161_in_transit,SHP00161,in_transit,2026-02-19T05:00:00,dispatch_tms
EVT00161_delivered,SHP00161,delivered,2026-02-20T06:00:00,carrier_portal
EVT00162_booked,SHP00162,booked,2026-02-24T06:00:00,dispatch_tms
EVT00162_pickup_confirmed,SHP00162,pickup_confirmed,2026-02-25T07:00:00,dispatch_tms
EVT00162_in_transit,SHP00162,in_transit,2026-02-26T08:00:00,dispatch_tms
EVT00162_delivered,SHP00162,delivered,2026-02-28T10:00:00,carrier_portal
EVT00163_booked,SHP00163,booked,2026-03-03T09:00:00,dispatch_tms
EVT00163_pickup_confirmed,SHP00163,pickup_confirmed,2026-03-04T10:00:00,dispatch_tms
EVT00163_in_transit,SHP00163,in_transit,2026-03-05T11:00:00,dispatch_tms
EVT00163_delivered,SHP00163,delivered,2026-03-09T15:00:00,carrier_portal
EVT00164_booked,SHP00164,booked,2026-03-10T12:00:00,dispatch_tms
EVT00164_pickup_confirmed,SHP00164,pickup_confirmed,2026-03-11T13:00:00,dispatch_tms
EVT00164_in_transit,SHP00164,in_transit,2026-03-12T14:00:00,dispatch_tms
EVT00164_delivered,SHP00164,delivered,2026-03-12T14:00:00,carrier_portal
EVT00165_booked,SHP00165,booked,2026-03-17T15:00:00,dispatch_tms
EVT00165_pickup_confirmed,SHP00165,pickup_confirmed,2026-03-18T16:00:00,dispatch_tms
EVT00165_in_transit,SHP00165,in_transit,2026-03-19T17:00:00,dispatch_tms
EVT00165_delivered,SHP00165,delivered,2026-03-20T18:00:00,carrier_portal
EVT00166_booked,SHP00166,booked,2026-03-24T18:00:00,dispatch_tms
EVT00166_pickup_confirmed,SHP00166,pickup_confirmed,2026-03-25T19:00:00,dispatch_tms
EVT00166_in_transit,SHP00166,in_transit,2026-03-26T20:00:00,dispatch_tms
EVT00166_delivered,SHP00166,delivered,2026-03-28T22:00:00,carrier_portal
EVT00167_booked,SHP00167,booked,2026-03-31T21:00:00,dispatch_tms
EVT00167_pickup_confirmed,SHP00167,pickup_confirmed,2026-04-01T22:00:00,dispatch_tms
EVT00167_in_transit,SHP00167,in_transit,2026-04-02T23:00:00,dispatch_tms
EVT00167_delivered,SHP00167,delivered,2026-04-05T02:00:00,carrier_portal
EVT00168_booked,SHP00168,booked,2026-04-07T00:00:00,dispatch_tms
EVT00168_pickup_confirmed,SHP00168,pickup_confirmed,2026-04-08T01:00:00,dispatch_tms
EVT00168_in_transit,SHP00168,in_transit,2026-04-09T02:00:00,dispatch_tms
EVT00168_delivered,SHP00168,delivered,2026-04-09T02:00:00,carrier_portal
EVT00169_booked,SHP00169,booked,2026-04-14T03:00:00,dispatch_tms
EVT00169_pickup_confirmed,SHP00169,pickup_confirmed,2026-04-15T04:00:00,dispatch_tms
EVT00169_in_transit,SHP00169,in_transit,2026-04-16T05:00:00,dispatch_tms
EVT00169_delivered,SHP00169,delivered,2026-04-17T06:00:00,carrier_portal
EVT00170_booked,SHP00170,booked,2026-04-21T06:00:00,dispatch_tms
EVT00170_pickup_confirmed,SHP00170,pickup_confirmed,2026-04-22T07:00:00,dispatch_tms
EVT00170_in_transit,SHP00170,in_transit,2026-04-23T08:00:00,dispatch_tms
EVT00170_delivered,SHP00170,delivered,2026-04-25T10:00:00,carrier_portal
EVT00171_booked,SHP00171,booked,2026-04-28T09:00:00,dispatch_tms
EVT00171_pickup_confirmed,SHP00171,pickup_confirmed,2026-04-29T10:00:00,dispatch_tms
EVT00171_in_transit,SHP00171,in_transit,2026-04-30T11:00:00,dispatch_tms
EVT00171_delivered,SHP00171,delivered,2026-05-03T14:00:00,carrier_portal
EVT00172_booked,SHP00172,booked,2026-05-05T12:00:00,dispatch_tms
EVT00172_pickup_confirmed,SHP00172,pickup_confirmed,2026-05-06T13:00:00,dispatch_tms
EVT00172_in_transit,SHP00172,in_transit,2026-05-07T14:00:00,dispatch_tms
EVT00172_delivered,SHP00172,delivered,2026-05-07T14:00:00,carrier_portal
EVT00173_booked,SHP00173,booked,2026-05-12T15:00:00,dispatch_tms
EVT00173_pickup_confirmed,SHP00173,pickup_confirmed,2026-05-13T16:00:00,dispatch_tms
EVT00173_in_transit,SHP00173,in_transit,2026-05-14T17:00:00,dispatch_tms
EVT00173_delivered,SHP00173,delivered,2026-05-15T18:00:00,carrier_portal
EVT00174_booked,SHP00174,booked,2026-05-19T18:00:00,dispatch_tms
EVT00174_pickup_confirmed,SHP00174,pickup_confirmed,2026-05-20T19:00:00,dispatch_tms
EVT00174_in_transit,SHP00174,in_transit,2026-05-21T20:00:00,dispatch_tms
EVT00174_delivered,SHP00174,delivered,2026-05-23T22:00:00,carrier_portal
EVT00175_booked,SHP00175,booked,2026-05-26T21:00:00,dispatch_tms
EVT00175_pickup_confirmed,SHP00175,pickup_confirmed,2026-05-27T22:00:00,dispatch_tms
EVT00175_in_transit,SHP00175,in_transit,2026-05-28T23:00:00,dispatch_tms
EVT00175_delivered,SHP00175,delivered,2026-06-01T03:00:00,carrier_portal
EVT00176_booked,SHP00176,booked,2026-06-02T00:00:00,dispatch_tms
EVT00176_pickup_confirmed,SHP00176,pickup_confirmed,2026-06-03T01:00:00,dispatch_tms
EVT00176_in_transit,SHP00176,in_transit,2026-06-04T02:00:00,dispatch_tms
EVT00176_delivered,SHP00176,delivered,2026-06-04T02:00:00,carrier_portal
EVT00177_booked,SHP00177,booked,2026-06-09T03:00:00,dispatch_tms
EVT00177_pickup_confirmed,SHP00177,pickup_confirmed,2026-06-10T04:00:00,dispatch_tms
EVT00177_in_transit,SHP00177,in_transit,2026-06-11T05:00:00,dispatch_tms
EVT00177_delivered,SHP00177,delivered,2026-06-13T07:00:00,carrier_portal
EVT00178_booked,SHP00178,booked,2026-06-16T06:00:00,dispatch_tms
EVT00178_pickup_confirmed,SHP00178,pickup_confirmed,2026-06-17T07:00:00,dispatch_tms
EVT00178_in_transit,SHP00178,in_transit,2026-06-18T08:00:00,dispatch_tms
EVT00178_delivered,SHP00178,delivered,2026-06-20T10:00:00,carrier_portal
EVT00179_booked,SHP00179,booked,2026-06-23T09:00:00,dispatch_tms
EVT00179_pickup_confirmed,SHP00179,pickup_confirmed,2026-06-24T10:00:00,dispatch_tms
EVT00179_in_transit,SHP00179,in_transit,2026-06-25T11:00:00,dispatch_tms
EVT00179_delivered,SHP00179,delivered,2026-06-28T14:00:00,carrier_portal
EVT00180_booked,SHP00180,booked,2026-01-01T12:00:00,dispatch_tms
EVT00180_pickup_confirmed,SHP00180,pickup_confirmed,2026-01-02T13:00:00,dispatch_tms
EVT00180_in_transit,SHP00180,in_transit,2026-01-03T14:00:00,dispatch_tms
EVT00180_delivered,SHP00180,delivered,2026-01-03T14:00:00,carrier_portal
EVT00181_booked,SHP00181,booked,2026-01-08T15:00:00,dispatch_tms
EVT00181_pickup_confirmed,SHP00181,pickup_confirmed,2026-01-09T16:00:00,dispatch_tms
EVT00181_in_transit,SHP00181,in_transit,2026-01-10T17:00:00,dispatch_tms
EVT00181_delivered,SHP00181,delivered,2026-01-11T18:00:00,carrier_portal
EVT00182_booked,SHP00182,booked,2026-01-15T18:00:00,dispatch_tms
EVT00182_pickup_confirmed,SHP00182,pickup_confirmed,2026-01-16T19:00:00,dispatch_tms
EVT00182_in_transit,SHP00182,in_transit,2026-01-17T20:00:00,dispatch_tms
EVT00182_delivered,SHP00182,delivered,2026-01-19T22:00:00,carrier_portal
EVT00183_booked,SHP00183,booked,2026-01-22T21:00:00,dispatch_tms
EVT00183_pickup_confirmed,SHP00183,pickup_confirmed,2026-01-23T22:00:00,dispatch_tms
EVT00183_in_transit,SHP00183,in_transit,2026-01-24T23:00:00,dispatch_tms
EVT00183_delivered,SHP00183,delivered,2026-01-27T02:00:00,carrier_portal
EVT00184_booked,SHP00184,booked,2026-01-29T00:00:00,dispatch_tms
EVT00184_pickup_confirmed,SHP00184,pickup_confirmed,2026-01-30T01:00:00,dispatch_tms
EVT00184_in_transit,SHP00184,in_transit,2026-01-31T02:00:00,dispatch_tms
EVT00184_delivered,SHP00184,delivered,2026-01-31T02:00:00,carrier_portal
EVT00185_booked,SHP00185,booked,2026-02-05T03:00:00,dispatch_tms
EVT00185_pickup_confirmed,SHP00185,pickup_confirmed,2026-02-06T04:00:00,dispatch_tms
EVT00185_in_transit,SHP00185,in_transit,2026-02-07T05:00:00,dispatch_tms
EVT00185_delivered,SHP00185,delivered,2026-02-08T06:00:00,carrier_portal
EVT00186_booked,SHP00186,booked,2026-02-12T06:00:00,dispatch_tms
EVT00186_pickup_confirmed,SHP00186,pickup_confirmed,2026-02-13T07:00:00,dispatch_tms
EVT00186_in_transit,SHP00186,in_transit,2026-02-14T08:00:00,dispatch_tms
EVT00186_delivered,SHP00186,delivered,2026-02-16T10:00:00,carrier_portal
EVT00187_booked,SHP00187,booked,2026-02-19T09:00:00,dispatch_tms
EVT00187_pickup_confirmed,SHP00187,pickup_confirmed,2026-02-20T10:00:00,dispatch_tms
EVT00187_in_transit,SHP00187,in_transit,2026-02-21T11:00:00,dispatch_tms
EVT00187_delivered,SHP00187,delivered,2026-02-24T14:00:00,carrier_portal
EVT00188_booked,SHP00188,booked,2026-02-26T12:00:00,dispatch_tms
EVT00188_pickup_confirmed,SHP00188,pickup_confirmed,2026-02-27T13:00:00,dispatch_tms
EVT00188_in_transit,SHP00188,in_transit,2026-02-28T14:00:00,dispatch_tms
EVT00188_delivered,SHP00188,delivered,2026-02-28T14:00:00,carrier_portal
EVT00189_booked,SHP00189,booked,2026-03-05T15:00:00,dispatch_tms
EVT00189_pickup_confirmed,SHP00189,pickup_confirmed,2026-03-06T16:00:00,dispatch_tms
EVT00189_in_transit,SHP00189,in_transit,2026-03-07T17:00:00,dispatch_tms
EVT00189_delivered,SHP00189,delivered,2026-03-08T18:00:00,carrier_portal
EVT00190_booked,SHP00190,booked,2026-03-12T18:00:00,dispatch_tms
EVT00190_pickup_confirmed,SHP00190,pickup_confirmed,2026-03-13T19:00:00,dispatch_tms
EVT00190_in_transit,SHP00190,in_transit,2026-03-14T20:00:00,dispatch_tms
EVT00190_delivered,SHP00190,delivered,2026-03-16T22:00:00,carrier_portal
EVT00191_booked,SHP00191,booked,2026-03-19T21:00:00,dispatch_tms
EVT00191_pickup_confirmed,SHP00191,pickup_confirmed,2026-03-20T22:00:00,dispatch_tms
EVT00191_in_transit,SHP00191,in_transit,2026-03-21T23:00:00,dispatch_tms
EVT00191_delivered,SHP00191,delivered,2026-03-24T02:00:00,carrier_portal
EVT00192_booked,SHP00192,booked,2026-03-26T00:00:00,dispatch_tms
EVT00192_pickup_confirmed,SHP00192,pickup_confirmed,2026-03-27T01:00:00,dispatch_tms
EVT00192_in_transit,SHP00192,in_transit,2026-03-28T02:00:00,dispatch_tms
EVT00192_delivered,SHP00192,delivered,2026-03-29T03:00:00,carrier_portal
EVT00193_booked,SHP00193,booked,2026-04-02T03:00:00,dispatch_tms
EVT00193_pickup_confirmed,SHP00193,pickup_confirmed,2026-04-03T04:00:00,dispatch_tms
EVT00193_in_transit,SHP00193,in_transit,2026-04-04T05:00:00,dispatch_tms
EVT00193_delivered,SHP00193,delivered,2026-04-05T06:00:00,carrier_portal
EVT00194_booked,SHP00194,booked,2026-04-09T06:00:00,dispatch_tms
EVT00194_pickup_confirmed,SHP00194,pickup_confirmed,2026-04-10T07:00:00,dispatch_tms
EVT00194_in_transit,SHP00194,in_transit,2026-04-11T08:00:00,dispatch_tms
EVT00194_delivered,SHP00194,delivered,2026-04-13T10:00:00,carrier_portal
EVT00195_booked,SHP00195,booked,2026-04-16T09:00:00,dispatch_tms
EVT00195_pickup_confirmed,SHP00195,pickup_confirmed,2026-04-17T10:00:00,dispatch_tms
EVT00195_in_transit,SHP00195,in_transit,2026-04-18T11:00:00,dispatch_tms
EVT00195_delivered,SHP00195,delivered,2026-04-21T14:00:00,carrier_portal
EVT00196_booked,SHP00196,booked,2026-04-23T12:00:00,dispatch_tms
EVT00196_pickup_confirmed,SHP00196,pickup_confirmed,2026-04-24T13:00:00,dispatch_tms
EVT00196_in_transit,SHP00196,in_transit,2026-04-25T14:00:00,dispatch_tms
EVT00196_delivered,SHP00196,delivered,2026-04-25T14:00:00,carrier_portal
EVT00197_booked,SHP00197,booked,2026-04-30T15:00:00,dispatch_tms
EVT00197_pickup_confirmed,SHP00197,pickup_confirmed,2026-05-01T16:00:00,dispatch_tms
EVT00197_in_transit,SHP00197,in_transit,2026-05-02T17:00:00,dispatch_tms
EVT00197_delivered,SHP00197,delivered,2026-05-03T18:00:00,carrier_portal
EVT00198_booked,SHP00198,booked,2026-05-07T18:00:00,dispatch_tms
EVT00198_pickup_confirmed,SHP00198,pickup_confirmed,2026-05-08T19:00:00,dispatch_tms
EVT00198_in_transit,SHP00198,in_transit,2026-05-09T20:00:00,dispatch_tms
EVT00198_delivered,SHP00198,delivered,2026-05-11T22:00:00,carrier_portal
EVT00199_booked,SHP00199,booked,2026-05-14T21:00:00,dispatch_tms
EVT00199_pickup_confirmed,SHP00199,pickup_confirmed,2026-05-15T22:00:00,dispatch_tms
EVT00199_in_transit,SHP00199,in_transit,2026-05-16T23:00:00,dispatch_tms
EVT00199_delivered,SHP00199,delivered,2026-05-19T02:00:00,carrier_portal
EVT00200_booked,SHP00200,booked,2026-05-21T00:00:00,dispatch_tms
EVT00200_pickup_confirmed,SHP00200,pickup_confirmed,2026-05-22T01:00:00,dispatch_tms
EVT00200_in_transit,SHP00200,in_transit,2026-05-23T02:00:00,dispatch_tms
EVT00200_delivered,SHP00200,delivered,2026-05-23T02:00:00,carrier_portal
EVT00201_booked,SHP00201,booked,2026-05-28T03:00:00,dispatch_tms
EVT00201_pickup_confirmed,SHP00201,pickup_confirmed,2026-05-29T04:00:00,dispatch_tms
EVT00201_in_transit,SHP00201,in_transit,2026-05-30T05:00:00,dispatch_tms
EVT00201_delivered,SHP00201,delivered,2026-05-31T06:00:00,carrier_portal
EVT00202_booked,SHP00202,booked,2026-06-04T06:00:00,dispatch_tms
EVT00202_pickup_confirmed,SHP00202,pickup_confirmed,2026-06-05T07:00:00,dispatch_tms
EVT00202_in_transit,SHP00202,in_transit,2026-06-06T08:00:00,dispatch_tms
EVT00202_delivered,SHP00202,delivered,2026-06-08T10:00:00,carrier_portal
EVT00203_booked,SHP00203,booked,2026-06-11T09:00:00,dispatch_tms
EVT00203_pickup_confirmed,SHP00203,pickup_confirmed,2026-06-12T10:00:00,dispatch_tms
EVT00203_in_transit,SHP00203,in_transit,2026-06-13T11:00:00,dispatch_tms
EVT00203_delivered,SHP00203,delivered,2026-06-16T14:00:00,carrier_portal
EVT00204_booked,SHP00204,booked,2026-06-18T12:00:00,dispatch_tms
EVT00204_pickup_confirmed,SHP00204,pickup_confirmed,2026-06-19T13:00:00,dispatch_tms
EVT00204_in_transit,SHP00204,in_transit,2026-06-20T14:00:00,dispatch_tms
EVT00204_delivered,SHP00204,delivered,2026-06-20T14:00:00,carrier_portal
EVT00205_booked,SHP00205,booked,2026-06-25T15:00:00,dispatch_tms
EVT00205_pickup_confirmed,SHP00205,pickup_confirmed,2026-06-26T16:00:00,dispatch_tms
EVT00205_in_transit,SHP00205,in_transit,2026-06-27T17:00:00,dispatch_tms
EVT00205_delivered,SHP00205,delivered,2026-06-28T18:00:00,carrier_portal
EVT00206_booked,SHP00206,booked,2026-01-03T18:00:00,dispatch_tms
EVT00206_pickup_confirmed,SHP00206,pickup_confirmed,2026-01-04T19:00:00,dispatch_tms
EVT00206_in_transit,SHP00206,in_transit,2026-01-05T20:00:00,dispatch_tms
EVT00206_delivered,SHP00206,delivered,2026-01-07T22:00:00,carrier_portal
EVT00207_booked,SHP00207,booked,2026-01-10T21:00:00,dispatch_tms
EVT00207_pickup_confirmed,SHP00207,pickup_confirmed,2026-01-11T22:00:00,dispatch_tms
EVT00207_in_transit,SHP00207,in_transit,2026-01-12T23:00:00,dispatch_tms
EVT00207_delivered,SHP00207,delivered,2026-01-15T02:00:00,carrier_portal
EVT00208_booked,SHP00208,booked,2026-01-17T00:00:00,dispatch_tms
EVT00208_pickup_confirmed,SHP00208,pickup_confirmed,2026-01-18T01:00:00,dispatch_tms
EVT00208_in_transit,SHP00208,in_transit,2026-01-19T02:00:00,dispatch_tms
EVT00208_delivered,SHP00208,delivered,2026-01-20T03:00:00,carrier_portal
EVT00209_booked,SHP00209,booked,2026-01-24T03:00:00,dispatch_tms
EVT00209_pickup_confirmed,SHP00209,pickup_confirmed,2026-01-25T04:00:00,dispatch_tms
EVT00209_in_transit,SHP00209,in_transit,2026-01-26T05:00:00,dispatch_tms
EVT00209_delivered,SHP00209,delivered,2026-01-27T06:00:00,carrier_portal
EVT00210_booked,SHP00210,booked,2026-01-31T06:00:00,dispatch_tms
EVT00210_pickup_confirmed,SHP00210,pickup_confirmed,2026-02-01T07:00:00,dispatch_tms
EVT00210_in_transit,SHP00210,in_transit,2026-02-02T08:00:00,dispatch_tms
EVT00210_delivered,SHP00210,delivered,2026-02-05T11:00:00,carrier_portal
EVT00211_booked,SHP00211,booked,2026-02-07T09:00:00,dispatch_tms
EVT00211_pickup_confirmed,SHP00211,pickup_confirmed,2026-02-08T10:00:00,dispatch_tms
EVT00211_in_transit,SHP00211,in_transit,2026-02-09T11:00:00,dispatch_tms
EVT00211_delivered,SHP00211,delivered,2026-02-12T14:00:00,carrier_portal
EVT00212_booked,SHP00212,booked,2026-02-14T12:00:00,dispatch_tms
EVT00212_pickup_confirmed,SHP00212,pickup_confirmed,2026-02-15T13:00:00,dispatch_tms
EVT00212_in_transit,SHP00212,in_transit,2026-02-16T14:00:00,dispatch_tms
EVT00212_delivered,SHP00212,delivered,2026-02-16T14:00:00,carrier_portal
EVT00213_booked,SHP00213,booked,2026-02-21T15:00:00,dispatch_tms
EVT00213_pickup_confirmed,SHP00213,pickup_confirmed,2026-02-22T16:00:00,dispatch_tms
EVT00213_in_transit,SHP00213,in_transit,2026-02-23T17:00:00,dispatch_tms
EVT00213_delivered,SHP00213,delivered,2026-02-24T18:00:00,carrier_portal
EVT00214_booked,SHP00214,booked,2026-02-28T18:00:00,dispatch_tms
EVT00214_pickup_confirmed,SHP00214,pickup_confirmed,2026-03-01T19:00:00,dispatch_tms
EVT00214_in_transit,SHP00214,in_transit,2026-03-02T20:00:00,dispatch_tms
EVT00214_delivered,SHP00214,delivered,2026-03-05T23:00:00,carrier_portal
EVT00215_booked,SHP00215,booked,2026-03-07T21:00:00,dispatch_tms
EVT00215_pickup_confirmed,SHP00215,pickup_confirmed,2026-03-08T22:00:00,dispatch_tms
EVT00215_in_transit,SHP00215,in_transit,2026-03-09T23:00:00,dispatch_tms
EVT00215_delivered,SHP00215,delivered,2026-03-12T02:00:00,carrier_portal
EVT00216_booked,SHP00216,booked,2026-03-14T00:00:00,dispatch_tms
EVT00216_pickup_confirmed,SHP00216,pickup_confirmed,2026-03-15T01:00:00,dispatch_tms
EVT00216_in_transit,SHP00216,in_transit,2026-03-16T02:00:00,dispatch_tms
EVT00216_delivered,SHP00216,delivered,2026-03-16T02:00:00,carrier_portal
EVT00217_booked,SHP00217,booked,2026-03-21T03:00:00,dispatch_tms
EVT00217_pickup_confirmed,SHP00217,pickup_confirmed,2026-03-22T04:00:00,dispatch_tms
EVT00217_in_transit,SHP00217,in_transit,2026-03-23T05:00:00,dispatch_tms
EVT00217_delivered,SHP00217,delivered,2026-03-24T06:00:00,carrier_portal
EVT00218_booked,SHP00218,booked,2026-03-28T06:00:00,dispatch_tms
EVT00218_pickup_confirmed,SHP00218,pickup_confirmed,2026-03-29T07:00:00,dispatch_tms
EVT00218_in_transit,SHP00218,in_transit,2026-03-30T08:00:00,dispatch_tms
EVT00218_delivered,SHP00218,delivered,2026-04-01T10:00:00,carrier_portal
EVT00219_booked,SHP00219,booked,2026-04-04T09:00:00,dispatch_tms
EVT00219_pickup_confirmed,SHP00219,pickup_confirmed,2026-04-05T10:00:00,dispatch_tms
EVT00219_in_transit,SHP00219,in_transit,2026-04-06T11:00:00,dispatch_tms
EVT00219_delivered,SHP00219,delivered,2026-04-09T14:00:00,carrier_portal
EVT00220_booked,SHP00220,booked,2026-04-11T12:00:00,dispatch_tms
EVT00220_pickup_confirmed,SHP00220,pickup_confirmed,2026-04-12T13:00:00,dispatch_tms
EVT00220_in_transit,SHP00220,in_transit,2026-04-13T14:00:00,dispatch_tms
EVT00220_delivered,SHP00220,delivered,2026-04-13T14:00:00,carrier_portal
EVT00221_booked,SHP00221,booked,2026-04-18T15:00:00,dispatch_tms
EVT00221_pickup_confirmed,SHP00221,pickup_confirmed,2026-04-19T16:00:00,dispatch_tms
EVT00221_in_transit,SHP00221,in_transit,2026-04-20T17:00:00,dispatch_tms
EVT00221_delivered,SHP00221,delivered,2026-04-21T18:00:00,carrier_portal
EVT00222_booked,SHP00222,booked,2026-04-25T18:00:00,dispatch_tms
EVT00222_pickup_confirmed,SHP00222,pickup_confirmed,2026-04-26T19:00:00,dispatch_tms
EVT00222_in_transit,SHP00222,in_transit,2026-04-27T20:00:00,dispatch_tms
EVT00222_delivered,SHP00222,delivered,2026-04-30T23:00:00,carrier_portal
EVT00223_booked,SHP00223,booked,2026-05-02T21:00:00,dispatch_tms
EVT00223_pickup_confirmed,SHP00223,pickup_confirmed,2026-05-03T22:00:00,dispatch_tms
EVT00223_in_transit,SHP00223,in_transit,2026-05-04T23:00:00,dispatch_tms
EVT00223_delivered,SHP00223,delivered,2026-05-08T03:00:00,carrier_portal
EVT00224_booked,SHP00224,booked,2026-05-09T00:00:00,dispatch_tms
EVT00224_pickup_confirmed,SHP00224,pickup_confirmed,2026-05-10T01:00:00,dispatch_tms
EVT00224_in_transit,SHP00224,in_transit,2026-05-11T02:00:00,dispatch_tms
EVT00224_delivered,SHP00224,delivered,2026-05-11T02:00:00,carrier_portal
EVT00225_booked,SHP00225,booked,2026-05-16T03:00:00,dispatch_tms
EVT00225_pickup_confirmed,SHP00225,pickup_confirmed,2026-05-17T04:00:00,dispatch_tms
EVT00225_in_transit,SHP00225,in_transit,2026-05-18T05:00:00,dispatch_tms
EVT00225_delivered,SHP00225,delivered,2026-05-19T06:00:00,carrier_portal
EVT00226_booked,SHP00226,booked,2026-05-23T06:00:00,dispatch_tms
EVT00226_pickup_confirmed,SHP00226,pickup_confirmed,2026-05-24T07:00:00,dispatch_tms
EVT00226_in_transit,SHP00226,in_transit,2026-05-25T08:00:00,dispatch_tms
EVT00226_delivered,SHP00226,delivered,2026-05-27T10:00:00,carrier_portal
EVT00227_booked,SHP00227,booked,2026-05-30T09:00:00,dispatch_tms
EVT00227_pickup_confirmed,SHP00227,pickup_confirmed,2026-05-31T10:00:00,dispatch_tms
EVT00227_in_transit,SHP00227,in_transit,2026-06-01T11:00:00,dispatch_tms
EVT00227_delivered,SHP00227,delivered,2026-06-04T14:00:00,carrier_portal
EVT00228_booked,SHP00228,booked,2026-06-06T12:00:00,dispatch_tms
EVT00228_pickup_confirmed,SHP00228,pickup_confirmed,2026-06-07T13:00:00,dispatch_tms
EVT00228_in_transit,SHP00228,in_transit,2026-06-08T14:00:00,dispatch_tms
EVT00228_delivered,SHP00228,delivered,2026-06-09T15:00:00,carrier_portal
EVT00229_booked,SHP00229,booked,2026-06-13T15:00:00,dispatch_tms
EVT00229_pickup_confirmed,SHP00229,pickup_confirmed,2026-06-14T16:00:00,dispatch_tms
EVT00229_in_transit,SHP00229,in_transit,2026-06-15T17:00:00,dispatch_tms
EVT00229_delivered,SHP00229,delivered,2026-06-16T18:00:00,carrier_portal
EVT00230_booked,SHP00230,booked,2026-06-20T18:00:00,dispatch_tms
EVT00230_pickup_confirmed,SHP00230,pickup_confirmed,2026-06-21T19:00:00,dispatch_tms
EVT00230_in_transit,SHP00230,in_transit,2026-06-22T20:00:00,dispatch_tms
EVT00230_delivered,SHP00230,delivered,2026-06-24T22:00:00,carrier_portal
EVT00231_booked,SHP00231,booked,2026-06-27T21:00:00,dispatch_tms
EVT00231_pickup_confirmed,SHP00231,pickup_confirmed,2026-06-28T22:00:00,dispatch_tms
EVT00231_in_transit,SHP00231,in_transit,2026-06-29T23:00:00,dispatch_tms
EVT00231_delivered,SHP00231,delivered,2026-07-02T02:00:00,carrier_portal
EVT00232_booked,SHP00232,booked,2026-01-05T00:00:00,dispatch_tms
EVT00232_pickup_confirmed,SHP00232,pickup_confirmed,2026-01-06T01:00:00,dispatch_tms
EVT00232_in_transit,SHP00232,in_transit,2026-01-07T02:00:00,dispatch_tms
EVT00232_delivered,SHP00232,delivered,2026-01-07T02:00:00,carrier_portal
EVT00233_booked,SHP00233,booked,2026-01-12T03:00:00,dispatch_tms
EVT00233_pickup_confirmed,SHP00233,pickup_confirmed,2026-01-13T04:00:00,dispatch_tms
EVT00233_in_transit,SHP00233,in_transit,2026-01-14T05:00:00,dispatch_tms
EVT00233_delivered,SHP00233,delivered,2026-01-15T06:00:00,carrier_portal
EVT00234_booked,SHP00234,booked,2026-01-19T06:00:00,dispatch_tms
EVT00234_pickup_confirmed,SHP00234,pickup_confirmed,2026-01-20T07:00:00,dispatch_tms
EVT00234_in_transit,SHP00234,in_transit,2026-01-21T08:00:00,dispatch_tms
EVT00234_delivered,SHP00234,delivered,2026-01-23T10:00:00,carrier_portal
EVT00235_booked,SHP00235,booked,2026-01-26T09:00:00,dispatch_tms
EVT00235_pickup_confirmed,SHP00235,pickup_confirmed,2026-01-27T10:00:00,dispatch_tms
EVT00235_in_transit,SHP00235,in_transit,2026-01-28T11:00:00,dispatch_tms
EVT00235_delivered,SHP00235,delivered,2026-01-31T14:00:00,carrier_portal
EVT00236_booked,SHP00236,booked,2026-02-02T12:00:00,dispatch_tms
EVT00236_pickup_confirmed,SHP00236,pickup_confirmed,2026-02-03T13:00:00,dispatch_tms
EVT00236_in_transit,SHP00236,in_transit,2026-02-04T14:00:00,dispatch_tms
EVT00236_delivered,SHP00236,delivered,2026-02-04T14:00:00,carrier_portal
EVT00237_booked,SHP00237,booked,2026-02-09T15:00:00,dispatch_tms
EVT00237_pickup_confirmed,SHP00237,pickup_confirmed,2026-02-10T16:00:00,dispatch_tms
EVT00237_in_transit,SHP00237,in_transit,2026-02-11T17:00:00,dispatch_tms
EVT00237_delivered,SHP00237,delivered,2026-02-12T18:00:00,carrier_portal
EVT00238_booked,SHP00238,booked,2026-02-16T18:00:00,dispatch_tms
EVT00238_pickup_confirmed,SHP00238,pickup_confirmed,2026-02-17T19:00:00,dispatch_tms
EVT00238_in_transit,SHP00238,in_transit,2026-02-18T20:00:00,dispatch_tms
EVT00238_delivered,SHP00238,delivered,2026-02-20T22:00:00,carrier_portal
EVT00239_booked,SHP00239,booked,2026-02-23T21:00:00,dispatch_tms
EVT00239_pickup_confirmed,SHP00239,pickup_confirmed,2026-02-24T22:00:00,dispatch_tms
EVT00239_in_transit,SHP00239,in_transit,2026-02-25T23:00:00,dispatch_tms
EVT00239_delivered,SHP00239,delivered,2026-02-28T02:00:00,carrier_portal
EVT00240_booked,SHP00240,booked,2026-03-02T00:00:00,dispatch_tms
EVT00240_pickup_confirmed,SHP00240,pickup_confirmed,2026-03-03T01:00:00,dispatch_tms
EVT00240_in_transit,SHP00240,in_transit,2026-03-04T02:00:00,dispatch_tms
EVT00240_delivered,SHP00240,delivered,2026-03-04T02:00:00,carrier_portal
EVT00241_booked,SHP00241,booked,2026-03-09T03:00:00,dispatch_tms
EVT00241_pickup_confirmed,SHP00241,pickup_confirmed,2026-03-10T04:00:00,dispatch_tms
EVT00241_in_transit,SHP00241,in_transit,2026-03-11T05:00:00,dispatch_tms
EVT00241_delivered,SHP00241,delivered,2026-03-12T06:00:00,carrier_portal
EVT00242_booked,SHP00242,booked,2026-03-16T06:00:00,dispatch_tms
EVT00242_pickup_confirmed,SHP00242,pickup_confirmed,2026-03-17T07:00:00,dispatch_tms
EVT00242_in_transit,SHP00242,in_transit,2026-03-18T08:00:00,dispatch_tms
EVT00242_delivered,SHP00242,delivered,2026-03-20T10:00:00,carrier_portal
EVT00243_booked,SHP00243,booked,2026-03-23T09:00:00,dispatch_tms
EVT00243_pickup_confirmed,SHP00243,pickup_confirmed,2026-03-24T10:00:00,dispatch_tms
EVT00243_in_transit,SHP00243,in_transit,2026-03-25T11:00:00,dispatch_tms
EVT00243_delivered,SHP00243,delivered,2026-03-28T14:00:00,carrier_portal
EVT00244_booked,SHP00244,booked,2026-03-30T12:00:00,dispatch_tms
EVT00244_pickup_confirmed,SHP00244,pickup_confirmed,2026-03-31T13:00:00,dispatch_tms
EVT00244_in_transit,SHP00244,in_transit,2026-04-01T14:00:00,dispatch_tms
EVT00244_delivered,SHP00244,delivered,2026-04-01T14:00:00,carrier_portal
EVT00245_booked,SHP00245,booked,2026-04-06T15:00:00,dispatch_tms
EVT00245_pickup_confirmed,SHP00245,pickup_confirmed,2026-04-07T16:00:00,dispatch_tms
EVT00245_in_transit,SHP00245,in_transit,2026-04-08T17:00:00,dispatch_tms
EVT00245_delivered,SHP00245,delivered,2026-04-09T18:00:00,carrier_portal
EVT00246_booked,SHP00246,booked,2026-04-13T18:00:00,dispatch_tms
EVT00246_pickup_confirmed,SHP00246,pickup_confirmed,2026-04-14T19:00:00,dispatch_tms
EVT00246_in_transit,SHP00246,in_transit,2026-04-15T20:00:00,dispatch_tms
EVT00246_delivered,SHP00246,delivered,2026-04-17T22:00:00,carrier_portal
EVT00247_booked,SHP00247,booked,2026-04-20T21:00:00,dispatch_tms
EVT00247_pickup_confirmed,SHP00247,pickup_confirmed,2026-04-21T22:00:00,dispatch_tms
EVT00247_in_transit,SHP00247,in_transit,2026-04-22T23:00:00,dispatch_tms
EVT00247_delivered,SHP00247,delivered,2026-04-25T02:00:00,carrier_portal
EVT00248_booked,SHP00248,booked,2026-04-27T00:00:00,dispatch_tms
EVT00248_pickup_confirmed,SHP00248,pickup_confirmed,2026-04-28T01:00:00,dispatch_tms
EVT00248_in_transit,SHP00248,in_transit,2026-04-29T02:00:00,dispatch_tms
EVT00248_delivered,SHP00248,delivered,2026-04-29T02:00:00,carrier_portal
EVT00249_booked,SHP00249,booked,2026-05-04T03:00:00,dispatch_tms
EVT00249_pickup_confirmed,SHP00249,pickup_confirmed,2026-05-05T04:00:00,dispatch_tms
EVT00249_in_transit,SHP00249,in_transit,2026-05-06T05:00:00,dispatch_tms
EVT00249_delivered,SHP00249,delivered,2026-05-07T06:00:00,carrier_portal
EVT00250_booked,SHP00250,booked,2026-05-11T06:00:00,dispatch_tms
EVT00250_pickup_confirmed,SHP00250,pickup_confirmed,2026-05-12T07:00:00,dispatch_tms
EVT00250_in_transit,SHP00250,in_transit,2026-05-13T08:00:00,dispatch_tms
EVT00250_delivered,SHP00250,delivered,2026-05-15T10:00:00,carrier_portal
EVT00251_booked,SHP00251,booked,2026-05-18T09:00:00,dispatch_tms
EVT00251_pickup_confirmed,SHP00251,pickup_confirmed,2026-05-19T10:00:00,dispatch_tms
EVT00251_in_transit,SHP00251,in_transit,2026-05-20T11:00:00,dispatch_tms
EVT00251_delivered,SHP00251,delivered,2026-05-23T14:00:00,carrier_portal
EVT00252_booked,SHP00252,booked,2026-05-25T12:00:00,dispatch_tms
EVT00252_pickup_confirmed,SHP00252,pickup_confirmed,2026-05-26T13:00:00,dispatch_tms
EVT00252_in_transit,SHP00252,in_transit,2026-05-27T14:00:00,dispatch_tms
EVT00252_delivered,SHP00252,delivered,2026-05-28T15:00:00,carrier_portal
EVT00253_booked,SHP00253,booked,2026-06-01T15:00:00,dispatch_tms
EVT00253_pickup_confirmed,SHP00253,pickup_confirmed,2026-06-02T16:00:00,dispatch_tms
EVT00253_in_transit,SHP00253,in_transit,2026-06-03T17:00:00,dispatch_tms
EVT00253_delivered,SHP00253,delivered,2026-06-04T18:00:00,carrier_portal
EVT00254_booked,SHP00254,booked,2026-06-08T18:00:00,dispatch_tms
EVT00254_pickup_confirmed,SHP00254,pickup_confirmed,2026-06-09T19:00:00,dispatch_tms
EVT00254_in_transit,SHP00254,in_transit,2026-06-10T20:00:00,dispatch_tms
EVT00254_delivered,SHP00254,delivered,2026-06-12T22:00:00,carrier_portal
EVT00255_booked,SHP00255,booked,2026-06-15T21:00:00,dispatch_tms
EVT00255_pickup_confirmed,SHP00255,pickup_confirmed,2026-06-16T22:00:00,dispatch_tms
EVT00255_in_transit,SHP00255,in_transit,2026-06-17T23:00:00,dispatch_tms
EVT00255_delivered,SHP00255,delivered,2026-06-20T02:00:00,carrier_portal
EVT00256_booked,SHP00256,booked,2026-06-22T00:00:00,dispatch_tms
EVT00256_pickup_confirmed,SHP00256,pickup_confirmed,2026-06-23T01:00:00,dispatch_tms
EVT00256_in_transit,SHP00256,in_transit,2026-06-24T02:00:00,dispatch_tms
EVT00256_delivered,SHP00256,delivered,2026-06-24T02:00:00,carrier_portal
EVT00257_booked,SHP00257,booked,2026-06-29T03:00:00,dispatch_tms
EVT00257_pickup_confirmed,SHP00257,pickup_confirmed,2026-06-30T04:00:00,dispatch_tms
EVT00257_in_transit,SHP00257,in_transit,2026-07-01T05:00:00,dispatch_tms
EVT00257_delivered,SHP00257,delivered,2026-07-03T07:00:00,carrier_portal
EVT00258_booked,SHP00258,booked,2026-01-07T06:00:00,dispatch_tms
EVT00258_pickup_confirmed,SHP00258,pickup_confirmed,2026-01-08T07:00:00,dispatch_tms
EVT00258_in_transit,SHP00258,in_transit,2026-01-09T08:00:00,dispatch_tms
EVT00258_delivered,SHP00258,delivered,2026-01-11T10:00:00,carrier_portal
EVT00259_booked,SHP00259,booked,2026-01-14T09:00:00,dispatch_tms
EVT00259_pickup_confirmed,SHP00259,pickup_confirmed,2026-01-15T10:00:00,dispatch_tms
EVT00259_in_transit,SHP00259,in_transit,2026-01-16T11:00:00,dispatch_tms
EVT00259_delivered,SHP00259,delivered,2026-01-20T15:00:00,carrier_portal
EVT00260_booked,SHP00260,booked,2026-01-21T12:00:00,dispatch_tms
EVT00260_pickup_confirmed,SHP00260,pickup_confirmed,2026-01-22T13:00:00,dispatch_tms
EVT00260_in_transit,SHP00260,in_transit,2026-01-23T14:00:00,dispatch_tms
EVT00260_delivered,SHP00260,delivered,2026-01-23T14:00:00,carrier_portal
EVT00261_booked,SHP00261,booked,2026-01-28T15:00:00,dispatch_tms
EVT00261_pickup_confirmed,SHP00261,pickup_confirmed,2026-01-29T16:00:00,dispatch_tms
EVT00261_in_transit,SHP00261,in_transit,2026-01-30T17:00:00,dispatch_tms
EVT00261_delivered,SHP00261,delivered,2026-01-31T18:00:00,carrier_portal
EVT00262_booked,SHP00262,booked,2026-02-04T18:00:00,dispatch_tms
EVT00262_pickup_confirmed,SHP00262,pickup_confirmed,2026-02-05T19:00:00,dispatch_tms
EVT00262_in_transit,SHP00262,in_transit,2026-02-06T20:00:00,dispatch_tms
EVT00262_delivered,SHP00262,delivered,2026-02-08T22:00:00,carrier_portal
EVT00263_booked,SHP00263,booked,2026-02-11T21:00:00,dispatch_tms
EVT00263_pickup_confirmed,SHP00263,pickup_confirmed,2026-02-12T22:00:00,dispatch_tms
EVT00263_in_transit,SHP00263,in_transit,2026-02-13T23:00:00,dispatch_tms
EVT00263_delivered,SHP00263,delivered,2026-02-16T02:00:00,carrier_portal
EVT00264_booked,SHP00264,booked,2026-02-18T00:00:00,dispatch_tms
EVT00264_pickup_confirmed,SHP00264,pickup_confirmed,2026-02-19T01:00:00,dispatch_tms
EVT00264_in_transit,SHP00264,in_transit,2026-02-20T02:00:00,dispatch_tms
EVT00264_delivered,SHP00264,delivered,2026-02-20T02:00:00,carrier_portal
EVT00265_booked,SHP00265,booked,2026-02-25T03:00:00,dispatch_tms
EVT00265_pickup_confirmed,SHP00265,pickup_confirmed,2026-02-26T04:00:00,dispatch_tms
EVT00265_in_transit,SHP00265,in_transit,2026-02-27T05:00:00,dispatch_tms
EVT00265_delivered,SHP00265,delivered,2026-02-28T06:00:00,carrier_portal
EVT00266_booked,SHP00266,booked,2026-03-04T06:00:00,dispatch_tms
EVT00266_pickup_confirmed,SHP00266,pickup_confirmed,2026-03-05T07:00:00,dispatch_tms
EVT00266_in_transit,SHP00266,in_transit,2026-03-06T08:00:00,dispatch_tms
EVT00266_delivered,SHP00266,delivered,2026-03-08T10:00:00,carrier_portal
EVT00267_booked,SHP00267,booked,2026-03-11T09:00:00,dispatch_tms
EVT00267_pickup_confirmed,SHP00267,pickup_confirmed,2026-03-12T10:00:00,dispatch_tms
EVT00267_in_transit,SHP00267,in_transit,2026-03-13T11:00:00,dispatch_tms
EVT00267_delivered,SHP00267,delivered,2026-03-17T15:00:00,carrier_portal
EVT00268_booked,SHP00268,booked,2026-03-18T12:00:00,dispatch_tms
EVT00268_pickup_confirmed,SHP00268,pickup_confirmed,2026-03-19T13:00:00,dispatch_tms
EVT00268_in_transit,SHP00268,in_transit,2026-03-20T14:00:00,dispatch_tms
EVT00268_delivered,SHP00268,delivered,2026-03-20T14:00:00,carrier_portal
EVT00269_booked,SHP00269,booked,2026-03-25T15:00:00,dispatch_tms
EVT00269_pickup_confirmed,SHP00269,pickup_confirmed,2026-03-26T16:00:00,dispatch_tms
EVT00269_in_transit,SHP00269,in_transit,2026-03-27T17:00:00,dispatch_tms
EVT00269_delivered,SHP00269,delivered,2026-03-28T18:00:00,carrier_portal
EVT00270_booked,SHP00270,booked,2026-04-01T18:00:00,dispatch_tms
EVT00270_pickup_confirmed,SHP00270,pickup_confirmed,2026-04-02T19:00:00,dispatch_tms
EVT00270_in_transit,SHP00270,in_transit,2026-04-03T20:00:00,dispatch_tms
EVT00270_delivered,SHP00270,delivered,2026-04-05T22:00:00,carrier_portal
EVT00271_booked,SHP00271,booked,2026-04-08T21:00:00,dispatch_tms
EVT00271_pickup_confirmed,SHP00271,pickup_confirmed,2026-04-09T22:00:00,dispatch_tms
EVT00271_in_transit,SHP00271,in_transit,2026-04-10T23:00:00,dispatch_tms
EVT00271_delivered,SHP00271,delivered,2026-04-13T02:00:00,carrier_portal
EVT00272_booked,SHP00272,booked,2026-04-15T00:00:00,dispatch_tms
EVT00272_pickup_confirmed,SHP00272,pickup_confirmed,2026-04-16T01:00:00,dispatch_tms
EVT00272_in_transit,SHP00272,in_transit,2026-04-17T02:00:00,dispatch_tms
EVT00272_delivered,SHP00272,delivered,2026-04-17T02:00:00,carrier_portal
EVT00273_booked,SHP00273,booked,2026-04-22T03:00:00,dispatch_tms
EVT00273_pickup_confirmed,SHP00273,pickup_confirmed,2026-04-23T04:00:00,dispatch_tms
EVT00273_in_transit,SHP00273,in_transit,2026-04-24T05:00:00,dispatch_tms
EVT00273_delivered,SHP00273,delivered,2026-04-25T06:00:00,carrier_portal
EVT00274_booked,SHP00274,booked,2026-04-29T06:00:00,dispatch_tms
EVT00274_pickup_confirmed,SHP00274,pickup_confirmed,2026-04-30T07:00:00,dispatch_tms
EVT00274_in_transit,SHP00274,in_transit,2026-05-01T08:00:00,dispatch_tms
EVT00274_delivered,SHP00274,delivered,2026-05-03T10:00:00,carrier_portal
EVT00275_booked,SHP00275,booked,2026-05-06T09:00:00,dispatch_tms
EVT00275_pickup_confirmed,SHP00275,pickup_confirmed,2026-05-07T10:00:00,dispatch_tms
EVT00275_in_transit,SHP00275,in_transit,2026-05-08T11:00:00,dispatch_tms
EVT00275_delivered,SHP00275,delivered,2026-05-11T14:00:00,carrier_portal
EVT00276_booked,SHP00276,booked,2026-05-13T12:00:00,dispatch_tms
EVT00276_pickup_confirmed,SHP00276,pickup_confirmed,2026-05-14T13:00:00,dispatch_tms
EVT00276_in_transit,SHP00276,in_transit,2026-05-15T14:00:00,dispatch_tms
EVT00276_delivered,SHP00276,delivered,2026-05-15T14:00:00,carrier_portal
EVT00277_booked,SHP00277,booked,2026-05-20T15:00:00,dispatch_tms
EVT00277_pickup_confirmed,SHP00277,pickup_confirmed,2026-05-21T16:00:00,dispatch_tms
EVT00277_in_transit,SHP00277,in_transit,2026-05-22T17:00:00,dispatch_tms
EVT00277_delivered,SHP00277,delivered,2026-05-23T18:00:00,carrier_portal
EVT00278_booked,SHP00278,booked,2026-05-27T18:00:00,dispatch_tms
EVT00278_pickup_confirmed,SHP00278,pickup_confirmed,2026-05-28T19:00:00,dispatch_tms
EVT00278_in_transit,SHP00278,in_transit,2026-05-29T20:00:00,dispatch_tms
EVT00278_delivered,SHP00278,delivered,2026-05-31T22:00:00,carrier_portal
EVT00279_booked,SHP00279,booked,2026-06-03T21:00:00,dispatch_tms
EVT00279_pickup_confirmed,SHP00279,pickup_confirmed,2026-06-04T22:00:00,dispatch_tms
EVT00279_in_transit,SHP00279,in_transit,2026-06-05T23:00:00,dispatch_tms
EVT00279_delivered,SHP00279,delivered,2026-06-08T02:00:00,carrier_portal
EVT00280_booked,SHP00280,booked,2026-06-10T00:00:00,dispatch_tms
EVT00280_pickup_confirmed,SHP00280,pickup_confirmed,2026-06-11T01:00:00,dispatch_tms
EVT00280_in_transit,SHP00280,in_transit,2026-06-12T02:00:00,dispatch_tms
EVT00280_delivered,SHP00280,delivered,2026-06-12T02:00:00,carrier_portal
EVT00281_booked,SHP00281,booked,2026-06-17T03:00:00,dispatch_tms
EVT00281_pickup_confirmed,SHP00281,pickup_confirmed,2026-06-18T04:00:00,dispatch_tms
EVT00281_in_transit,SHP00281,in_transit,2026-06-19T05:00:00,dispatch_tms
EVT00281_delivered,SHP00281,delivered,2026-06-20T06:00:00,carrier_portal
EVT00282_booked,SHP00282,booked,2026-06-24T06:00:00,dispatch_tms
EVT00282_pickup_confirmed,SHP00282,pickup_confirmed,2026-06-25T07:00:00,dispatch_tms
EVT00282_in_transit,SHP00282,in_transit,2026-06-26T08:00:00,dispatch_tms
EVT00282_delivered,SHP00282,delivered,2026-06-28T10:00:00,carrier_portal
EVT00283_booked,SHP00283,booked,2026-01-02T09:00:00,dispatch_tms
EVT00283_pickup_confirmed,SHP00283,pickup_confirmed,2026-01-03T10:00:00,dispatch_tms
EVT00283_in_transit,SHP00283,in_transit,2026-01-04T11:00:00,dispatch_tms
EVT00283_delivered,SHP00283,delivered,2026-01-07T14:00:00,carrier_portal
EVT00284_booked,SHP00284,booked,2026-01-09T12:00:00,dispatch_tms
EVT00284_pickup_confirmed,SHP00284,pickup_confirmed,2026-01-10T13:00:00,dispatch_tms
EVT00284_in_transit,SHP00284,in_transit,2026-01-11T14:00:00,dispatch_tms
EVT00284_delivered,SHP00284,delivered,2026-01-11T14:00:00,carrier_portal
EVT00285_booked,SHP00285,booked,2026-01-16T15:00:00,dispatch_tms
EVT00285_pickup_confirmed,SHP00285,pickup_confirmed,2026-01-17T16:00:00,dispatch_tms
EVT00285_in_transit,SHP00285,in_transit,2026-01-18T17:00:00,dispatch_tms
EVT00285_delivered,SHP00285,delivered,2026-01-19T18:00:00,carrier_portal
EVT00286_booked,SHP00286,booked,2026-01-23T18:00:00,dispatch_tms
EVT00286_pickup_confirmed,SHP00286,pickup_confirmed,2026-01-24T19:00:00,dispatch_tms
EVT00286_in_transit,SHP00286,in_transit,2026-01-25T20:00:00,dispatch_tms
EVT00286_delivered,SHP00286,delivered,2026-01-27T22:00:00,carrier_portal
EVT00287_booked,SHP00287,booked,2026-01-30T21:00:00,dispatch_tms
EVT00287_pickup_confirmed,SHP00287,pickup_confirmed,2026-01-31T22:00:00,dispatch_tms
EVT00287_in_transit,SHP00287,in_transit,2026-02-01T23:00:00,dispatch_tms
EVT00287_delivered,SHP00287,delivered,2026-02-04T02:00:00,carrier_portal
EVT00288_booked,SHP00288,booked,2026-02-06T00:00:00,dispatch_tms
EVT00288_pickup_confirmed,SHP00288,pickup_confirmed,2026-02-07T01:00:00,dispatch_tms
EVT00288_in_transit,SHP00288,in_transit,2026-02-08T02:00:00,dispatch_tms
EVT00288_delivered,SHP00288,delivered,2026-02-08T02:00:00,carrier_portal
EVT00289_booked,SHP00289,booked,2026-02-13T03:00:00,dispatch_tms
EVT00289_pickup_confirmed,SHP00289,pickup_confirmed,2026-02-14T04:00:00,dispatch_tms
EVT00289_in_transit,SHP00289,in_transit,2026-02-15T05:00:00,dispatch_tms
EVT00289_delivered,SHP00289,delivered,2026-02-16T06:00:00,carrier_portal
EVT00290_booked,SHP00290,booked,2026-02-20T06:00:00,dispatch_tms
EVT00290_pickup_confirmed,SHP00290,pickup_confirmed,2026-02-21T07:00:00,dispatch_tms
EVT00290_in_transit,SHP00290,in_transit,2026-02-22T08:00:00,dispatch_tms
EVT00290_delivered,SHP00290,delivered,2026-02-24T10:00:00,carrier_portal
EVT00291_booked,SHP00291,booked,2026-02-27T09:00:00,dispatch_tms
EVT00291_pickup_confirmed,SHP00291,pickup_confirmed,2026-02-28T10:00:00,dispatch_tms
EVT00291_in_transit,SHP00291,in_transit,2026-03-01T11:00:00,dispatch_tms
EVT00291_delivered,SHP00291,delivered,2026-03-04T14:00:00,carrier_portal
EVT00292_booked,SHP00292,booked,2026-03-06T12:00:00,dispatch_tms
EVT00292_pickup_confirmed,SHP00292,pickup_confirmed,2026-03-07T13:00:00,dispatch_tms
EVT00292_in_transit,SHP00292,in_transit,2026-03-08T14:00:00,dispatch_tms
EVT00292_delivered,SHP00292,delivered,2026-03-09T15:00:00,carrier_portal
EVT00293_booked,SHP00293,booked,2026-03-13T15:00:00,dispatch_tms
EVT00293_pickup_confirmed,SHP00293,pickup_confirmed,2026-03-14T16:00:00,dispatch_tms
EVT00293_in_transit,SHP00293,in_transit,2026-03-15T17:00:00,dispatch_tms
EVT00293_delivered,SHP00293,delivered,2026-03-16T18:00:00,carrier_portal
EVT00294_booked,SHP00294,booked,2026-03-20T18:00:00,dispatch_tms
EVT00294_pickup_confirmed,SHP00294,pickup_confirmed,2026-03-21T19:00:00,dispatch_tms
EVT00294_in_transit,SHP00294,in_transit,2026-03-22T20:00:00,dispatch_tms
EVT00294_delivered,SHP00294,delivered,2026-03-24T22:00:00,carrier_portal
EVT00295_booked,SHP00295,booked,2026-03-27T21:00:00,dispatch_tms
EVT00295_pickup_confirmed,SHP00295,pickup_confirmed,2026-03-28T22:00:00,dispatch_tms
EVT00295_in_transit,SHP00295,in_transit,2026-03-29T23:00:00,dispatch_tms
EVT00295_delivered,SHP00295,delivered,2026-04-01T02:00:00,carrier_portal
EVT00296_booked,SHP00296,booked,2026-04-03T00:00:00,dispatch_tms
EVT00296_pickup_confirmed,SHP00296,pickup_confirmed,2026-04-04T01:00:00,dispatch_tms
EVT00296_in_transit,SHP00296,in_transit,2026-04-05T02:00:00,dispatch_tms
EVT00296_delivered,SHP00296,delivered,2026-04-05T02:00:00,carrier_portal
EVT00297_booked,SHP00297,booked,2026-04-10T03:00:00,dispatch_tms
EVT00297_pickup_confirmed,SHP00297,pickup_confirmed,2026-04-11T04:00:00,dispatch_tms
EVT00297_in_transit,SHP00297,in_transit,2026-04-12T05:00:00,dispatch_tms
EVT00297_delivered,SHP00297,delivered,2026-04-13T06:00:00,carrier_portal
EVT00298_booked,SHP00298,booked,2026-04-17T06:00:00,dispatch_tms
EVT00298_pickup_confirmed,SHP00298,pickup_confirmed,2026-04-18T07:00:00,dispatch_tms
EVT00298_in_transit,SHP00298,in_transit,2026-04-19T08:00:00,dispatch_tms
EVT00298_delivered,SHP00298,delivered,2026-04-21T10:00:00,carrier_portal
EVT00299_booked,SHP00299,booked,2026-04-24T09:00:00,dispatch_tms
EVT00299_pickup_confirmed,SHP00299,pickup_confirmed,2026-04-25T10:00:00,dispatch_tms
EVT00299_in_transit,SHP00299,in_transit,2026-04-26T11:00:00,dispatch_tms
EVT00299_delivered,SHP00299,delivered,2026-04-29T14:00:00,carrier_portal
EVT00300_booked,SHP00300,booked,2026-05-01T12:00:00,dispatch_tms
EVT00300_pickup_confirmed,SHP00300,pickup_confirmed,2026-05-02T13:00:00,dispatch_tms
EVT00300_in_transit,SHP00300,in_transit,2026-05-03T14:00:00,dispatch_tms
EVT00300_delivered,SHP00300,delivered,2026-05-03T14:00:00,carrier_portal
EVT00301_booked,SHP00301,booked,2026-05-08T15:00:00,dispatch_tms
EVT00301_pickup_confirmed,SHP00301,pickup_confirmed,2026-05-09T16:00:00,dispatch_tms
EVT00301_in_transit,SHP00301,in_transit,2026-05-10T17:00:00,dispatch_tms
EVT00301_delivered,SHP00301,delivered,2026-05-11T18:00:00,carrier_portal
EVT00302_booked,SHP00302,booked,2026-05-15T18:00:00,dispatch_tms
EVT00302_pickup_confirmed,SHP00302,pickup_confirmed,2026-05-16T19:00:00,dispatch_tms
EVT00302_in_transit,SHP00302,in_transit,2026-05-17T20:00:00,dispatch_tms
EVT00302_delivered,SHP00302,delivered,2026-05-19T22:00:00,carrier_portal
EVT00303_booked,SHP00303,booked,2026-05-22T21:00:00,dispatch_tms
EVT00303_pickup_confirmed,SHP00303,pickup_confirmed,2026-05-23T22:00:00,dispatch_tms
EVT00303_in_transit,SHP00303,in_transit,2026-05-24T23:00:00,dispatch_tms
EVT00303_delivered,SHP00303,delivered,2026-05-27T02:00:00,carrier_portal
EVT00304_booked,SHP00304,booked,2026-05-29T00:00:00,dispatch_tms
EVT00304_pickup_confirmed,SHP00304,pickup_confirmed,2026-05-30T01:00:00,dispatch_tms
EVT00304_in_transit,SHP00304,in_transit,2026-05-31T02:00:00,dispatch_tms
EVT00304_delivered,SHP00304,delivered,2026-05-31T02:00:00,carrier_portal
EVT00305_booked,SHP00305,booked,2026-06-05T03:00:00,dispatch_tms
EVT00305_pickup_confirmed,SHP00305,pickup_confirmed,2026-06-06T04:00:00,dispatch_tms
EVT00305_in_transit,SHP00305,in_transit,2026-06-07T05:00:00,dispatch_tms
EVT00305_delivered,SHP00305,delivered,2026-06-08T06:00:00,carrier_portal
EVT00306_booked,SHP00306,booked,2026-06-12T06:00:00,dispatch_tms
EVT00306_pickup_confirmed,SHP00306,pickup_confirmed,2026-06-13T07:00:00,dispatch_tms
EVT00306_in_transit,SHP00306,in_transit,2026-06-14T08:00:00,dispatch_tms
EVT00306_delivered,SHP00306,delivered,2026-06-16T10:00:00,carrier_portal
EVT00307_booked,SHP00307,booked,2026-06-19T09:00:00,dispatch_tms
EVT00307_pickup_confirmed,SHP00307,pickup_confirmed,2026-06-20T10:00:00,dispatch_tms
EVT00307_in_transit,SHP00307,in_transit,2026-06-21T11:00:00,dispatch_tms
EVT00307_delivered,SHP00307,delivered,2026-06-24T14:00:00,carrier_portal
EVT00308_booked,SHP00308,booked,2026-06-26T12:00:00,dispatch_tms
EVT00308_pickup_confirmed,SHP00308,pickup_confirmed,2026-06-27T13:00:00,dispatch_tms
EVT00308_in_transit,SHP00308,in_transit,2026-06-28T14:00:00,dispatch_tms
EVT00308_delivered,SHP00308,delivered,2026-06-28T14:00:00,carrier_portal
EVT00309_booked,SHP00309,booked,2026-01-04T15:00:00,dispatch_tms
EVT00309_pickup_confirmed,SHP00309,pickup_confirmed,2026-01-05T16:00:00,dispatch_tms
EVT00309_in_transit,SHP00309,in_transit,2026-01-06T17:00:00,dispatch_tms
EVT00309_delivered,SHP00309,delivered,2026-01-07T18:00:00,carrier_portal
EVT00310_booked,SHP00310,booked,2026-01-11T18:00:00,dispatch_tms
EVT00310_pickup_confirmed,SHP00310,pickup_confirmed,2026-01-12T19:00:00,dispatch_tms
EVT00310_in_transit,SHP00310,in_transit,2026-01-13T20:00:00,dispatch_tms
EVT00310_delivered,SHP00310,delivered,2026-01-15T22:00:00,carrier_portal
EVT00311_booked,SHP00311,booked,2026-01-18T21:00:00,dispatch_tms
EVT00311_pickup_confirmed,SHP00311,pickup_confirmed,2026-01-19T22:00:00,dispatch_tms
EVT00311_in_transit,SHP00311,in_transit,2026-01-20T23:00:00,dispatch_tms
EVT00311_delivered,SHP00311,delivered,2026-01-23T02:00:00,carrier_portal
EVT00312_booked,SHP00312,booked,2026-01-25T00:00:00,dispatch_tms
EVT00312_pickup_confirmed,SHP00312,pickup_confirmed,2026-01-26T01:00:00,dispatch_tms
EVT00312_in_transit,SHP00312,in_transit,2026-01-27T02:00:00,dispatch_tms
EVT00312_delivered,SHP00312,delivered,2026-01-27T02:00:00,carrier_portal
EVT00313_booked,SHP00313,booked,2026-02-01T03:00:00,dispatch_tms
EVT00313_pickup_confirmed,SHP00313,pickup_confirmed,2026-02-02T04:00:00,dispatch_tms
EVT00313_in_transit,SHP00313,in_transit,2026-02-03T05:00:00,dispatch_tms
EVT00313_delivered,SHP00313,delivered,2026-02-04T06:00:00,carrier_portal
EVT00314_booked,SHP00314,booked,2026-02-08T06:00:00,dispatch_tms
EVT00314_pickup_confirmed,SHP00314,pickup_confirmed,2026-02-09T07:00:00,dispatch_tms
EVT00314_in_transit,SHP00314,in_transit,2026-02-10T08:00:00,dispatch_tms
EVT00314_delivered,SHP00314,delivered,2026-02-13T11:00:00,carrier_portal
EVT00315_booked,SHP00315,booked,2026-02-15T09:00:00,dispatch_tms
EVT00315_pickup_confirmed,SHP00315,pickup_confirmed,2026-02-16T10:00:00,dispatch_tms
EVT00315_in_transit,SHP00315,in_transit,2026-02-17T11:00:00,dispatch_tms
EVT00315_delivered,SHP00315,delivered,2026-02-20T14:00:00,carrier_portal
EVT00316_booked,SHP00316,booked,2026-02-22T12:00:00,dispatch_tms
EVT00316_pickup_confirmed,SHP00316,pickup_confirmed,2026-02-23T13:00:00,dispatch_tms
EVT00316_in_transit,SHP00316,in_transit,2026-02-24T14:00:00,dispatch_tms
EVT00316_delivered,SHP00316,delivered,2026-02-24T14:00:00,carrier_portal
EVT00317_booked,SHP00317,booked,2026-03-01T15:00:00,dispatch_tms
EVT00317_pickup_confirmed,SHP00317,pickup_confirmed,2026-03-02T16:00:00,dispatch_tms
EVT00317_in_transit,SHP00317,in_transit,2026-03-03T17:00:00,dispatch_tms
EVT00317_delivered,SHP00317,delivered,2026-03-04T18:00:00,carrier_portal
EVT00318_booked,SHP00318,booked,2026-03-08T18:00:00,dispatch_tms
EVT00318_pickup_confirmed,SHP00318,pickup_confirmed,2026-03-09T19:00:00,dispatch_tms
EVT00318_in_transit,SHP00318,in_transit,2026-03-10T20:00:00,dispatch_tms
EVT00318_delivered,SHP00318,delivered,2026-03-12T22:00:00,carrier_portal
EVT00319_booked,SHP00319,booked,2026-03-15T21:00:00,dispatch_tms
EVT00319_pickup_confirmed,SHP00319,pickup_confirmed,2026-03-16T22:00:00,dispatch_tms
EVT00319_in_transit,SHP00319,in_transit,2026-03-17T23:00:00,dispatch_tms
EVT00319_delivered,SHP00319,delivered,2026-03-20T02:00:00,carrier_portal
EVT00320_booked,SHP00320,booked,2026-03-22T00:00:00,dispatch_tms
EVT00320_pickup_confirmed,SHP00320,pickup_confirmed,2026-03-23T01:00:00,dispatch_tms
EVT00320_in_transit,SHP00320,in_transit,2026-03-24T02:00:00,dispatch_tms
EVT00320_delivered,SHP00320,delivered,2026-03-24T02:00:00,carrier_portal
EVT00321_booked,SHP00321,booked,2026-03-29T03:00:00,dispatch_tms
EVT00321_pickup_confirmed,SHP00321,pickup_confirmed,2026-03-30T04:00:00,dispatch_tms
EVT00321_in_transit,SHP00321,in_transit,2026-03-31T05:00:00,dispatch_tms
EVT00321_delivered,SHP00321,delivered,2026-04-02T07:00:00,carrier_portal
EVT00322_booked,SHP00322,booked,2026-04-05T06:00:00,dispatch_tms
EVT00322_pickup_confirmed,SHP00322,pickup_confirmed,2026-04-06T07:00:00,dispatch_tms
EVT00322_in_transit,SHP00322,in_transit,2026-04-07T08:00:00,dispatch_tms
EVT00322_delivered,SHP00322,delivered,2026-04-09T10:00:00,carrier_portal
EVT00323_booked,SHP00323,booked,2026-04-12T09:00:00,dispatch_tms
EVT00323_pickup_confirmed,SHP00323,pickup_confirmed,2026-04-13T10:00:00,dispatch_tms
EVT00323_in_transit,SHP00323,in_transit,2026-04-14T11:00:00,dispatch_tms
EVT00323_delivered,SHP00323,delivered,2026-04-17T14:00:00,carrier_portal
EVT00324_booked,SHP00324,booked,2026-04-19T12:00:00,dispatch_tms
EVT00324_pickup_confirmed,SHP00324,pickup_confirmed,2026-04-20T13:00:00,dispatch_tms
EVT00324_in_transit,SHP00324,in_transit,2026-04-21T14:00:00,dispatch_tms
EVT00324_delivered,SHP00324,delivered,2026-04-22T15:00:00,carrier_portal
EVT00325_booked,SHP00325,booked,2026-04-26T15:00:00,dispatch_tms
EVT00325_pickup_confirmed,SHP00325,pickup_confirmed,2026-04-27T16:00:00,dispatch_tms
EVT00325_in_transit,SHP00325,in_transit,2026-04-28T17:00:00,dispatch_tms
EVT00325_delivered,SHP00325,delivered,2026-04-29T18:00:00,carrier_portal
EVT00326_booked,SHP00326,booked,2026-05-03T18:00:00,dispatch_tms
EVT00326_pickup_confirmed,SHP00326,pickup_confirmed,2026-05-04T19:00:00,dispatch_tms
EVT00326_in_transit,SHP00326,in_transit,2026-05-05T20:00:00,dispatch_tms
EVT00326_delivered,SHP00326,delivered,2026-05-07T22:00:00,carrier_portal
EVT00327_booked,SHP00327,booked,2026-05-10T21:00:00,dispatch_tms
EVT00327_pickup_confirmed,SHP00327,pickup_confirmed,2026-05-11T22:00:00,dispatch_tms
EVT00327_in_transit,SHP00327,in_transit,2026-05-12T23:00:00,dispatch_tms
EVT00327_delivered,SHP00327,delivered,2026-05-15T02:00:00,carrier_portal
EVT00328_booked,SHP00328,booked,2026-05-17T00:00:00,dispatch_tms
EVT00328_pickup_confirmed,SHP00328,pickup_confirmed,2026-05-18T01:00:00,dispatch_tms
EVT00328_in_transit,SHP00328,in_transit,2026-05-19T02:00:00,dispatch_tms
EVT00328_delivered,SHP00328,delivered,2026-05-19T02:00:00,carrier_portal
EVT00329_booked,SHP00329,booked,2026-05-24T03:00:00,dispatch_tms
EVT00329_pickup_confirmed,SHP00329,pickup_confirmed,2026-05-25T04:00:00,dispatch_tms
EVT00329_in_transit,SHP00329,in_transit,2026-05-26T05:00:00,dispatch_tms
EVT00329_delivered,SHP00329,delivered,2026-05-27T06:00:00,carrier_portal
EVT00330_booked,SHP00330,booked,2026-05-31T06:00:00,dispatch_tms
EVT00330_pickup_confirmed,SHP00330,pickup_confirmed,2026-06-01T07:00:00,dispatch_tms
EVT00330_in_transit,SHP00330,in_transit,2026-06-02T08:00:00,dispatch_tms
EVT00330_delivered,SHP00330,delivered,2026-06-04T10:00:00,carrier_portal
EVT00331_booked,SHP00331,booked,2026-06-07T09:00:00,dispatch_tms
EVT00331_pickup_confirmed,SHP00331,pickup_confirmed,2026-06-08T10:00:00,dispatch_tms
EVT00331_in_transit,SHP00331,in_transit,2026-06-09T11:00:00,dispatch_tms
EVT00331_delivered,SHP00331,delivered,2026-06-12T14:00:00,carrier_portal
EVT00332_booked,SHP00332,booked,2026-06-14T12:00:00,dispatch_tms
EVT00332_pickup_confirmed,SHP00332,pickup_confirmed,2026-06-15T13:00:00,dispatch_tms
EVT00332_in_transit,SHP00332,in_transit,2026-06-16T14:00:00,dispatch_tms
EVT00332_delivered,SHP00332,delivered,2026-06-16T14:00:00,carrier_portal
EVT00333_booked,SHP00333,booked,2026-06-21T15:00:00,dispatch_tms
EVT00333_pickup_confirmed,SHP00333,pickup_confirmed,2026-06-22T16:00:00,dispatch_tms
EVT00333_in_transit,SHP00333,in_transit,2026-06-23T17:00:00,dispatch_tms
EVT00333_delivered,SHP00333,delivered,2026-06-24T18:00:00,carrier_portal
EVT00334_booked,SHP00334,booked,2026-06-28T18:00:00,dispatch_tms
EVT00334_pickup_confirmed,SHP00334,pickup_confirmed,2026-06-29T19:00:00,dispatch_tms
EVT00334_in_transit,SHP00334,in_transit,2026-06-30T20:00:00,dispatch_tms
EVT00334_delivered,SHP00334,delivered,2026-07-02T22:00:00,carrier_portal
EVT00335_booked,SHP00335,booked,2026-01-06T21:00:00,dispatch_tms
EVT00335_pickup_confirmed,SHP00335,pickup_confirmed,2026-01-07T22:00:00,dispatch_tms
EVT00335_in_transit,SHP00335,in_transit,2026-01-08T23:00:00,dispatch_tms
EVT00335_delivered,SHP00335,delivered,2026-01-11T02:00:00,carrier_portal
EVT00336_booked,SHP00336,booked,2026-01-13T00:00:00,dispatch_tms
EVT00336_pickup_confirmed,SHP00336,pickup_confirmed,2026-01-14T01:00:00,dispatch_tms
EVT00336_in_transit,SHP00336,in_transit,2026-01-15T02:00:00,dispatch_tms
EVT00336_delivered,SHP00336,delivered,2026-01-15T02:00:00,carrier_portal
EVT00337_booked,SHP00337,booked,2026-01-20T03:00:00,dispatch_tms
EVT00337_pickup_confirmed,SHP00337,pickup_confirmed,2026-01-21T04:00:00,dispatch_tms
EVT00337_in_transit,SHP00337,in_transit,2026-01-22T05:00:00,dispatch_tms
EVT00337_delivered,SHP00337,delivered,2026-01-23T06:00:00,carrier_portal
EVT00338_booked,SHP00338,booked,2026-01-27T06:00:00,dispatch_tms
EVT00338_pickup_confirmed,SHP00338,pickup_confirmed,2026-01-28T07:00:00,dispatch_tms
EVT00338_in_transit,SHP00338,in_transit,2026-01-29T08:00:00,dispatch_tms
EVT00338_delivered,SHP00338,delivered,2026-01-31T10:00:00,carrier_portal
EVT00339_booked,SHP00339,booked,2026-02-03T09:00:00,dispatch_tms
EVT00339_pickup_confirmed,SHP00339,pickup_confirmed,2026-02-04T10:00:00,dispatch_tms
EVT00339_in_transit,SHP00339,in_transit,2026-02-05T11:00:00,dispatch_tms
EVT00339_delivered,SHP00339,delivered,2026-02-08T14:00:00,carrier_portal
EVT00340_booked,SHP00340,booked,2026-02-10T12:00:00,dispatch_tms
EVT00340_pickup_confirmed,SHP00340,pickup_confirmed,2026-02-11T13:00:00,dispatch_tms
EVT00340_in_transit,SHP00340,in_transit,2026-02-12T14:00:00,dispatch_tms
EVT00340_delivered,SHP00340,delivered,2026-02-12T14:00:00,carrier_portal
EVT00341_booked,SHP00341,booked,2026-02-17T15:00:00,dispatch_tms
EVT00341_pickup_confirmed,SHP00341,pickup_confirmed,2026-02-18T16:00:00,dispatch_tms
EVT00341_in_transit,SHP00341,in_transit,2026-02-19T17:00:00,dispatch_tms
EVT00341_delivered,SHP00341,delivered,2026-02-20T18:00:00,carrier_portal
EVT00342_booked,SHP00342,booked,2026-02-24T18:00:00,dispatch_tms
EVT00342_pickup_confirmed,SHP00342,pickup_confirmed,2026-02-25T19:00:00,dispatch_tms
EVT00342_in_transit,SHP00342,in_transit,2026-02-26T20:00:00,dispatch_tms
EVT00342_delivered,SHP00342,delivered,2026-02-28T22:00:00,carrier_portal
EVT00343_booked,SHP00343,booked,2026-03-03T21:00:00,dispatch_tms
EVT00343_pickup_confirmed,SHP00343,pickup_confirmed,2026-03-04T22:00:00,dispatch_tms
EVT00343_in_transit,SHP00343,in_transit,2026-03-05T23:00:00,dispatch_tms
EVT00343_delivered,SHP00343,delivered,2026-03-08T02:00:00,carrier_portal
EVT00344_booked,SHP00344,booked,2026-03-10T00:00:00,dispatch_tms
EVT00344_pickup_confirmed,SHP00344,pickup_confirmed,2026-03-11T01:00:00,dispatch_tms
EVT00344_in_transit,SHP00344,in_transit,2026-03-12T02:00:00,dispatch_tms
EVT00344_delivered,SHP00344,delivered,2026-03-13T03:00:00,carrier_portal
EVT00345_booked,SHP00345,booked,2026-03-17T03:00:00,dispatch_tms
EVT00345_pickup_confirmed,SHP00345,pickup_confirmed,2026-03-18T04:00:00,dispatch_tms
EVT00345_in_transit,SHP00345,in_transit,2026-03-19T05:00:00,dispatch_tms
EVT00345_delivered,SHP00345,delivered,2026-03-20T06:00:00,carrier_portal
EVT00346_booked,SHP00346,booked,2026-03-24T06:00:00,dispatch_tms
EVT00346_pickup_confirmed,SHP00346,pickup_confirmed,2026-03-25T07:00:00,dispatch_tms
EVT00346_in_transit,SHP00346,in_transit,2026-03-26T08:00:00,dispatch_tms
EVT00346_delivered,SHP00346,delivered,2026-03-28T10:00:00,carrier_portal
EVT00347_booked,SHP00347,booked,2026-03-31T09:00:00,dispatch_tms
EVT00347_pickup_confirmed,SHP00347,pickup_confirmed,2026-04-01T10:00:00,dispatch_tms
EVT00347_in_transit,SHP00347,in_transit,2026-04-02T11:00:00,dispatch_tms
EVT00347_delivered,SHP00347,delivered,2026-04-05T14:00:00,carrier_portal
EVT00348_booked,SHP00348,booked,2026-04-07T12:00:00,dispatch_tms
EVT00348_pickup_confirmed,SHP00348,pickup_confirmed,2026-04-08T13:00:00,dispatch_tms
EVT00348_in_transit,SHP00348,in_transit,2026-04-09T14:00:00,dispatch_tms
EVT00348_delivered,SHP00348,delivered,2026-04-09T14:00:00,carrier_portal
EVT00349_booked,SHP00349,booked,2026-04-14T15:00:00,dispatch_tms
EVT00349_pickup_confirmed,SHP00349,pickup_confirmed,2026-04-15T16:00:00,dispatch_tms
EVT00349_in_transit,SHP00349,in_transit,2026-04-16T17:00:00,dispatch_tms
EVT00349_delivered,SHP00349,delivered,2026-04-17T18:00:00,carrier_portal
EVT00350_booked,SHP00350,booked,2026-04-21T18:00:00,dispatch_tms
EVT00350_pickup_confirmed,SHP00350,pickup_confirmed,2026-04-22T19:00:00,dispatch_tms
EVT00350_in_transit,SHP00350,in_transit,2026-04-23T20:00:00,dispatch_tms
EVT00350_delivered,SHP00350,delivered,2026-04-25T22:00:00,carrier_portal
EVT00351_booked,SHP00351,booked,2026-04-28T21:00:00,dispatch_tms
EVT00351_pickup_confirmed,SHP00351,pickup_confirmed,2026-04-29T22:00:00,dispatch_tms
EVT00351_in_transit,SHP00351,in_transit,2026-04-30T23:00:00,dispatch_tms
EVT00351_delivered,SHP00351,delivered,2026-05-03T02:00:00,carrier_portal
EVT00352_booked,SHP00352,booked,2026-05-05T00:00:00,dispatch_tms
EVT00352_pickup_confirmed,SHP00352,pickup_confirmed,2026-05-06T01:00:00,dispatch_tms
EVT00352_in_transit,SHP00352,in_transit,2026-05-07T02:00:00,dispatch_tms
EVT00352_delivered,SHP00352,delivered,2026-05-07T02:00:00,carrier_portal
EVT00353_booked,SHP00353,booked,2026-05-12T03:00:00,dispatch_tms
EVT00353_pickup_confirmed,SHP00353,pickup_confirmed,2026-05-13T04:00:00,dispatch_tms
EVT00353_in_transit,SHP00353,in_transit,2026-05-14T05:00:00,dispatch_tms
EVT00353_delivered,SHP00353,delivered,2026-05-15T06:00:00,carrier_portal
EVT00354_booked,SHP00354,booked,2026-05-19T06:00:00,dispatch_tms
EVT00354_pickup_confirmed,SHP00354,pickup_confirmed,2026-05-20T07:00:00,dispatch_tms
EVT00354_in_transit,SHP00354,in_transit,2026-05-21T08:00:00,dispatch_tms
EVT00354_delivered,SHP00354,delivered,2026-05-23T10:00:00,carrier_portal
EVT00355_booked,SHP00355,booked,2026-05-26T09:00:00,dispatch_tms
EVT00355_pickup_confirmed,SHP00355,pickup_confirmed,2026-05-27T10:00:00,dispatch_tms
EVT00355_in_transit,SHP00355,in_transit,2026-05-28T11:00:00,dispatch_tms
EVT00355_delivered,SHP00355,delivered,2026-05-31T14:00:00,carrier_portal
EVT00356_booked,SHP00356,booked,2026-06-02T12:00:00,dispatch_tms
EVT00356_pickup_confirmed,SHP00356,pickup_confirmed,2026-06-03T13:00:00,dispatch_tms
EVT00356_in_transit,SHP00356,in_transit,2026-06-04T14:00:00,dispatch_tms
EVT00356_delivered,SHP00356,delivered,2026-06-04T14:00:00,carrier_portal
EVT00357_booked,SHP00357,booked,2026-06-09T15:00:00,dispatch_tms
EVT00357_pickup_confirmed,SHP00357,pickup_confirmed,2026-06-10T16:00:00,dispatch_tms
EVT00357_in_transit,SHP00357,in_transit,2026-06-11T17:00:00,dispatch_tms
EVT00357_delivered,SHP00357,delivered,2026-06-12T18:00:00,carrier_portal
EVT00358_booked,SHP00358,booked,2026-06-16T18:00:00,dispatch_tms
EVT00358_pickup_confirmed,SHP00358,pickup_confirmed,2026-06-17T19:00:00,dispatch_tms
EVT00358_in_transit,SHP00358,in_transit,2026-06-18T20:00:00,dispatch_tms
EVT00358_delivered,SHP00358,delivered,2026-06-20T22:00:00,carrier_portal
EVT00359_booked,SHP00359,booked,2026-06-23T21:00:00,dispatch_tms
EVT00359_pickup_confirmed,SHP00359,pickup_confirmed,2026-06-24T22:00:00,dispatch_tms
EVT00359_in_transit,SHP00359,in_transit,2026-06-25T23:00:00,dispatch_tms
EVT00359_delivered,SHP00359,delivered,2026-06-28T02:00:00,carrier_portal
EVT00360_booked,SHP00360,booked,2026-01-01T00:00:00,dispatch_tms
EVT00360_pickup_confirmed,SHP00360,pickup_confirmed,2026-01-02T01:00:00,dispatch_tms
EVT00360_in_transit,SHP00360,in_transit,2026-01-03T02:00:00,dispatch_tms
EVT00360_delivered,SHP00360,delivered,2026-01-03T02:00:00,carrier_portal
EVT00361_booked,SHP00361,booked,2026-01-08T03:00:00,dispatch_tms
EVT00361_pickup_confirmed,SHP00361,pickup_confirmed,2026-01-09T04:00:00,dispatch_tms
EVT00361_in_transit,SHP00361,in_transit,2026-01-10T05:00:00,dispatch_tms
EVT00361_delivered,SHP00361,delivered,2026-01-11T06:00:00,carrier_portal
EVT00362_booked,SHP00362,booked,2026-01-15T06:00:00,dispatch_tms
EVT00362_pickup_confirmed,SHP00362,pickup_confirmed,2026-01-16T07:00:00,dispatch_tms
EVT00362_in_transit,SHP00362,in_transit,2026-01-17T08:00:00,dispatch_tms
EVT00362_delivered,SHP00362,delivered,2026-01-19T10:00:00,carrier_portal
EVT00363_booked,SHP00363,booked,2026-01-22T09:00:00,dispatch_tms
EVT00363_pickup_confirmed,SHP00363,pickup_confirmed,2026-01-23T10:00:00,dispatch_tms
EVT00363_in_transit,SHP00363,in_transit,2026-01-24T11:00:00,dispatch_tms
EVT00363_delivered,SHP00363,delivered,2026-01-27T14:00:00,carrier_portal
EVT00364_booked,SHP00364,booked,2026-01-29T12:00:00,dispatch_tms
EVT00364_pickup_confirmed,SHP00364,pickup_confirmed,2026-01-30T13:00:00,dispatch_tms
EVT00364_in_transit,SHP00364,in_transit,2026-01-31T14:00:00,dispatch_tms
EVT00364_delivered,SHP00364,delivered,2026-01-31T14:00:00,carrier_portal
EVT00365_booked,SHP00365,booked,2026-02-05T15:00:00,dispatch_tms
EVT00365_pickup_confirmed,SHP00365,pickup_confirmed,2026-02-06T16:00:00,dispatch_tms
EVT00365_in_transit,SHP00365,in_transit,2026-02-07T17:00:00,dispatch_tms
EVT00365_delivered,SHP00365,delivered,2026-02-08T18:00:00,carrier_portal
EVT00366_booked,SHP00366,booked,2026-02-12T18:00:00,dispatch_tms
EVT00366_pickup_confirmed,SHP00366,pickup_confirmed,2026-02-13T19:00:00,dispatch_tms
EVT00366_in_transit,SHP00366,in_transit,2026-02-14T20:00:00,dispatch_tms
EVT00366_delivered,SHP00366,delivered,2026-02-16T22:00:00,carrier_portal
EVT00367_booked,SHP00367,booked,2026-02-19T21:00:00,dispatch_tms
EVT00367_pickup_confirmed,SHP00367,pickup_confirmed,2026-02-20T22:00:00,dispatch_tms
EVT00367_in_transit,SHP00367,in_transit,2026-02-21T23:00:00,dispatch_tms
EVT00367_delivered,SHP00367,delivered,2026-02-24T02:00:00,carrier_portal
EVT00368_booked,SHP00368,booked,2026-02-26T00:00:00,dispatch_tms
EVT00368_pickup_confirmed,SHP00368,pickup_confirmed,2026-02-27T01:00:00,dispatch_tms
EVT00368_in_transit,SHP00368,in_transit,2026-02-28T02:00:00,dispatch_tms
EVT00368_delivered,SHP00368,delivered,2026-02-28T02:00:00,carrier_portal
EVT00369_booked,SHP00369,booked,2026-03-05T03:00:00,dispatch_tms
EVT00369_pickup_confirmed,SHP00369,pickup_confirmed,2026-03-06T04:00:00,dispatch_tms
EVT00369_in_transit,SHP00369,in_transit,2026-03-07T05:00:00,dispatch_tms
EVT00369_delivered,SHP00369,delivered,2026-03-08T06:00:00,carrier_portal
EVT00370_booked,SHP00370,booked,2026-03-12T06:00:00,dispatch_tms
EVT00370_pickup_confirmed,SHP00370,pickup_confirmed,2026-03-13T07:00:00,dispatch_tms
EVT00370_in_transit,SHP00370,in_transit,2026-03-14T08:00:00,dispatch_tms
EVT00370_delivered,SHP00370,delivered,2026-03-16T10:00:00,carrier_portal
EVT00371_booked,SHP00371,booked,2026-03-19T09:00:00,dispatch_tms
EVT00371_pickup_confirmed,SHP00371,pickup_confirmed,2026-03-20T10:00:00,dispatch_tms
EVT00371_in_transit,SHP00371,in_transit,2026-03-21T11:00:00,dispatch_tms
EVT00371_delivered,SHP00371,delivered,2026-03-24T14:00:00,carrier_portal
EVT00372_booked,SHP00372,booked,2026-03-26T12:00:00,dispatch_tms
EVT00372_pickup_confirmed,SHP00372,pickup_confirmed,2026-03-27T13:00:00,dispatch_tms
EVT00372_in_transit,SHP00372,in_transit,2026-03-28T14:00:00,dispatch_tms
EVT00372_delivered,SHP00372,delivered,2026-03-28T14:00:00,carrier_portal
EVT00373_booked,SHP00373,booked,2026-04-02T15:00:00,dispatch_tms
EVT00373_pickup_confirmed,SHP00373,pickup_confirmed,2026-04-03T16:00:00,dispatch_tms
EVT00373_in_transit,SHP00373,in_transit,2026-04-04T17:00:00,dispatch_tms
EVT00373_delivered,SHP00373,delivered,2026-04-05T18:00:00,carrier_portal
EVT00374_booked,SHP00374,booked,2026-04-09T18:00:00,dispatch_tms
EVT00374_pickup_confirmed,SHP00374,pickup_confirmed,2026-04-10T19:00:00,dispatch_tms
EVT00374_in_transit,SHP00374,in_transit,2026-04-11T20:00:00,dispatch_tms
EVT00374_delivered,SHP00374,delivered,2026-04-13T22:00:00,carrier_portal
EVT00375_booked,SHP00375,booked,2026-04-16T21:00:00,dispatch_tms
EVT00375_pickup_confirmed,SHP00375,pickup_confirmed,2026-04-17T22:00:00,dispatch_tms
EVT00375_in_transit,SHP00375,in_transit,2026-04-18T23:00:00,dispatch_tms
EVT00375_delivered,SHP00375,delivered,2026-04-21T02:00:00,carrier_portal
EVT00376_booked,SHP00376,booked,2026-04-23T00:00:00,dispatch_tms
EVT00376_pickup_confirmed,SHP00376,pickup_confirmed,2026-04-24T01:00:00,dispatch_tms
EVT00376_in_transit,SHP00376,in_transit,2026-04-25T02:00:00,dispatch_tms
EVT00376_delivered,SHP00376,delivered,2026-04-25T02:00:00,carrier_portal
EVT00377_booked,SHP00377,booked,2026-04-30T03:00:00,dispatch_tms
EVT00377_pickup_confirmed,SHP00377,pickup_confirmed,2026-05-01T04:00:00,dispatch_tms
EVT00377_in_transit,SHP00377,in_transit,2026-05-02T05:00:00,dispatch_tms
EVT00377_delivered,SHP00377,delivered,2026-05-03T06:00:00,carrier_portal
EVT00378_booked,SHP00378,booked,2026-05-07T06:00:00,dispatch_tms
EVT00378_pickup_confirmed,SHP00378,pickup_confirmed,2026-05-08T07:00:00,dispatch_tms
EVT00378_in_transit,SHP00378,in_transit,2026-05-09T08:00:00,dispatch_tms
EVT00378_delivered,SHP00378,delivered,2026-05-11T10:00:00,carrier_portal
EVT00379_booked,SHP00379,booked,2026-05-14T09:00:00,dispatch_tms
EVT00379_pickup_confirmed,SHP00379,pickup_confirmed,2026-05-15T10:00:00,dispatch_tms
EVT00379_in_transit,SHP00379,in_transit,2026-05-16T11:00:00,dispatch_tms
EVT00379_delivered,SHP00379,delivered,2026-05-19T14:00:00,carrier_portal
EVT00380_booked,SHP00380,booked,2026-05-21T12:00:00,dispatch_tms
EVT00380_pickup_confirmed,SHP00380,pickup_confirmed,2026-05-22T13:00:00,dispatch_tms
EVT00380_in_transit,SHP00380,in_transit,2026-05-23T14:00:00,dispatch_tms
EVT00380_delivered,SHP00380,delivered,2026-05-23T14:00:00,carrier_portal
EVT00381_booked,SHP00381,booked,2026-05-28T15:00:00,dispatch_tms
EVT00381_pickup_confirmed,SHP00381,pickup_confirmed,2026-05-29T16:00:00,dispatch_tms
EVT00381_in_transit,SHP00381,in_transit,2026-05-30T17:00:00,dispatch_tms
EVT00381_delivered,SHP00381,delivered,2026-05-31T18:00:00,carrier_portal
EVT00382_booked,SHP00382,booked,2026-06-04T18:00:00,dispatch_tms
EVT00382_pickup_confirmed,SHP00382,pickup_confirmed,2026-06-05T19:00:00,dispatch_tms
EVT00382_in_transit,SHP00382,in_transit,2026-06-06T20:00:00,dispatch_tms
EVT00382_delivered,SHP00382,delivered,2026-06-08T22:00:00,carrier_portal
EVT00383_booked,SHP00383,booked,2026-06-11T21:00:00,dispatch_tms
EVT00383_pickup_confirmed,SHP00383,pickup_confirmed,2026-06-12T22:00:00,dispatch_tms
EVT00383_in_transit,SHP00383,in_transit,2026-06-13T23:00:00,dispatch_tms
EVT00383_delivered,SHP00383,delivered,2026-06-16T02:00:00,carrier_portal
EVT00384_booked,SHP00384,booked,2026-06-18T00:00:00,dispatch_tms
EVT00384_pickup_confirmed,SHP00384,pickup_confirmed,2026-06-19T01:00:00,dispatch_tms
EVT00384_in_transit,SHP00384,in_transit,2026-06-20T02:00:00,dispatch_tms
EVT00384_delivered,SHP00384,delivered,2026-06-20T02:00:00,carrier_portal
EVT00385_booked,SHP00385,booked,2026-06-25T03:00:00,dispatch_tms
EVT00385_pickup_confirmed,SHP00385,pickup_confirmed,2026-06-26T04:00:00,dispatch_tms
EVT00385_in_transit,SHP00385,in_transit,2026-06-27T05:00:00,dispatch_tms
EVT00385_delivered,SHP00385,delivered,2026-06-28T06:00:00,carrier_portal
EVT00386_booked,SHP00386,booked,2026-01-03T06:00:00,dispatch_tms
EVT00386_pickup_confirmed,SHP00386,pickup_confirmed,2026-01-04T07:00:00,dispatch_tms
EVT00386_in_transit,SHP00386,in_transit,2026-01-05T08:00:00,dispatch_tms
EVT00386_delivered,SHP00386,delivered,2026-01-07T10:00:00,carrier_portal
EVT00387_booked,SHP00387,booked,2026-01-10T09:00:00,dispatch_tms
EVT00387_pickup_confirmed,SHP00387,pickup_confirmed,2026-01-11T10:00:00,dispatch_tms
EVT00387_in_transit,SHP00387,in_transit,2026-01-12T11:00:00,dispatch_tms
EVT00387_delivered,SHP00387,delivered,2026-01-16T15:00:00,carrier_portal
EVT00388_booked,SHP00388,booked,2026-01-17T12:00:00,dispatch_tms
EVT00388_pickup_confirmed,SHP00388,pickup_confirmed,2026-01-18T13:00:00,dispatch_tms
EVT00388_in_transit,SHP00388,in_transit,2026-01-19T14:00:00,dispatch_tms
EVT00388_delivered,SHP00388,delivered,2026-01-19T14:00:00,carrier_portal
EVT00389_booked,SHP00389,booked,2026-01-24T15:00:00,dispatch_tms
EVT00389_pickup_confirmed,SHP00389,pickup_confirmed,2026-01-25T16:00:00,dispatch_tms
EVT00389_in_transit,SHP00389,in_transit,2026-01-26T17:00:00,dispatch_tms
EVT00389_delivered,SHP00389,delivered,2026-01-27T18:00:00,carrier_portal
EVT00390_booked,SHP00390,booked,2026-01-31T18:00:00,dispatch_tms
EVT00390_pickup_confirmed,SHP00390,pickup_confirmed,2026-02-01T19:00:00,dispatch_tms
EVT00390_in_transit,SHP00390,in_transit,2026-02-02T20:00:00,dispatch_tms
EVT00390_delivered,SHP00390,delivered,2026-02-05T23:00:00,carrier_portal
EVT00391_booked,SHP00391,booked,2026-02-07T21:00:00,dispatch_tms
EVT00391_pickup_confirmed,SHP00391,pickup_confirmed,2026-02-08T22:00:00,dispatch_tms
EVT00391_in_transit,SHP00391,in_transit,2026-02-09T23:00:00,dispatch_tms
EVT00391_delivered,SHP00391,delivered,2026-02-12T02:00:00,carrier_portal
EVT00392_booked,SHP00392,booked,2026-02-14T00:00:00,dispatch_tms
EVT00392_pickup_confirmed,SHP00392,pickup_confirmed,2026-02-15T01:00:00,dispatch_tms
EVT00392_in_transit,SHP00392,in_transit,2026-02-16T02:00:00,dispatch_tms
EVT00392_delivered,SHP00392,delivered,2026-02-16T02:00:00,carrier_portal
EVT00393_booked,SHP00393,booked,2026-02-21T03:00:00,dispatch_tms
EVT00393_pickup_confirmed,SHP00393,pickup_confirmed,2026-02-22T04:00:00,dispatch_tms
EVT00393_in_transit,SHP00393,in_transit,2026-02-23T05:00:00,dispatch_tms
EVT00393_delivered,SHP00393,delivered,2026-02-24T06:00:00,carrier_portal
EVT00394_booked,SHP00394,booked,2026-02-28T06:00:00,dispatch_tms
EVT00394_pickup_confirmed,SHP00394,pickup_confirmed,2026-03-01T07:00:00,dispatch_tms
EVT00394_in_transit,SHP00394,in_transit,2026-03-02T08:00:00,dispatch_tms
EVT00394_delivered,SHP00394,delivered,2026-03-04T10:00:00,carrier_portal
EVT00395_booked,SHP00395,booked,2026-03-07T09:00:00,dispatch_tms
EVT00395_pickup_confirmed,SHP00395,pickup_confirmed,2026-03-08T10:00:00,dispatch_tms
EVT00395_in_transit,SHP00395,in_transit,2026-03-09T11:00:00,dispatch_tms
EVT00395_delivered,SHP00395,delivered,2026-03-12T14:00:00,carrier_portal
EVT00396_booked,SHP00396,booked,2026-03-14T12:00:00,dispatch_tms
EVT00396_pickup_confirmed,SHP00396,pickup_confirmed,2026-03-15T13:00:00,dispatch_tms
EVT00396_in_transit,SHP00396,in_transit,2026-03-16T14:00:00,dispatch_tms
EVT00396_delivered,SHP00396,delivered,2026-03-16T14:00:00,carrier_portal
EVT00397_booked,SHP00397,booked,2026-03-21T15:00:00,dispatch_tms
EVT00397_pickup_confirmed,SHP00397,pickup_confirmed,2026-03-22T16:00:00,dispatch_tms
EVT00397_in_transit,SHP00397,in_transit,2026-03-23T17:00:00,dispatch_tms
EVT00397_delivered,SHP00397,delivered,2026-03-24T18:00:00,carrier_portal
EVT00398_booked,SHP00398,booked,2026-03-28T18:00:00,dispatch_tms
EVT00398_pickup_confirmed,SHP00398,pickup_confirmed,2026-03-29T19:00:00,dispatch_tms
EVT00398_in_transit,SHP00398,in_transit,2026-03-30T20:00:00,dispatch_tms
EVT00398_delivered,SHP00398,delivered,2026-04-01T22:00:00,carrier_portal
EVT00399_booked,SHP00399,booked,2026-04-04T21:00:00,dispatch_tms
EVT00399_pickup_confirmed,SHP00399,pickup_confirmed,2026-04-05T22:00:00,dispatch_tms
EVT00399_in_transit,SHP00399,in_transit,2026-04-06T23:00:00,dispatch_tms
EVT00399_delivered,SHP00399,delivered,2026-04-09T02:00:00,carrier_portal
EVT00400_booked,SHP00400,booked,2026-04-11T00:00:00,dispatch_tms
EVT00400_pickup_confirmed,SHP00400,pickup_confirmed,2026-04-12T01:00:00,dispatch_tms
EVT00400_in_transit,SHP00400,in_transit,2026-04-13T02:00:00,dispatch_tms
EVT00400_delivered,SHP00400,delivered,2026-04-13T02:00:00,carrier_portal
EVT00401_booked,SHP00401,booked,2026-04-18T03:00:00,dispatch_tms
EVT00401_pickup_confirmed,SHP00401,pickup_confirmed,2026-04-19T04:00:00,dispatch_tms
EVT00401_in_transit,SHP00401,in_transit,2026-04-20T05:00:00,dispatch_tms
EVT00401_delivered,SHP00401,delivered,2026-04-21T06:00:00,carrier_portal
EVT00402_booked,SHP00402,booked,2026-04-25T06:00:00,dispatch_tms
EVT00402_pickup_confirmed,SHP00402,pickup_confirmed,2026-04-26T07:00:00,dispatch_tms
EVT00402_in_transit,SHP00402,in_transit,2026-04-27T08:00:00,dispatch_tms
EVT00402_delivered,SHP00402,delivered,2026-04-29T10:00:00,carrier_portal
EVT00403_booked,SHP00403,booked,2026-05-02T09:00:00,dispatch_tms
EVT00403_pickup_confirmed,SHP00403,pickup_confirmed,2026-05-03T10:00:00,dispatch_tms
EVT00403_in_transit,SHP00403,in_transit,2026-05-04T11:00:00,dispatch_tms
EVT00403_delivered,SHP00403,delivered,2026-05-07T14:00:00,carrier_portal
EVT00404_booked,SHP00404,booked,2026-05-09T12:00:00,dispatch_tms
EVT00404_pickup_confirmed,SHP00404,pickup_confirmed,2026-05-10T13:00:00,dispatch_tms
EVT00404_in_transit,SHP00404,in_transit,2026-05-11T14:00:00,dispatch_tms
EVT00404_delivered,SHP00404,delivered,2026-05-11T14:00:00,carrier_portal
EVT00405_booked,SHP00405,booked,2026-05-16T15:00:00,dispatch_tms
EVT00405_pickup_confirmed,SHP00405,pickup_confirmed,2026-05-17T16:00:00,dispatch_tms
EVT00405_in_transit,SHP00405,in_transit,2026-05-18T17:00:00,dispatch_tms
EVT00405_delivered,SHP00405,delivered,2026-05-19T18:00:00,carrier_portal
EVT00406_booked,SHP00406,booked,2026-05-23T18:00:00,dispatch_tms
EVT00406_pickup_confirmed,SHP00406,pickup_confirmed,2026-05-24T19:00:00,dispatch_tms
EVT00406_in_transit,SHP00406,in_transit,2026-05-25T20:00:00,dispatch_tms
EVT00406_delivered,SHP00406,delivered,2026-05-27T22:00:00,carrier_portal
EVT00407_booked,SHP00407,booked,2026-05-30T21:00:00,dispatch_tms
EVT00407_pickup_confirmed,SHP00407,pickup_confirmed,2026-05-31T22:00:00,dispatch_tms
EVT00407_in_transit,SHP00407,in_transit,2026-06-01T23:00:00,dispatch_tms
EVT00407_delivered,SHP00407,delivered,2026-06-04T02:00:00,carrier_portal
EVT00408_booked,SHP00408,booked,2026-06-06T00:00:00,dispatch_tms
EVT00408_pickup_confirmed,SHP00408,pickup_confirmed,2026-06-07T01:00:00,dispatch_tms
EVT00408_in_transit,SHP00408,in_transit,2026-06-08T02:00:00,dispatch_tms
EVT00408_delivered,SHP00408,delivered,2026-06-09T03:00:00,carrier_portal
EVT00409_booked,SHP00409,booked,2026-06-13T03:00:00,dispatch_tms
EVT00409_pickup_confirmed,SHP00409,pickup_confirmed,2026-06-14T04:00:00,dispatch_tms
EVT00409_in_transit,SHP00409,in_transit,2026-06-15T05:00:00,dispatch_tms
EVT00409_delivered,SHP00409,delivered,2026-06-16T06:00:00,carrier_portal
EVT00410_booked,SHP00410,booked,2026-06-20T06:00:00,dispatch_tms
EVT00410_pickup_confirmed,SHP00410,pickup_confirmed,2026-06-21T07:00:00,dispatch_tms
EVT00410_in_transit,SHP00410,in_transit,2026-06-22T08:00:00,dispatch_tms
EVT00410_delivered,SHP00410,delivered,2026-06-24T10:00:00,carrier_portal
EVT00411_booked,SHP00411,booked,2026-06-27T09:00:00,dispatch_tms
EVT00411_pickup_confirmed,SHP00411,pickup_confirmed,2026-06-28T10:00:00,dispatch_tms
EVT00411_in_transit,SHP00411,in_transit,2026-06-29T11:00:00,dispatch_tms
EVT00411_delivered,SHP00411,delivered,2026-07-02T14:00:00,carrier_portal
EVT00412_booked,SHP00412,booked,2026-01-05T12:00:00,dispatch_tms
EVT00412_pickup_confirmed,SHP00412,pickup_confirmed,2026-01-06T13:00:00,dispatch_tms
EVT00412_in_transit,SHP00412,in_transit,2026-01-07T14:00:00,dispatch_tms
EVT00412_delivered,SHP00412,delivered,2026-01-07T14:00:00,carrier_portal
EVT00413_booked,SHP00413,booked,2026-01-12T15:00:00,dispatch_tms
EVT00413_pickup_confirmed,SHP00413,pickup_confirmed,2026-01-13T16:00:00,dispatch_tms
EVT00413_in_transit,SHP00413,in_transit,2026-01-14T17:00:00,dispatch_tms
EVT00413_delivered,SHP00413,delivered,2026-01-15T18:00:00,carrier_portal
EVT00414_booked,SHP00414,booked,2026-01-19T18:00:00,dispatch_tms
EVT00414_pickup_confirmed,SHP00414,pickup_confirmed,2026-01-20T19:00:00,dispatch_tms
EVT00414_in_transit,SHP00414,in_transit,2026-01-21T20:00:00,dispatch_tms
EVT00414_delivered,SHP00414,delivered,2026-01-23T22:00:00,carrier_portal
EVT00415_booked,SHP00415,booked,2026-01-26T21:00:00,dispatch_tms
EVT00415_pickup_confirmed,SHP00415,pickup_confirmed,2026-01-27T22:00:00,dispatch_tms
EVT00415_in_transit,SHP00415,in_transit,2026-01-28T23:00:00,dispatch_tms
EVT00415_delivered,SHP00415,delivered,2026-01-31T02:00:00,carrier_portal
EVT00416_booked,SHP00416,booked,2026-02-02T00:00:00,dispatch_tms
EVT00416_pickup_confirmed,SHP00416,pickup_confirmed,2026-02-03T01:00:00,dispatch_tms
EVT00416_in_transit,SHP00416,in_transit,2026-02-04T02:00:00,dispatch_tms
EVT00416_delivered,SHP00416,delivered,2026-02-04T02:00:00,carrier_portal
EVT00417_booked,SHP00417,booked,2026-02-09T03:00:00,dispatch_tms
EVT00417_pickup_confirmed,SHP00417,pickup_confirmed,2026-02-10T04:00:00,dispatch_tms
EVT00417_in_transit,SHP00417,in_transit,2026-02-11T05:00:00,dispatch_tms
EVT00417_delivered,SHP00417,delivered,2026-02-13T07:00:00,carrier_portal
EVT00418_booked,SHP00418,booked,2026-02-16T06:00:00,dispatch_tms
EVT00418_pickup_confirmed,SHP00418,pickup_confirmed,2026-02-17T07:00:00,dispatch_tms
EVT00418_in_transit,SHP00418,in_transit,2026-02-18T08:00:00,dispatch_tms
EVT00418_delivered,SHP00418,delivered,2026-02-20T10:00:00,carrier_portal
EVT00419_booked,SHP00419,booked,2026-02-23T09:00:00,dispatch_tms
EVT00419_pickup_confirmed,SHP00419,pickup_confirmed,2026-02-24T10:00:00,dispatch_tms
EVT00419_in_transit,SHP00419,in_transit,2026-02-25T11:00:00,dispatch_tms
EVT00419_delivered,SHP00419,delivered,2026-02-28T14:00:00,carrier_portal
EVT00420_booked,SHP00420,booked,2026-03-02T12:00:00,dispatch_tms
EVT00420_pickup_confirmed,SHP00420,pickup_confirmed,2026-03-03T13:00:00,dispatch_tms
EVT00420_in_transit,SHP00420,in_transit,2026-03-04T14:00:00,dispatch_tms
EVT00420_delivered,SHP00420,delivered,2026-03-04T14:00:00,carrier_portal
EVT00421_booked,SHP00421,booked,2026-03-09T15:00:00,dispatch_tms
EVT00421_pickup_confirmed,SHP00421,pickup_confirmed,2026-03-10T16:00:00,dispatch_tms
EVT00421_in_transit,SHP00421,in_transit,2026-03-11T17:00:00,dispatch_tms
EVT00421_delivered,SHP00421,delivered,2026-03-12T18:00:00,carrier_portal
EVT00422_booked,SHP00422,booked,2026-03-16T18:00:00,dispatch_tms
EVT00422_pickup_confirmed,SHP00422,pickup_confirmed,2026-03-17T19:00:00,dispatch_tms
EVT00422_in_transit,SHP00422,in_transit,2026-03-18T20:00:00,dispatch_tms
EVT00422_delivered,SHP00422,delivered,2026-03-20T22:00:00,carrier_portal
EVT00423_booked,SHP00423,booked,2026-03-23T21:00:00,dispatch_tms
EVT00423_pickup_confirmed,SHP00423,pickup_confirmed,2026-03-24T22:00:00,dispatch_tms
EVT00423_in_transit,SHP00423,in_transit,2026-03-25T23:00:00,dispatch_tms
EVT00423_delivered,SHP00423,delivered,2026-03-28T02:00:00,carrier_portal
EVT00424_booked,SHP00424,booked,2026-03-30T00:00:00,dispatch_tms
EVT00424_pickup_confirmed,SHP00424,pickup_confirmed,2026-03-31T01:00:00,dispatch_tms
EVT00424_in_transit,SHP00424,in_transit,2026-04-01T02:00:00,dispatch_tms
EVT00424_delivered,SHP00424,delivered,2026-04-01T02:00:00,carrier_portal
EVT00425_booked,SHP00425,booked,2026-04-06T03:00:00,dispatch_tms
EVT00425_pickup_confirmed,SHP00425,pickup_confirmed,2026-04-07T04:00:00,dispatch_tms
EVT00425_in_transit,SHP00425,in_transit,2026-04-08T05:00:00,dispatch_tms
EVT00425_delivered,SHP00425,delivered,2026-04-09T06:00:00,carrier_portal
EVT00426_booked,SHP00426,booked,2026-04-13T06:00:00,dispatch_tms
EVT00426_pickup_confirmed,SHP00426,pickup_confirmed,2026-04-14T07:00:00,dispatch_tms
EVT00426_in_transit,SHP00426,in_transit,2026-04-15T08:00:00,dispatch_tms
EVT00426_delivered,SHP00426,delivered,2026-04-17T10:00:00,carrier_portal
EVT00427_booked,SHP00427,booked,2026-04-20T09:00:00,dispatch_tms
EVT00427_pickup_confirmed,SHP00427,pickup_confirmed,2026-04-21T10:00:00,dispatch_tms
EVT00427_in_transit,SHP00427,in_transit,2026-04-22T11:00:00,dispatch_tms
EVT00427_delivered,SHP00427,delivered,2026-04-25T14:00:00,carrier_portal
EVT00428_booked,SHP00428,booked,2026-04-27T12:00:00,dispatch_tms
EVT00428_pickup_confirmed,SHP00428,pickup_confirmed,2026-04-28T13:00:00,dispatch_tms
EVT00428_in_transit,SHP00428,in_transit,2026-04-29T14:00:00,dispatch_tms
EVT00428_delivered,SHP00428,delivered,2026-04-29T14:00:00,carrier_portal
EVT00429_booked,SHP00429,booked,2026-05-04T15:00:00,dispatch_tms
EVT00429_pickup_confirmed,SHP00429,pickup_confirmed,2026-05-05T16:00:00,dispatch_tms
EVT00429_in_transit,SHP00429,in_transit,2026-05-06T17:00:00,dispatch_tms
EVT00429_delivered,SHP00429,delivered,2026-05-07T18:00:00,carrier_portal
EVT00430_booked,SHP00430,booked,2026-05-11T18:00:00,dispatch_tms
EVT00430_pickup_confirmed,SHP00430,pickup_confirmed,2026-05-12T19:00:00,dispatch_tms
EVT00430_in_transit,SHP00430,in_transit,2026-05-13T20:00:00,dispatch_tms
EVT00430_delivered,SHP00430,delivered,2026-05-15T22:00:00,carrier_portal
EVT00431_booked,SHP00431,booked,2026-05-18T21:00:00,dispatch_tms
EVT00431_pickup_confirmed,SHP00431,pickup_confirmed,2026-05-19T22:00:00,dispatch_tms
EVT00431_in_transit,SHP00431,in_transit,2026-05-20T23:00:00,dispatch_tms
EVT00431_delivered,SHP00431,delivered,2026-05-23T02:00:00,carrier_portal
EVT00432_booked,SHP00432,booked,2026-05-25T00:00:00,dispatch_tms
EVT00432_pickup_confirmed,SHP00432,pickup_confirmed,2026-05-26T01:00:00,dispatch_tms
EVT00432_in_transit,SHP00432,in_transit,2026-05-27T02:00:00,dispatch_tms
EVT00432_delivered,SHP00432,delivered,2026-05-27T02:00:00,carrier_portal
EVT00433_booked,SHP00433,booked,2026-06-01T03:00:00,dispatch_tms
EVT00433_pickup_confirmed,SHP00433,pickup_confirmed,2026-06-02T04:00:00,dispatch_tms
EVT00433_in_transit,SHP00433,in_transit,2026-06-03T05:00:00,dispatch_tms
EVT00433_delivered,SHP00433,delivered,2026-06-04T06:00:00,carrier_portal
EVT00434_booked,SHP00434,booked,2026-06-08T06:00:00,dispatch_tms
EVT00434_pickup_confirmed,SHP00434,pickup_confirmed,2026-06-09T07:00:00,dispatch_tms
EVT00434_in_transit,SHP00434,in_transit,2026-06-10T08:00:00,dispatch_tms
EVT00434_delivered,SHP00434,delivered,2026-06-12T10:00:00,carrier_portal
EVT00435_booked,SHP00435,booked,2026-06-15T09:00:00,dispatch_tms
EVT00435_pickup_confirmed,SHP00435,pickup_confirmed,2026-06-16T10:00:00,dispatch_tms
EVT00435_in_transit,SHP00435,in_transit,2026-06-17T11:00:00,dispatch_tms
EVT00435_delivered,SHP00435,delivered,2026-06-20T14:00:00,carrier_portal
EVT00436_booked,SHP00436,booked,2026-06-22T12:00:00,dispatch_tms
EVT00436_pickup_confirmed,SHP00436,pickup_confirmed,2026-06-23T13:00:00,dispatch_tms
EVT00436_in_transit,SHP00436,in_transit,2026-06-24T14:00:00,dispatch_tms
EVT00436_delivered,SHP00436,delivered,2026-06-25T15:00:00,carrier_portal
EVT00437_booked,SHP00437,booked,2026-06-29T15:00:00,dispatch_tms
EVT00437_pickup_confirmed,SHP00437,pickup_confirmed,2026-06-30T16:00:00,dispatch_tms
EVT00437_in_transit,SHP00437,in_transit,2026-07-01T17:00:00,dispatch_tms
EVT00437_delivered,SHP00437,delivered,2026-07-03T19:00:00,carrier_portal
EVT00438_booked,SHP00438,booked,2026-01-07T18:00:00,dispatch_tms
EVT00438_pickup_confirmed,SHP00438,pickup_confirmed,2026-01-08T19:00:00,dispatch_tms
EVT00438_in_transit,SHP00438,in_transit,2026-01-09T20:00:00,dispatch_tms
EVT00438_delivered,SHP00438,delivered,2026-01-11T22:00:00,carrier_portal
EVT00439_booked,SHP00439,booked,2026-01-14T21:00:00,dispatch_tms
EVT00439_pickup_confirmed,SHP00439,pickup_confirmed,2026-01-15T22:00:00,dispatch_tms
EVT00439_in_transit,SHP00439,in_transit,2026-01-16T23:00:00,dispatch_tms
EVT00439_delivered,SHP00439,delivered,2026-01-19T02:00:00,carrier_portal
EVT00440_booked,SHP00440,booked,2026-01-21T00:00:00,dispatch_tms
EVT00440_pickup_confirmed,SHP00440,pickup_confirmed,2026-01-22T01:00:00,dispatch_tms
EVT00440_in_transit,SHP00440,in_transit,2026-01-23T02:00:00,dispatch_tms
EVT00440_delivered,SHP00440,delivered,2026-01-23T02:00:00,carrier_portal
EVT00441_booked,SHP00441,booked,2026-01-28T03:00:00,dispatch_tms
EVT00441_pickup_confirmed,SHP00441,pickup_confirmed,2026-01-29T04:00:00,dispatch_tms
EVT00441_in_transit,SHP00441,in_transit,2026-01-30T05:00:00,dispatch_tms
EVT00441_delivered,SHP00441,delivered,2026-02-01T07:00:00,carrier_portal
EVT00442_booked,SHP00442,booked,2026-02-04T06:00:00,dispatch_tms
EVT00442_pickup_confirmed,SHP00442,pickup_confirmed,2026-02-05T07:00:00,dispatch_tms
EVT00442_in_transit,SHP00442,in_transit,2026-02-06T08:00:00,dispatch_tms
EVT00442_delivered,SHP00442,delivered,2026-02-08T10:00:00,carrier_portal
EVT00443_booked,SHP00443,booked,2026-02-11T09:00:00,dispatch_tms
EVT00443_pickup_confirmed,SHP00443,pickup_confirmed,2026-02-12T10:00:00,dispatch_tms
EVT00443_in_transit,SHP00443,in_transit,2026-02-13T11:00:00,dispatch_tms
EVT00443_delivered,SHP00443,delivered,2026-02-16T14:00:00,carrier_portal
EVT00444_booked,SHP00444,booked,2026-02-18T12:00:00,dispatch_tms
EVT00444_pickup_confirmed,SHP00444,pickup_confirmed,2026-02-19T13:00:00,dispatch_tms
EVT00444_in_transit,SHP00444,in_transit,2026-02-20T14:00:00,dispatch_tms
EVT00444_delivered,SHP00444,delivered,2026-02-20T14:00:00,carrier_portal
EVT00445_booked,SHP00445,booked,2026-02-25T15:00:00,dispatch_tms
EVT00445_pickup_confirmed,SHP00445,pickup_confirmed,2026-02-26T16:00:00,dispatch_tms
EVT00445_in_transit,SHP00445,in_transit,2026-02-27T17:00:00,dispatch_tms
EVT00445_delivered,SHP00445,delivered,2026-02-28T18:00:00,carrier_portal
EVT00446_booked,SHP00446,booked,2026-03-04T18:00:00,dispatch_tms
EVT00446_pickup_confirmed,SHP00446,pickup_confirmed,2026-03-05T19:00:00,dispatch_tms
EVT00446_in_transit,SHP00446,in_transit,2026-03-06T20:00:00,dispatch_tms
EVT00446_delivered,SHP00446,delivered,2026-03-08T22:00:00,carrier_portal
EVT00447_booked,SHP00447,booked,2026-03-11T21:00:00,dispatch_tms
EVT00447_pickup_confirmed,SHP00447,pickup_confirmed,2026-03-12T22:00:00,dispatch_tms
EVT00447_in_transit,SHP00447,in_transit,2026-03-13T23:00:00,dispatch_tms
EVT00447_delivered,SHP00447,delivered,2026-03-16T02:00:00,carrier_portal
EVT00448_booked,SHP00448,booked,2026-03-18T00:00:00,dispatch_tms
EVT00448_pickup_confirmed,SHP00448,pickup_confirmed,2026-03-19T01:00:00,dispatch_tms
EVT00448_in_transit,SHP00448,in_transit,2026-03-20T02:00:00,dispatch_tms
EVT00448_delivered,SHP00448,delivered,2026-03-20T02:00:00,carrier_portal
EVT00449_booked,SHP00449,booked,2026-03-25T03:00:00,dispatch_tms
EVT00449_pickup_confirmed,SHP00449,pickup_confirmed,2026-03-26T04:00:00,dispatch_tms
EVT00449_in_transit,SHP00449,in_transit,2026-03-27T05:00:00,dispatch_tms
EVT00449_delivered,SHP00449,delivered,2026-03-28T06:00:00,carrier_portal
EVT00450_booked,SHP00450,booked,2026-04-01T06:00:00,dispatch_tms
EVT00450_pickup_confirmed,SHP00450,pickup_confirmed,2026-04-02T07:00:00,dispatch_tms
EVT00450_in_transit,SHP00450,in_transit,2026-04-03T08:00:00,dispatch_tms
EVT00450_delivered,SHP00450,delivered,2026-04-05T10:00:00,carrier_portal
EVT00451_booked,SHP00451,booked,2026-04-08T09:00:00,dispatch_tms
EVT00451_pickup_confirmed,SHP00451,pickup_confirmed,2026-04-09T10:00:00,dispatch_tms
EVT00451_in_transit,SHP00451,in_transit,2026-04-10T11:00:00,dispatch_tms
EVT00451_delivered,SHP00451,delivered,2026-04-13T14:00:00,carrier_portal
EVT00452_booked,SHP00452,booked,2026-04-15T12:00:00,dispatch_tms
EVT00452_pickup_confirmed,SHP00452,pickup_confirmed,2026-04-16T13:00:00,dispatch_tms
EVT00452_in_transit,SHP00452,in_transit,2026-04-17T14:00:00,dispatch_tms
EVT00452_delivered,SHP00452,delivered,2026-04-17T14:00:00,carrier_portal
EVT00453_booked,SHP00453,booked,2026-04-22T15:00:00,dispatch_tms
EVT00453_pickup_confirmed,SHP00453,pickup_confirmed,2026-04-23T16:00:00,dispatch_tms
EVT00453_in_transit,SHP00453,in_transit,2026-04-24T17:00:00,dispatch_tms
EVT00453_delivered,SHP00453,delivered,2026-04-25T18:00:00,carrier_portal
EVT00454_booked,SHP00454,booked,2026-04-29T18:00:00,dispatch_tms
EVT00454_pickup_confirmed,SHP00454,pickup_confirmed,2026-04-30T19:00:00,dispatch_tms
EVT00454_in_transit,SHP00454,in_transit,2026-05-01T20:00:00,dispatch_tms
EVT00454_delivered,SHP00454,delivered,2026-05-03T22:00:00,carrier_portal
EVT00455_booked,SHP00455,booked,2026-05-06T21:00:00,dispatch_tms
EVT00455_pickup_confirmed,SHP00455,pickup_confirmed,2026-05-07T22:00:00,dispatch_tms
EVT00455_in_transit,SHP00455,in_transit,2026-05-08T23:00:00,dispatch_tms
EVT00455_delivered,SHP00455,delivered,2026-05-11T02:00:00,carrier_portal
EVT00456_booked,SHP00456,booked,2026-05-13T00:00:00,dispatch_tms
EVT00456_pickup_confirmed,SHP00456,pickup_confirmed,2026-05-14T01:00:00,dispatch_tms
EVT00456_in_transit,SHP00456,in_transit,2026-05-15T02:00:00,dispatch_tms
EVT00456_delivered,SHP00456,delivered,2026-05-15T02:00:00,carrier_portal
EVT00457_booked,SHP00457,booked,2026-05-20T03:00:00,dispatch_tms
EVT00457_pickup_confirmed,SHP00457,pickup_confirmed,2026-05-21T04:00:00,dispatch_tms
EVT00457_in_transit,SHP00457,in_transit,2026-05-22T05:00:00,dispatch_tms
EVT00457_delivered,SHP00457,delivered,2026-05-23T06:00:00,carrier_portal
EVT00458_booked,SHP00458,booked,2026-05-27T06:00:00,dispatch_tms
EVT00458_pickup_confirmed,SHP00458,pickup_confirmed,2026-05-28T07:00:00,dispatch_tms
EVT00458_in_transit,SHP00458,in_transit,2026-05-29T08:00:00,dispatch_tms
EVT00458_delivered,SHP00458,delivered,2026-05-31T10:00:00,carrier_portal
EVT00459_booked,SHP00459,booked,2026-06-03T09:00:00,dispatch_tms
EVT00459_pickup_confirmed,SHP00459,pickup_confirmed,2026-06-04T10:00:00,dispatch_tms
EVT00459_in_transit,SHP00459,in_transit,2026-06-05T11:00:00,dispatch_tms
EVT00459_delivered,SHP00459,delivered,2026-06-09T15:00:00,carrier_portal
EVT00460_booked,SHP00460,booked,2026-06-10T12:00:00,dispatch_tms
EVT00460_pickup_confirmed,SHP00460,pickup_confirmed,2026-06-11T13:00:00,dispatch_tms
EVT00460_in_transit,SHP00460,in_transit,2026-06-12T14:00:00,dispatch_tms
EVT00460_delivered,SHP00460,delivered,2026-06-12T14:00:00,carrier_portal
EVT00461_booked,SHP00461,booked,2026-06-17T15:00:00,dispatch_tms
EVT00461_pickup_confirmed,SHP00461,pickup_confirmed,2026-06-18T16:00:00,dispatch_tms
EVT00461_in_transit,SHP00461,in_transit,2026-06-19T17:00:00,dispatch_tms
EVT00461_delivered,SHP00461,delivered,2026-06-20T18:00:00,carrier_portal
EVT00462_booked,SHP00462,booked,2026-06-24T18:00:00,dispatch_tms
EVT00462_pickup_confirmed,SHP00462,pickup_confirmed,2026-06-25T19:00:00,dispatch_tms
EVT00462_in_transit,SHP00462,in_transit,2026-06-26T20:00:00,dispatch_tms
EVT00462_delivered,SHP00462,delivered,2026-06-28T22:00:00,carrier_portal
EVT00463_booked,SHP00463,booked,2026-01-02T21:00:00,dispatch_tms
EVT00463_pickup_confirmed,SHP00463,pickup_confirmed,2026-01-03T22:00:00,dispatch_tms
EVT00463_in_transit,SHP00463,in_transit,2026-01-04T23:00:00,dispatch_tms
EVT00463_delivered,SHP00463,delivered,2026-01-07T02:00:00,carrier_portal
EVT00464_booked,SHP00464,booked,2026-01-09T00:00:00,dispatch_tms
EVT00464_pickup_confirmed,SHP00464,pickup_confirmed,2026-01-10T01:00:00,dispatch_tms
EVT00464_in_transit,SHP00464,in_transit,2026-01-11T02:00:00,dispatch_tms
EVT00464_delivered,SHP00464,delivered,2026-01-11T02:00:00,carrier_portal
EVT00465_booked,SHP00465,booked,2026-01-16T03:00:00,dispatch_tms
EVT00465_pickup_confirmed,SHP00465,pickup_confirmed,2026-01-17T04:00:00,dispatch_tms
EVT00465_in_transit,SHP00465,in_transit,2026-01-18T05:00:00,dispatch_tms
EVT00465_delivered,SHP00465,delivered,2026-01-19T06:00:00,carrier_portal
EVT00466_booked,SHP00466,booked,2026-01-23T06:00:00,dispatch_tms
EVT00466_pickup_confirmed,SHP00466,pickup_confirmed,2026-01-24T07:00:00,dispatch_tms
EVT00466_in_transit,SHP00466,in_transit,2026-01-25T08:00:00,dispatch_tms
EVT00466_delivered,SHP00466,delivered,2026-01-27T10:00:00,carrier_portal
EVT00467_booked,SHP00467,booked,2026-01-30T09:00:00,dispatch_tms
EVT00467_pickup_confirmed,SHP00467,pickup_confirmed,2026-01-31T10:00:00,dispatch_tms
EVT00467_in_transit,SHP00467,in_transit,2026-02-01T11:00:00,dispatch_tms
EVT00467_delivered,SHP00467,delivered,2026-02-04T14:00:00,carrier_portal
EVT00468_booked,SHP00468,booked,2026-02-06T12:00:00,dispatch_tms
EVT00468_pickup_confirmed,SHP00468,pickup_confirmed,2026-02-07T13:00:00,dispatch_tms
EVT00468_in_transit,SHP00468,in_transit,2026-02-08T14:00:00,dispatch_tms
EVT00468_delivered,SHP00468,delivered,2026-02-09T15:00:00,carrier_portal
EVT00469_booked,SHP00469,booked,2026-02-13T15:00:00,dispatch_tms
EVT00469_pickup_confirmed,SHP00469,pickup_confirmed,2026-02-14T16:00:00,dispatch_tms
EVT00469_in_transit,SHP00469,in_transit,2026-02-15T17:00:00,dispatch_tms
EVT00469_delivered,SHP00469,delivered,2026-02-16T18:00:00,carrier_portal
EVT00470_booked,SHP00470,booked,2026-02-20T18:00:00,dispatch_tms
EVT00470_pickup_confirmed,SHP00470,pickup_confirmed,2026-02-21T19:00:00,dispatch_tms
EVT00470_in_transit,SHP00470,in_transit,2026-02-22T20:00:00,dispatch_tms
EVT00470_delivered,SHP00470,delivered,2026-02-24T22:00:00,carrier_portal
EVT00471_booked,SHP00471,booked,2026-02-27T21:00:00,dispatch_tms
EVT00471_pickup_confirmed,SHP00471,pickup_confirmed,2026-02-28T22:00:00,dispatch_tms
EVT00471_in_transit,SHP00471,in_transit,2026-03-01T23:00:00,dispatch_tms
EVT00471_delivered,SHP00471,delivered,2026-03-04T02:00:00,carrier_portal
EVT00472_booked,SHP00472,booked,2026-03-06T00:00:00,dispatch_tms
EVT00472_pickup_confirmed,SHP00472,pickup_confirmed,2026-03-07T01:00:00,dispatch_tms
EVT00472_in_transit,SHP00472,in_transit,2026-03-08T02:00:00,dispatch_tms
EVT00472_delivered,SHP00472,delivered,2026-03-08T02:00:00,carrier_portal
EVT00473_booked,SHP00473,booked,2026-03-13T03:00:00,dispatch_tms
EVT00473_pickup_confirmed,SHP00473,pickup_confirmed,2026-03-14T04:00:00,dispatch_tms
EVT00473_in_transit,SHP00473,in_transit,2026-03-15T05:00:00,dispatch_tms
EVT00473_delivered,SHP00473,delivered,2026-03-16T06:00:00,carrier_portal
EVT00474_booked,SHP00474,booked,2026-03-20T06:00:00,dispatch_tms
EVT00474_pickup_confirmed,SHP00474,pickup_confirmed,2026-03-21T07:00:00,dispatch_tms
EVT00474_in_transit,SHP00474,in_transit,2026-03-22T08:00:00,dispatch_tms
EVT00474_delivered,SHP00474,delivered,2026-03-24T10:00:00,carrier_portal
EVT00475_booked,SHP00475,booked,2026-03-27T09:00:00,dispatch_tms
EVT00475_pickup_confirmed,SHP00475,pickup_confirmed,2026-03-28T10:00:00,dispatch_tms
EVT00475_in_transit,SHP00475,in_transit,2026-03-29T11:00:00,dispatch_tms
EVT00475_delivered,SHP00475,delivered,2026-04-01T14:00:00,carrier_portal
EVT00476_booked,SHP00476,booked,2026-04-03T12:00:00,dispatch_tms
EVT00476_pickup_confirmed,SHP00476,pickup_confirmed,2026-04-04T13:00:00,dispatch_tms
EVT00476_in_transit,SHP00476,in_transit,2026-04-05T14:00:00,dispatch_tms
EVT00476_delivered,SHP00476,delivered,2026-04-05T14:00:00,carrier_portal
EVT00477_booked,SHP00477,booked,2026-04-10T15:00:00,dispatch_tms
EVT00477_pickup_confirmed,SHP00477,pickup_confirmed,2026-04-11T16:00:00,dispatch_tms
EVT00477_in_transit,SHP00477,in_transit,2026-04-12T17:00:00,dispatch_tms
EVT00477_delivered,SHP00477,delivered,2026-04-14T19:00:00,carrier_portal
EVT00478_booked,SHP00478,booked,2026-04-17T18:00:00,dispatch_tms
EVT00478_pickup_confirmed,SHP00478,pickup_confirmed,2026-04-18T19:00:00,dispatch_tms
EVT00478_in_transit,SHP00478,in_transit,2026-04-19T20:00:00,dispatch_tms
EVT00478_delivered,SHP00478,delivered,2026-04-21T22:00:00,carrier_portal
EVT00479_booked,SHP00479,booked,2026-04-24T21:00:00,dispatch_tms
EVT00479_pickup_confirmed,SHP00479,pickup_confirmed,2026-04-25T22:00:00,dispatch_tms
EVT00479_in_transit,SHP00479,in_transit,2026-04-26T23:00:00,dispatch_tms
EVT00479_delivered,SHP00479,delivered,2026-04-29T02:00:00,carrier_portal
EVT00480_booked,SHP00480,booked,2026-05-01T00:00:00,dispatch_tms
EVT00480_pickup_confirmed,SHP00480,pickup_confirmed,2026-05-02T01:00:00,dispatch_tms
EVT00480_in_transit,SHP00480,in_transit,2026-05-03T02:00:00,dispatch_tms
EVT00480_delivered,SHP00480,delivered,2026-05-03T02:00:00,carrier_portal
EVT00481_booked,SHP00481,booked,2026-05-08T03:00:00,dispatch_tms
EVT00481_pickup_confirmed,SHP00481,pickup_confirmed,2026-05-09T04:00:00,dispatch_tms
EVT00481_in_transit,SHP00481,in_transit,2026-05-10T05:00:00,dispatch_tms
EVT00481_delivered,SHP00481,delivered,2026-05-11T06:00:00,carrier_portal
EVT00482_booked,SHP00482,booked,2026-05-15T06:00:00,dispatch_tms
EVT00482_pickup_confirmed,SHP00482,pickup_confirmed,2026-05-16T07:00:00,dispatch_tms
EVT00482_in_transit,SHP00482,in_transit,2026-05-17T08:00:00,dispatch_tms
EVT00482_delivered,SHP00482,delivered,2026-05-20T11:00:00,carrier_portal
EVT00483_booked,SHP00483,booked,2026-05-22T09:00:00,dispatch_tms
EVT00483_pickup_confirmed,SHP00483,pickup_confirmed,2026-05-23T10:00:00,dispatch_tms
EVT00483_in_transit,SHP00483,in_transit,2026-05-24T11:00:00,dispatch_tms
EVT00483_delivered,SHP00483,delivered,2026-05-27T14:00:00,carrier_portal
EVT00484_booked,SHP00484,booked,2026-05-29T12:00:00,dispatch_tms
EVT00484_pickup_confirmed,SHP00484,pickup_confirmed,2026-05-30T13:00:00,dispatch_tms
EVT00484_in_transit,SHP00484,in_transit,2026-05-31T14:00:00,dispatch_tms
EVT00484_delivered,SHP00484,delivered,2026-05-31T14:00:00,carrier_portal
EVT00485_booked,SHP00485,booked,2026-06-05T15:00:00,dispatch_tms
EVT00485_pickup_confirmed,SHP00485,pickup_confirmed,2026-06-06T16:00:00,dispatch_tms
EVT00485_in_transit,SHP00485,in_transit,2026-06-07T17:00:00,dispatch_tms
EVT00485_delivered,SHP00485,delivered,2026-06-08T18:00:00,carrier_portal
EVT00486_booked,SHP00486,booked,2026-06-12T18:00:00,dispatch_tms
EVT00486_pickup_confirmed,SHP00486,pickup_confirmed,2026-06-13T19:00:00,dispatch_tms
EVT00486_in_transit,SHP00486,in_transit,2026-06-14T20:00:00,dispatch_tms
EVT00486_delivered,SHP00486,delivered,2026-06-16T22:00:00,carrier_portal
EVT00487_booked,SHP00487,booked,2026-06-19T21:00:00,dispatch_tms
EVT00487_pickup_confirmed,SHP00487,pickup_confirmed,2026-06-20T22:00:00,dispatch_tms
EVT00487_in_transit,SHP00487,in_transit,2026-06-21T23:00:00,dispatch_tms
EVT00487_delivered,SHP00487,delivered,2026-06-24T02:00:00,carrier_portal
EVT00488_booked,SHP00488,booked,2026-06-26T00:00:00,dispatch_tms
EVT00488_pickup_confirmed,SHP00488,pickup_confirmed,2026-06-27T01:00:00,dispatch_tms
EVT00488_in_transit,SHP00488,in_transit,2026-06-28T02:00:00,dispatch_tms
EVT00488_delivered,SHP00488,delivered,2026-06-28T02:00:00,carrier_portal
EVT00489_booked,SHP00489,booked,2026-01-04T03:00:00,dispatch_tms
EVT00489_pickup_confirmed,SHP00489,pickup_confirmed,2026-01-05T04:00:00,dispatch_tms
EVT00489_in_transit,SHP00489,in_transit,2026-01-06T05:00:00,dispatch_tms
EVT00489_delivered,SHP00489,delivered,2026-01-07T06:00:00,carrier_portal
EVT00490_booked,SHP00490,booked,2026-01-11T06:00:00,dispatch_tms
EVT00490_pickup_confirmed,SHP00490,pickup_confirmed,2026-01-12T07:00:00,dispatch_tms
EVT00490_in_transit,SHP00490,in_transit,2026-01-13T08:00:00,dispatch_tms
EVT00490_delivered,SHP00490,delivered,2026-01-15T10:00:00,carrier_portal
EVT00491_booked,SHP00491,booked,2026-01-18T09:00:00,dispatch_tms
EVT00491_pickup_confirmed,SHP00491,pickup_confirmed,2026-01-19T10:00:00,dispatch_tms
EVT00491_in_transit,SHP00491,in_transit,2026-01-20T11:00:00,dispatch_tms
EVT00491_delivered,SHP00491,delivered,2026-01-23T14:00:00,carrier_portal
EVT00492_booked,SHP00492,booked,2026-01-25T12:00:00,dispatch_tms
EVT00492_pickup_confirmed,SHP00492,pickup_confirmed,2026-01-26T13:00:00,dispatch_tms
EVT00492_in_transit,SHP00492,in_transit,2026-01-27T14:00:00,dispatch_tms
EVT00492_delivered,SHP00492,delivered,2026-01-27T14:00:00,carrier_portal
EVT00493_booked,SHP00493,booked,2026-02-01T15:00:00,dispatch_tms
EVT00493_pickup_confirmed,SHP00493,pickup_confirmed,2026-02-02T16:00:00,dispatch_tms
EVT00493_in_transit,SHP00493,in_transit,2026-02-03T17:00:00,dispatch_tms
EVT00493_delivered,SHP00493,delivered,2026-02-04T18:00:00,carrier_portal
EVT00494_booked,SHP00494,booked,2026-02-08T18:00:00,dispatch_tms
EVT00494_pickup_confirmed,SHP00494,pickup_confirmed,2026-02-09T19:00:00,dispatch_tms
EVT00494_in_transit,SHP00494,in_transit,2026-02-10T20:00:00,dispatch_tms
EVT00494_delivered,SHP00494,delivered,2026-02-12T22:00:00,carrier_portal
EVT00495_booked,SHP00495,booked,2026-02-15T21:00:00,dispatch_tms
EVT00495_pickup_confirmed,SHP00495,pickup_confirmed,2026-02-16T22:00:00,dispatch_tms
EVT00495_in_transit,SHP00495,in_transit,2026-02-17T23:00:00,dispatch_tms
EVT00495_delivered,SHP00495,delivered,2026-02-20T02:00:00,carrier_portal
EVT00496_booked,SHP00496,booked,2026-02-22T00:00:00,dispatch_tms
EVT00496_pickup_confirmed,SHP00496,pickup_confirmed,2026-02-23T01:00:00,dispatch_tms
EVT00496_in_transit,SHP00496,in_transit,2026-02-24T02:00:00,dispatch_tms
EVT00496_delivered,SHP00496,delivered,2026-02-25T03:00:00,carrier_portal
EVT00497_booked,SHP00497,booked,2026-03-01T03:00:00,dispatch_tms
EVT00497_pickup_confirmed,SHP00497,pickup_confirmed,2026-03-02T04:00:00,dispatch_tms
EVT00497_in_transit,SHP00497,in_transit,2026-03-03T05:00:00,dispatch_tms
EVT00497_delivered,SHP00497,delivered,2026-03-05T07:00:00,carrier_portal
EVT00498_booked,SHP00498,booked,2026-03-08T06:00:00,dispatch_tms
EVT00498_pickup_confirmed,SHP00498,pickup_confirmed,2026-03-09T07:00:00,dispatch_tms
EVT00498_in_transit,SHP00498,in_transit,2026-03-10T08:00:00,dispatch_tms
EVT00498_delivered,SHP00498,delivered,2026-03-12T10:00:00,carrier_portal
EVT00499_booked,SHP00499,booked,2026-03-15T09:00:00,dispatch_tms
EVT00499_pickup_confirmed,SHP00499,pickup_confirmed,2026-03-16T10:00:00,dispatch_tms
EVT00499_in_transit,SHP00499,in_transit,2026-03-17T11:00:00,dispatch_tms
EVT00499_delivered,SHP00499,delivered,2026-03-20T14:00:00,carrier_portal
EVT00500_booked,SHP00500,booked,2026-03-22T12:00:00,dispatch_tms
EVT00500_pickup_confirmed,SHP00500,pickup_confirmed,2026-03-23T13:00:00,dispatch_tms
EVT00500_in_transit,SHP00500,in_transit,2026-03-24T14:00:00,dispatch_tms
EVT00500_delivered,SHP00500,delivered,2026-03-24T14:00:00,carrier_portal
EVT00501_booked,SHP00501,booked,2026-03-29T15:00:00,dispatch_tms
EVT00501_pickup_confirmed,SHP00501,pickup_confirmed,2026-03-30T16:00:00,dispatch_tms
EVT00501_in_transit,SHP00501,in_transit,2026-03-31T17:00:00,dispatch_tms
EVT00501_delivered,SHP00501,delivered,2026-04-01T18:00:00,carrier_portal
EVT00502_booked,SHP00502,booked,2026-04-05T18:00:00,dispatch_tms
EVT00502_pickup_confirmed,SHP00502,pickup_confirmed,2026-04-06T19:00:00,dispatch_tms
EVT00502_in_transit,SHP00502,in_transit,2026-04-07T20:00:00,dispatch_tms
EVT00502_delivered,SHP00502,delivered,2026-04-09T22:00:00,carrier_portal
EVT00503_booked,SHP00503,booked,2026-04-12T21:00:00,dispatch_tms
EVT00503_pickup_confirmed,SHP00503,pickup_confirmed,2026-04-13T22:00:00,dispatch_tms
EVT00503_in_transit,SHP00503,in_transit,2026-04-14T23:00:00,dispatch_tms
EVT00503_delivered,SHP00503,delivered,2026-04-18T03:00:00,carrier_portal
EVT00504_booked,SHP00504,booked,2026-04-19T00:00:00,dispatch_tms
EVT00504_pickup_confirmed,SHP00504,pickup_confirmed,2026-04-20T01:00:00,dispatch_tms
EVT00504_in_transit,SHP00504,in_transit,2026-04-21T02:00:00,dispatch_tms
EVT00504_delivered,SHP00504,delivered,2026-04-21T02:00:00,carrier_portal
EVT00505_booked,SHP00505,booked,2026-04-26T03:00:00,dispatch_tms
EVT00505_pickup_confirmed,SHP00505,pickup_confirmed,2026-04-27T04:00:00,dispatch_tms
EVT00505_in_transit,SHP00505,in_transit,2026-04-28T05:00:00,dispatch_tms
EVT00505_delivered,SHP00505,delivered,2026-04-29T06:00:00,carrier_portal
EVT00506_booked,SHP00506,booked,2026-05-03T06:00:00,dispatch_tms
EVT00506_pickup_confirmed,SHP00506,pickup_confirmed,2026-05-04T07:00:00,dispatch_tms
EVT00506_in_transit,SHP00506,in_transit,2026-05-05T08:00:00,dispatch_tms
EVT00506_delivered,SHP00506,delivered,2026-05-07T10:00:00,carrier_portal
EVT00507_booked,SHP00507,booked,2026-05-10T09:00:00,dispatch_tms
EVT00507_pickup_confirmed,SHP00507,pickup_confirmed,2026-05-11T10:00:00,dispatch_tms
EVT00507_in_transit,SHP00507,in_transit,2026-05-12T11:00:00,dispatch_tms
EVT00507_delivered,SHP00507,delivered,2026-05-15T14:00:00,carrier_portal
EVT00508_booked,SHP00508,booked,2026-05-17T12:00:00,dispatch_tms
EVT00508_pickup_confirmed,SHP00508,pickup_confirmed,2026-05-18T13:00:00,dispatch_tms
EVT00508_in_transit,SHP00508,in_transit,2026-05-19T14:00:00,dispatch_tms
EVT00508_delivered,SHP00508,delivered,2026-05-19T14:00:00,carrier_portal
EVT00509_booked,SHP00509,booked,2026-05-24T15:00:00,dispatch_tms
EVT00509_pickup_confirmed,SHP00509,pickup_confirmed,2026-05-25T16:00:00,dispatch_tms
EVT00509_in_transit,SHP00509,in_transit,2026-05-26T17:00:00,dispatch_tms
EVT00509_delivered,SHP00509,delivered,2026-05-28T19:00:00,carrier_portal
EVT00510_booked,SHP00510,booked,2026-05-31T18:00:00,dispatch_tms
EVT00510_pickup_confirmed,SHP00510,pickup_confirmed,2026-06-01T19:00:00,dispatch_tms
EVT00510_in_transit,SHP00510,in_transit,2026-06-02T20:00:00,dispatch_tms
EVT00510_delivered,SHP00510,delivered,2026-06-04T22:00:00,carrier_portal
EVT00511_booked,SHP00511,booked,2026-06-07T21:00:00,dispatch_tms
EVT00511_pickup_confirmed,SHP00511,pickup_confirmed,2026-06-08T22:00:00,dispatch_tms
EVT00511_in_transit,SHP00511,in_transit,2026-06-09T23:00:00,dispatch_tms
EVT00511_delivered,SHP00511,delivered,2026-06-12T02:00:00,carrier_portal
EVT00512_booked,SHP00512,booked,2026-06-14T00:00:00,dispatch_tms
EVT00512_pickup_confirmed,SHP00512,pickup_confirmed,2026-06-15T01:00:00,dispatch_tms
EVT00512_in_transit,SHP00512,in_transit,2026-06-16T02:00:00,dispatch_tms
EVT00512_delivered,SHP00512,delivered,2026-06-16T02:00:00,carrier_portal
EVT00513_booked,SHP00513,booked,2026-06-21T03:00:00,dispatch_tms
EVT00513_pickup_confirmed,SHP00513,pickup_confirmed,2026-06-22T04:00:00,dispatch_tms
EVT00513_in_transit,SHP00513,in_transit,2026-06-23T05:00:00,dispatch_tms
EVT00513_delivered,SHP00513,delivered,2026-06-24T06:00:00,carrier_portal
EVT00514_booked,SHP00514,booked,2026-06-28T06:00:00,dispatch_tms
EVT00514_pickup_confirmed,SHP00514,pickup_confirmed,2026-06-29T07:00:00,dispatch_tms
EVT00514_in_transit,SHP00514,in_transit,2026-06-30T08:00:00,dispatch_tms
EVT00514_delivered,SHP00514,delivered,2026-07-02T10:00:00,carrier_portal
EVT00515_booked,SHP00515,booked,2026-01-06T09:00:00,dispatch_tms
EVT00515_pickup_confirmed,SHP00515,pickup_confirmed,2026-01-07T10:00:00,dispatch_tms
EVT00515_in_transit,SHP00515,in_transit,2026-01-08T11:00:00,dispatch_tms
EVT00515_delivered,SHP00515,delivered,2026-01-11T14:00:00,carrier_portal
EVT00516_booked,SHP00516,booked,2026-01-13T12:00:00,dispatch_tms
EVT00516_pickup_confirmed,SHP00516,pickup_confirmed,2026-01-14T13:00:00,dispatch_tms
EVT00516_in_transit,SHP00516,in_transit,2026-01-15T14:00:00,dispatch_tms
EVT00516_delivered,SHP00516,delivered,2026-01-15T14:00:00,carrier_portal
EVT00517_booked,SHP00517,booked,2026-01-20T15:00:00,dispatch_tms
EVT00517_pickup_confirmed,SHP00517,pickup_confirmed,2026-01-21T16:00:00,dispatch_tms
EVT00517_in_transit,SHP00517,in_transit,2026-01-22T17:00:00,dispatch_tms
EVT00517_delivered,SHP00517,delivered,2026-01-23T18:00:00,carrier_portal
EVT00518_booked,SHP00518,booked,2026-01-27T18:00:00,dispatch_tms
EVT00518_pickup_confirmed,SHP00518,pickup_confirmed,2026-01-28T19:00:00,dispatch_tms
EVT00518_in_transit,SHP00518,in_transit,2026-01-29T20:00:00,dispatch_tms
EVT00518_delivered,SHP00518,delivered,2026-02-01T23:00:00,carrier_portal
EVT00519_booked,SHP00519,booked,2026-02-03T21:00:00,dispatch_tms
EVT00519_pickup_confirmed,SHP00519,pickup_confirmed,2026-02-04T22:00:00,dispatch_tms
EVT00519_in_transit,SHP00519,in_transit,2026-02-05T23:00:00,dispatch_tms
EVT00519_delivered,SHP00519,delivered,2026-02-08T02:00:00,carrier_portal
EVT00520_booked,SHP00520,booked,2026-02-10T00:00:00,dispatch_tms
EVT00520_pickup_confirmed,SHP00520,pickup_confirmed,2026-02-11T01:00:00,dispatch_tms
EVT00520_in_transit,SHP00520,in_transit,2026-02-12T02:00:00,dispatch_tms
EVT00520_delivered,SHP00520,delivered,2026-02-12T02:00:00,carrier_portal
EVT00521_booked,SHP00521,booked,2026-02-17T03:00:00,dispatch_tms
EVT00521_pickup_confirmed,SHP00521,pickup_confirmed,2026-02-18T04:00:00,dispatch_tms
EVT00521_in_transit,SHP00521,in_transit,2026-02-19T05:00:00,dispatch_tms
EVT00521_delivered,SHP00521,delivered,2026-02-20T06:00:00,carrier_portal
EVT00522_booked,SHP00522,booked,2026-02-24T06:00:00,dispatch_tms
EVT00522_pickup_confirmed,SHP00522,pickup_confirmed,2026-02-25T07:00:00,dispatch_tms
EVT00522_in_transit,SHP00522,in_transit,2026-02-26T08:00:00,dispatch_tms
EVT00522_delivered,SHP00522,delivered,2026-02-28T10:00:00,carrier_portal
EVT00523_booked,SHP00523,booked,2026-03-03T09:00:00,dispatch_tms
EVT00523_pickup_confirmed,SHP00523,pickup_confirmed,2026-03-04T10:00:00,dispatch_tms
EVT00523_in_transit,SHP00523,in_transit,2026-03-05T11:00:00,dispatch_tms
EVT00523_delivered,SHP00523,delivered,2026-03-08T14:00:00,carrier_portal
EVT00524_booked,SHP00524,booked,2026-03-10T12:00:00,dispatch_tms
EVT00524_pickup_confirmed,SHP00524,pickup_confirmed,2026-03-11T13:00:00,dispatch_tms
EVT00524_in_transit,SHP00524,in_transit,2026-03-12T14:00:00,dispatch_tms
EVT00524_delivered,SHP00524,delivered,2026-03-12T14:00:00,carrier_portal
EVT00525_booked,SHP00525,booked,2026-03-17T15:00:00,dispatch_tms
EVT00525_pickup_confirmed,SHP00525,pickup_confirmed,2026-03-18T16:00:00,dispatch_tms
EVT00525_in_transit,SHP00525,in_transit,2026-03-19T17:00:00,dispatch_tms
EVT00525_delivered,SHP00525,delivered,2026-03-20T18:00:00,carrier_portal
EVT00526_booked,SHP00526,booked,2026-03-24T18:00:00,dispatch_tms
EVT00526_pickup_confirmed,SHP00526,pickup_confirmed,2026-03-25T19:00:00,dispatch_tms
EVT00526_in_transit,SHP00526,in_transit,2026-03-26T20:00:00,dispatch_tms
EVT00526_delivered,SHP00526,delivered,2026-03-28T22:00:00,carrier_portal
EVT00527_booked,SHP00527,booked,2026-03-31T21:00:00,dispatch_tms
EVT00527_pickup_confirmed,SHP00527,pickup_confirmed,2026-04-01T22:00:00,dispatch_tms
EVT00527_in_transit,SHP00527,in_transit,2026-04-02T23:00:00,dispatch_tms
EVT00527_delivered,SHP00527,delivered,2026-04-05T02:00:00,carrier_portal
EVT00528_booked,SHP00528,booked,2026-04-07T00:00:00,dispatch_tms
EVT00528_pickup_confirmed,SHP00528,pickup_confirmed,2026-04-08T01:00:00,dispatch_tms
EVT00528_in_transit,SHP00528,in_transit,2026-04-09T02:00:00,dispatch_tms
EVT00528_delivered,SHP00528,delivered,2026-04-09T02:00:00,carrier_portal
EVT00529_booked,SHP00529,booked,2026-04-14T03:00:00,dispatch_tms
EVT00529_pickup_confirmed,SHP00529,pickup_confirmed,2026-04-15T04:00:00,dispatch_tms
EVT00529_in_transit,SHP00529,in_transit,2026-04-16T05:00:00,dispatch_tms
EVT00529_delivered,SHP00529,delivered,2026-04-17T06:00:00,carrier_portal
EVT00530_booked,SHP00530,booked,2026-04-21T06:00:00,dispatch_tms
EVT00530_pickup_confirmed,SHP00530,pickup_confirmed,2026-04-22T07:00:00,dispatch_tms
EVT00530_in_transit,SHP00530,in_transit,2026-04-23T08:00:00,dispatch_tms
EVT00530_delivered,SHP00530,delivered,2026-04-25T10:00:00,carrier_portal
EVT00531_booked,SHP00531,booked,2026-04-28T09:00:00,dispatch_tms
EVT00531_pickup_confirmed,SHP00531,pickup_confirmed,2026-04-29T10:00:00,dispatch_tms
EVT00531_in_transit,SHP00531,in_transit,2026-04-30T11:00:00,dispatch_tms
EVT00531_delivered,SHP00531,delivered,2026-05-03T14:00:00,carrier_portal
EVT00532_booked,SHP00532,booked,2026-05-05T12:00:00,dispatch_tms
EVT00532_pickup_confirmed,SHP00532,pickup_confirmed,2026-05-06T13:00:00,dispatch_tms
EVT00532_in_transit,SHP00532,in_transit,2026-05-07T14:00:00,dispatch_tms
EVT00532_delivered,SHP00532,delivered,2026-05-07T14:00:00,carrier_portal
EVT00533_booked,SHP00533,booked,2026-05-12T15:00:00,dispatch_tms
EVT00533_pickup_confirmed,SHP00533,pickup_confirmed,2026-05-13T16:00:00,dispatch_tms
EVT00533_in_transit,SHP00533,in_transit,2026-05-14T17:00:00,dispatch_tms
EVT00533_delivered,SHP00533,delivered,2026-05-16T19:00:00,carrier_portal
EVT00534_booked,SHP00534,booked,2026-05-19T18:00:00,dispatch_tms
EVT00534_pickup_confirmed,SHP00534,pickup_confirmed,2026-05-20T19:00:00,dispatch_tms
EVT00534_in_transit,SHP00534,in_transit,2026-05-21T20:00:00,dispatch_tms
EVT00534_delivered,SHP00534,delivered,2026-05-23T22:00:00,carrier_portal
EVT00535_booked,SHP00535,booked,2026-05-26T21:00:00,dispatch_tms
EVT00535_pickup_confirmed,SHP00535,pickup_confirmed,2026-05-27T22:00:00,dispatch_tms
EVT00535_in_transit,SHP00535,in_transit,2026-05-28T23:00:00,dispatch_tms
EVT00535_delivered,SHP00535,delivered,2026-05-31T02:00:00,carrier_portal
EVT00536_booked,SHP00536,booked,2026-06-02T00:00:00,dispatch_tms
EVT00536_pickup_confirmed,SHP00536,pickup_confirmed,2026-06-03T01:00:00,dispatch_tms
EVT00536_in_transit,SHP00536,in_transit,2026-06-04T02:00:00,dispatch_tms
EVT00536_delivered,SHP00536,delivered,2026-06-05T03:00:00,carrier_portal
EVT00537_booked,SHP00537,booked,2026-06-09T03:00:00,dispatch_tms
EVT00537_pickup_confirmed,SHP00537,pickup_confirmed,2026-06-10T04:00:00,dispatch_tms
EVT00537_in_transit,SHP00537,in_transit,2026-06-11T05:00:00,dispatch_tms
EVT00537_delivered,SHP00537,delivered,2026-06-12T06:00:00,carrier_portal
EVT00538_booked,SHP00538,booked,2026-06-16T06:00:00,dispatch_tms
EVT00538_pickup_confirmed,SHP00538,pickup_confirmed,2026-06-17T07:00:00,dispatch_tms
EVT00538_in_transit,SHP00538,in_transit,2026-06-18T08:00:00,dispatch_tms
EVT00538_delivered,SHP00538,delivered,2026-06-20T10:00:00,carrier_portal
EVT00539_booked,SHP00539,booked,2026-06-23T09:00:00,dispatch_tms
EVT00539_pickup_confirmed,SHP00539,pickup_confirmed,2026-06-24T10:00:00,dispatch_tms
EVT00539_in_transit,SHP00539,in_transit,2026-06-25T11:00:00,dispatch_tms
EVT00539_delivered,SHP00539,delivered,2026-06-28T14:00:00,carrier_portal
EVT00540_booked,SHP00540,booked,2026-01-01T12:00:00,dispatch_tms
EVT00540_pickup_confirmed,SHP00540,pickup_confirmed,2026-01-02T13:00:00,dispatch_tms
EVT00540_in_transit,SHP00540,in_transit,2026-01-03T14:00:00,dispatch_tms
EVT00540_delivered,SHP00540,delivered,2026-01-03T14:00:00,carrier_portal
EVT00541_booked,SHP00541,booked,2026-01-08T15:00:00,dispatch_tms
EVT00541_pickup_confirmed,SHP00541,pickup_confirmed,2026-01-09T16:00:00,dispatch_tms
EVT00541_in_transit,SHP00541,in_transit,2026-01-10T17:00:00,dispatch_tms
EVT00541_delivered,SHP00541,delivered,2026-01-11T18:00:00,carrier_portal
EVT00542_booked,SHP00542,booked,2026-01-15T18:00:00,dispatch_tms
EVT00542_pickup_confirmed,SHP00542,pickup_confirmed,2026-01-16T19:00:00,dispatch_tms
EVT00542_in_transit,SHP00542,in_transit,2026-01-17T20:00:00,dispatch_tms
EVT00542_delivered,SHP00542,delivered,2026-01-19T22:00:00,carrier_portal
EVT00543_booked,SHP00543,booked,2026-01-22T21:00:00,dispatch_tms
EVT00543_pickup_confirmed,SHP00543,pickup_confirmed,2026-01-23T22:00:00,dispatch_tms
EVT00543_in_transit,SHP00543,in_transit,2026-01-24T23:00:00,dispatch_tms
EVT00543_delivered,SHP00543,delivered,2026-01-27T02:00:00,carrier_portal
EVT00544_booked,SHP00544,booked,2026-01-29T00:00:00,dispatch_tms
EVT00544_pickup_confirmed,SHP00544,pickup_confirmed,2026-01-30T01:00:00,dispatch_tms
EVT00544_in_transit,SHP00544,in_transit,2026-01-31T02:00:00,dispatch_tms
EVT00544_delivered,SHP00544,delivered,2026-01-31T02:00:00,carrier_portal
EVT00545_booked,SHP00545,booked,2026-02-05T03:00:00,dispatch_tms
EVT00545_pickup_confirmed,SHP00545,pickup_confirmed,2026-02-06T04:00:00,dispatch_tms
EVT00545_in_transit,SHP00545,in_transit,2026-02-07T05:00:00,dispatch_tms
EVT00545_delivered,SHP00545,delivered,2026-02-08T06:00:00,carrier_portal
EVT00546_booked,SHP00546,booked,2026-02-12T06:00:00,dispatch_tms
EVT00546_pickup_confirmed,SHP00546,pickup_confirmed,2026-02-13T07:00:00,dispatch_tms
EVT00546_in_transit,SHP00546,in_transit,2026-02-14T08:00:00,dispatch_tms
EVT00546_delivered,SHP00546,delivered,2026-02-16T10:00:00,carrier_portal
EVT00547_booked,SHP00547,booked,2026-02-19T09:00:00,dispatch_tms
EVT00547_pickup_confirmed,SHP00547,pickup_confirmed,2026-02-20T10:00:00,dispatch_tms
EVT00547_in_transit,SHP00547,in_transit,2026-02-21T11:00:00,dispatch_tms
EVT00547_delivered,SHP00547,delivered,2026-02-25T15:00:00,carrier_portal
EVT00548_booked,SHP00548,booked,2026-02-26T12:00:00,dispatch_tms
EVT00548_pickup_confirmed,SHP00548,pickup_confirmed,2026-02-27T13:00:00,dispatch_tms
EVT00548_in_transit,SHP00548,in_transit,2026-02-28T14:00:00,dispatch_tms
EVT00548_delivered,SHP00548,delivered,2026-02-28T14:00:00,carrier_portal
EVT00549_booked,SHP00549,booked,2026-03-05T15:00:00,dispatch_tms
EVT00549_pickup_confirmed,SHP00549,pickup_confirmed,2026-03-06T16:00:00,dispatch_tms
EVT00549_in_transit,SHP00549,in_transit,2026-03-07T17:00:00,dispatch_tms
EVT00549_delivered,SHP00549,delivered,2026-03-08T18:00:00,carrier_portal
EVT00550_booked,SHP00550,booked,2026-03-12T18:00:00,dispatch_tms
EVT00550_pickup_confirmed,SHP00550,pickup_confirmed,2026-03-13T19:00:00,dispatch_tms
EVT00550_in_transit,SHP00550,in_transit,2026-03-14T20:00:00,dispatch_tms
EVT00550_delivered,SHP00550,delivered,2026-03-16T22:00:00,carrier_portal
EVT00551_booked,SHP00551,booked,2026-03-19T21:00:00,dispatch_tms
EVT00551_pickup_confirmed,SHP00551,pickup_confirmed,2026-03-20T22:00:00,dispatch_tms
EVT00551_in_transit,SHP00551,in_transit,2026-03-21T23:00:00,dispatch_tms
EVT00551_delivered,SHP00551,delivered,2026-03-24T02:00:00,carrier_portal
EVT00552_booked,SHP00552,booked,2026-03-26T00:00:00,dispatch_tms
EVT00552_pickup_confirmed,SHP00552,pickup_confirmed,2026-03-27T01:00:00,dispatch_tms
EVT00552_in_transit,SHP00552,in_transit,2026-03-28T02:00:00,dispatch_tms
EVT00552_delivered,SHP00552,delivered,2026-03-28T02:00:00,carrier_portal
EVT00553_booked,SHP00553,booked,2026-04-02T03:00:00,dispatch_tms
EVT00553_pickup_confirmed,SHP00553,pickup_confirmed,2026-04-03T04:00:00,dispatch_tms
EVT00553_in_transit,SHP00553,in_transit,2026-04-04T05:00:00,dispatch_tms
EVT00553_delivered,SHP00553,delivered,2026-04-05T06:00:00,carrier_portal
EVT00554_booked,SHP00554,booked,2026-04-09T06:00:00,dispatch_tms
EVT00554_pickup_confirmed,SHP00554,pickup_confirmed,2026-04-10T07:00:00,dispatch_tms
EVT00554_in_transit,SHP00554,in_transit,2026-04-11T08:00:00,dispatch_tms
EVT00554_delivered,SHP00554,delivered,2026-04-13T10:00:00,carrier_portal
EVT00555_booked,SHP00555,booked,2026-04-16T09:00:00,dispatch_tms
EVT00555_pickup_confirmed,SHP00555,pickup_confirmed,2026-04-17T10:00:00,dispatch_tms
EVT00555_in_transit,SHP00555,in_transit,2026-04-18T11:00:00,dispatch_tms
EVT00555_delivered,SHP00555,delivered,2026-04-21T14:00:00,carrier_portal
EVT00556_booked,SHP00556,booked,2026-04-23T12:00:00,dispatch_tms
EVT00556_pickup_confirmed,SHP00556,pickup_confirmed,2026-04-24T13:00:00,dispatch_tms
EVT00556_in_transit,SHP00556,in_transit,2026-04-25T14:00:00,dispatch_tms
EVT00556_delivered,SHP00556,delivered,2026-04-25T14:00:00,carrier_portal
EVT00557_booked,SHP00557,booked,2026-04-30T15:00:00,dispatch_tms
EVT00557_pickup_confirmed,SHP00557,pickup_confirmed,2026-05-01T16:00:00,dispatch_tms
EVT00557_in_transit,SHP00557,in_transit,2026-05-02T17:00:00,dispatch_tms
EVT00557_delivered,SHP00557,delivered,2026-05-03T18:00:00,carrier_portal
EVT00558_booked,SHP00558,booked,2026-05-07T18:00:00,dispatch_tms
EVT00558_pickup_confirmed,SHP00558,pickup_confirmed,2026-05-08T19:00:00,dispatch_tms
EVT00558_in_transit,SHP00558,in_transit,2026-05-09T20:00:00,dispatch_tms
EVT00558_delivered,SHP00558,delivered,2026-05-11T22:00:00,carrier_portal
EVT00559_booked,SHP00559,booked,2026-05-14T21:00:00,dispatch_tms
EVT00559_pickup_confirmed,SHP00559,pickup_confirmed,2026-05-15T22:00:00,dispatch_tms
EVT00559_in_transit,SHP00559,in_transit,2026-05-16T23:00:00,dispatch_tms
EVT00559_delivered,SHP00559,delivered,2026-05-19T02:00:00,carrier_portal
EVT00560_booked,SHP00560,booked,2026-05-21T00:00:00,dispatch_tms
EVT00560_pickup_confirmed,SHP00560,pickup_confirmed,2026-05-22T01:00:00,dispatch_tms
EVT00560_in_transit,SHP00560,in_transit,2026-05-23T02:00:00,dispatch_tms
EVT00560_delivered,SHP00560,delivered,2026-05-23T02:00:00,carrier_portal
EVT00561_booked,SHP00561,booked,2026-05-28T03:00:00,dispatch_tms
EVT00561_pickup_confirmed,SHP00561,pickup_confirmed,2026-05-29T04:00:00,dispatch_tms
EVT00561_in_transit,SHP00561,in_transit,2026-05-30T05:00:00,dispatch_tms
EVT00561_delivered,SHP00561,delivered,2026-05-31T06:00:00,carrier_portal
EVT00562_booked,SHP00562,booked,2026-06-04T06:00:00,dispatch_tms
EVT00562_pickup_confirmed,SHP00562,pickup_confirmed,2026-06-05T07:00:00,dispatch_tms
EVT00562_in_transit,SHP00562,in_transit,2026-06-06T08:00:00,dispatch_tms
EVT00562_delivered,SHP00562,delivered,2026-06-08T10:00:00,carrier_portal
EVT00563_booked,SHP00563,booked,2026-06-11T09:00:00,dispatch_tms
EVT00563_pickup_confirmed,SHP00563,pickup_confirmed,2026-06-12T10:00:00,dispatch_tms
EVT00563_in_transit,SHP00563,in_transit,2026-06-13T11:00:00,dispatch_tms
EVT00563_delivered,SHP00563,delivered,2026-06-16T14:00:00,carrier_portal
EVT00564_booked,SHP00564,booked,2026-06-18T12:00:00,dispatch_tms
EVT00564_pickup_confirmed,SHP00564,pickup_confirmed,2026-06-19T13:00:00,dispatch_tms
EVT00564_in_transit,SHP00564,in_transit,2026-06-20T14:00:00,dispatch_tms
EVT00564_delivered,SHP00564,delivered,2026-06-20T14:00:00,carrier_portal
EVT00565_booked,SHP00565,booked,2026-06-25T15:00:00,dispatch_tms
EVT00565_pickup_confirmed,SHP00565,pickup_confirmed,2026-06-26T16:00:00,dispatch_tms
EVT00565_in_transit,SHP00565,in_transit,2026-06-27T17:00:00,dispatch_tms
EVT00565_delivered,SHP00565,delivered,2026-06-28T18:00:00,carrier_portal
EVT00566_booked,SHP00566,booked,2026-01-03T18:00:00,dispatch_tms
EVT00566_pickup_confirmed,SHP00566,pickup_confirmed,2026-01-04T19:00:00,dispatch_tms
EVT00566_in_transit,SHP00566,in_transit,2026-01-05T20:00:00,dispatch_tms
EVT00566_delivered,SHP00566,delivered,2026-01-07T22:00:00,carrier_portal
EVT00567_booked,SHP00567,booked,2026-01-10T21:00:00,dispatch_tms
EVT00567_pickup_confirmed,SHP00567,pickup_confirmed,2026-01-11T22:00:00,dispatch_tms
EVT00567_in_transit,SHP00567,in_transit,2026-01-12T23:00:00,dispatch_tms
EVT00567_delivered,SHP00567,delivered,2026-01-15T02:00:00,carrier_portal
EVT00568_booked,SHP00568,booked,2026-01-17T00:00:00,dispatch_tms
EVT00568_pickup_confirmed,SHP00568,pickup_confirmed,2026-01-18T01:00:00,dispatch_tms
EVT00568_in_transit,SHP00568,in_transit,2026-01-19T02:00:00,dispatch_tms
EVT00568_delivered,SHP00568,delivered,2026-01-19T02:00:00,carrier_portal
EVT00569_booked,SHP00569,booked,2026-01-24T03:00:00,dispatch_tms
EVT00569_pickup_confirmed,SHP00569,pickup_confirmed,2026-01-25T04:00:00,dispatch_tms
EVT00569_in_transit,SHP00569,in_transit,2026-01-26T05:00:00,dispatch_tms
EVT00569_delivered,SHP00569,delivered,2026-01-27T06:00:00,carrier_portal
EVT00570_booked,SHP00570,booked,2026-01-31T06:00:00,dispatch_tms
EVT00570_pickup_confirmed,SHP00570,pickup_confirmed,2026-02-01T07:00:00,dispatch_tms
EVT00570_in_transit,SHP00570,in_transit,2026-02-02T08:00:00,dispatch_tms
EVT00570_delivered,SHP00570,delivered,2026-02-04T10:00:00,carrier_portal
EVT00571_booked,SHP00571,booked,2026-02-07T09:00:00,dispatch_tms
EVT00571_pickup_confirmed,SHP00571,pickup_confirmed,2026-02-08T10:00:00,dispatch_tms
EVT00571_in_transit,SHP00571,in_transit,2026-02-09T11:00:00,dispatch_tms
EVT00571_delivered,SHP00571,delivered,2026-02-12T14:00:00,carrier_portal
EVT00572_booked,SHP00572,booked,2026-02-14T12:00:00,dispatch_tms
EVT00572_pickup_confirmed,SHP00572,pickup_confirmed,2026-02-15T13:00:00,dispatch_tms
EVT00572_in_transit,SHP00572,in_transit,2026-02-16T14:00:00,dispatch_tms
EVT00572_delivered,SHP00572,delivered,2026-02-16T14:00:00,carrier_portal
EVT00573_booked,SHP00573,booked,2026-02-21T15:00:00,dispatch_tms
EVT00573_pickup_confirmed,SHP00573,pickup_confirmed,2026-02-22T16:00:00,dispatch_tms
EVT00573_in_transit,SHP00573,in_transit,2026-02-23T17:00:00,dispatch_tms
EVT00573_delivered,SHP00573,delivered,2026-02-24T18:00:00,carrier_portal
EVT00574_booked,SHP00574,booked,2026-02-28T18:00:00,dispatch_tms
EVT00574_pickup_confirmed,SHP00574,pickup_confirmed,2026-03-01T19:00:00,dispatch_tms
EVT00574_in_transit,SHP00574,in_transit,2026-03-02T20:00:00,dispatch_tms
EVT00574_delivered,SHP00574,delivered,2026-03-04T22:00:00,carrier_portal
EVT00575_booked,SHP00575,booked,2026-03-07T21:00:00,dispatch_tms
EVT00575_pickup_confirmed,SHP00575,pickup_confirmed,2026-03-08T22:00:00,dispatch_tms
EVT00575_in_transit,SHP00575,in_transit,2026-03-09T23:00:00,dispatch_tms
EVT00575_delivered,SHP00575,delivered,2026-03-12T02:00:00,carrier_portal
EVT00576_booked,SHP00576,booked,2026-03-14T00:00:00,dispatch_tms
EVT00576_pickup_confirmed,SHP00576,pickup_confirmed,2026-03-15T01:00:00,dispatch_tms
EVT00576_in_transit,SHP00576,in_transit,2026-03-16T02:00:00,dispatch_tms
EVT00576_delivered,SHP00576,delivered,2026-03-16T02:00:00,carrier_portal
EVT00577_booked,SHP00577,booked,2026-03-21T03:00:00,dispatch_tms
EVT00577_pickup_confirmed,SHP00577,pickup_confirmed,2026-03-22T04:00:00,dispatch_tms
EVT00577_in_transit,SHP00577,in_transit,2026-03-23T05:00:00,dispatch_tms
EVT00577_delivered,SHP00577,delivered,2026-03-24T06:00:00,carrier_portal
EVT00578_booked,SHP00578,booked,2026-03-28T06:00:00,dispatch_tms
EVT00578_pickup_confirmed,SHP00578,pickup_confirmed,2026-03-29T07:00:00,dispatch_tms
EVT00578_in_transit,SHP00578,in_transit,2026-03-30T08:00:00,dispatch_tms
EVT00578_delivered,SHP00578,delivered,2026-04-01T10:00:00,carrier_portal
EVT00579_booked,SHP00579,booked,2026-04-04T09:00:00,dispatch_tms
EVT00579_pickup_confirmed,SHP00579,pickup_confirmed,2026-04-05T10:00:00,dispatch_tms
EVT00579_in_transit,SHP00579,in_transit,2026-04-06T11:00:00,dispatch_tms
EVT00579_delivered,SHP00579,delivered,2026-04-09T14:00:00,carrier_portal
EVT00580_booked,SHP00580,booked,2026-04-11T12:00:00,dispatch_tms
EVT00580_pickup_confirmed,SHP00580,pickup_confirmed,2026-04-12T13:00:00,dispatch_tms
EVT00580_in_transit,SHP00580,in_transit,2026-04-13T14:00:00,dispatch_tms
EVT00580_delivered,SHP00580,delivered,2026-04-13T14:00:00,carrier_portal
EVT00581_booked,SHP00581,booked,2026-04-18T15:00:00,dispatch_tms
EVT00581_pickup_confirmed,SHP00581,pickup_confirmed,2026-04-19T16:00:00,dispatch_tms
EVT00581_in_transit,SHP00581,in_transit,2026-04-20T17:00:00,dispatch_tms
EVT00581_delivered,SHP00581,delivered,2026-04-21T18:00:00,carrier_portal
EVT00582_booked,SHP00582,booked,2026-04-25T18:00:00,dispatch_tms
EVT00582_pickup_confirmed,SHP00582,pickup_confirmed,2026-04-26T19:00:00,dispatch_tms
EVT00582_in_transit,SHP00582,in_transit,2026-04-27T20:00:00,dispatch_tms
EVT00582_delivered,SHP00582,delivered,2026-04-29T22:00:00,carrier_portal
EVT00583_booked,SHP00583,booked,2026-05-02T21:00:00,dispatch_tms
EVT00583_pickup_confirmed,SHP00583,pickup_confirmed,2026-05-03T22:00:00,dispatch_tms
EVT00583_in_transit,SHP00583,in_transit,2026-05-04T23:00:00,dispatch_tms
EVT00583_delivered,SHP00583,delivered,2026-05-07T02:00:00,carrier_portal
EVT00584_booked,SHP00584,booked,2026-05-09T00:00:00,dispatch_tms
EVT00584_pickup_confirmed,SHP00584,pickup_confirmed,2026-05-10T01:00:00,dispatch_tms
EVT00584_in_transit,SHP00584,in_transit,2026-05-11T02:00:00,dispatch_tms
EVT00584_delivered,SHP00584,delivered,2026-05-11T02:00:00,carrier_portal
EVT00585_booked,SHP00585,booked,2026-05-16T03:00:00,dispatch_tms
EVT00585_pickup_confirmed,SHP00585,pickup_confirmed,2026-05-17T04:00:00,dispatch_tms
EVT00585_in_transit,SHP00585,in_transit,2026-05-18T05:00:00,dispatch_tms
EVT00585_delivered,SHP00585,delivered,2026-05-19T06:00:00,carrier_portal
EVT00586_booked,SHP00586,booked,2026-05-23T06:00:00,dispatch_tms
EVT00586_pickup_confirmed,SHP00586,pickup_confirmed,2026-05-24T07:00:00,dispatch_tms
EVT00586_in_transit,SHP00586,in_transit,2026-05-25T08:00:00,dispatch_tms
EVT00586_delivered,SHP00586,delivered,2026-05-27T10:00:00,carrier_portal
EVT00587_booked,SHP00587,booked,2026-05-30T09:00:00,dispatch_tms
EVT00587_pickup_confirmed,SHP00587,pickup_confirmed,2026-05-31T10:00:00,dispatch_tms
EVT00587_in_transit,SHP00587,in_transit,2026-06-01T11:00:00,dispatch_tms
EVT00587_delivered,SHP00587,delivered,2026-06-04T14:00:00,carrier_portal
EVT00588_booked,SHP00588,booked,2026-06-06T12:00:00,dispatch_tms
EVT00588_pickup_confirmed,SHP00588,pickup_confirmed,2026-06-07T13:00:00,dispatch_tms
EVT00588_in_transit,SHP00588,in_transit,2026-06-08T14:00:00,dispatch_tms
EVT00588_delivered,SHP00588,delivered,2026-06-09T15:00:00,carrier_portal
EVT00589_booked,SHP00589,booked,2026-06-13T15:00:00,dispatch_tms
EVT00589_pickup_confirmed,SHP00589,pickup_confirmed,2026-06-14T16:00:00,dispatch_tms
EVT00589_in_transit,SHP00589,in_transit,2026-06-15T17:00:00,dispatch_tms
EVT00589_delivered,SHP00589,delivered,2026-06-16T18:00:00,carrier_portal
EVT00590_booked,SHP00590,booked,2026-06-20T18:00:00,dispatch_tms
EVT00590_pickup_confirmed,SHP00590,pickup_confirmed,2026-06-21T19:00:00,dispatch_tms
EVT00590_in_transit,SHP00590,in_transit,2026-06-22T20:00:00,dispatch_tms
EVT00590_delivered,SHP00590,delivered,2026-06-24T22:00:00,carrier_portal
EVT00591_booked,SHP00591,booked,2026-06-27T21:00:00,dispatch_tms
EVT00591_pickup_confirmed,SHP00591,pickup_confirmed,2026-06-28T22:00:00,dispatch_tms
EVT00591_in_transit,SHP00591,in_transit,2026-06-29T23:00:00,dispatch_tms
EVT00591_delivered,SHP00591,delivered,2026-07-02T02:00:00,carrier_portal
EVT00592_booked,SHP00592,booked,2026-01-05T00:00:00,dispatch_tms
EVT00592_pickup_confirmed,SHP00592,pickup_confirmed,2026-01-06T01:00:00,dispatch_tms
EVT00592_in_transit,SHP00592,in_transit,2026-01-07T02:00:00,dispatch_tms
EVT00592_delivered,SHP00592,delivered,2026-01-08T03:00:00,carrier_portal
EVT00593_booked,SHP00593,booked,2026-01-12T03:00:00,dispatch_tms
EVT00593_pickup_confirmed,SHP00593,pickup_confirmed,2026-01-13T04:00:00,dispatch_tms
EVT00593_in_transit,SHP00593,in_transit,2026-01-14T05:00:00,dispatch_tms
EVT00593_delivered,SHP00593,delivered,2026-01-15T06:00:00,carrier_portal
EVT00594_booked,SHP00594,booked,2026-01-19T06:00:00,dispatch_tms
EVT00594_pickup_confirmed,SHP00594,pickup_confirmed,2026-01-20T07:00:00,dispatch_tms
EVT00594_in_transit,SHP00594,in_transit,2026-01-21T08:00:00,dispatch_tms
EVT00594_delivered,SHP00594,delivered,2026-01-24T11:00:00,carrier_portal
EVT00595_booked,SHP00595,booked,2026-01-26T09:00:00,dispatch_tms
EVT00595_pickup_confirmed,SHP00595,pickup_confirmed,2026-01-27T10:00:00,dispatch_tms
EVT00595_in_transit,SHP00595,in_transit,2026-01-28T11:00:00,dispatch_tms
EVT00595_delivered,SHP00595,delivered,2026-01-31T14:00:00,carrier_portal
EVT00596_booked,SHP00596,booked,2026-02-02T12:00:00,dispatch_tms
EVT00596_pickup_confirmed,SHP00596,pickup_confirmed,2026-02-03T13:00:00,dispatch_tms
EVT00596_in_transit,SHP00596,in_transit,2026-02-04T14:00:00,dispatch_tms
EVT00596_delivered,SHP00596,delivered,2026-02-04T14:00:00,carrier_portal
EVT00597_booked,SHP00597,booked,2026-02-09T15:00:00,dispatch_tms
EVT00597_pickup_confirmed,SHP00597,pickup_confirmed,2026-02-10T16:00:00,dispatch_tms
EVT00597_in_transit,SHP00597,in_transit,2026-02-11T17:00:00,dispatch_tms
EVT00597_delivered,SHP00597,delivered,2026-02-12T18:00:00,carrier_portal
EVT00598_booked,SHP00598,booked,2026-02-16T18:00:00,dispatch_tms
EVT00598_pickup_confirmed,SHP00598,pickup_confirmed,2026-02-17T19:00:00,dispatch_tms
EVT00598_in_transit,SHP00598,in_transit,2026-02-18T20:00:00,dispatch_tms
EVT00598_delivered,SHP00598,delivered,2026-02-20T22:00:00,carrier_portal
EVT00599_booked,SHP00599,booked,2026-02-23T21:00:00,dispatch_tms
EVT00599_pickup_confirmed,SHP00599,pickup_confirmed,2026-02-24T22:00:00,dispatch_tms
EVT00599_in_transit,SHP00599,in_transit,2026-02-25T23:00:00,dispatch_tms
EVT00599_delivered,SHP00599,delivered,2026-02-28T02:00:00,carrier_portal
EVT00600_booked,SHP00600,booked,2026-03-02T00:00:00,dispatch_tms
EVT00600_pickup_confirmed,SHP00600,pickup_confirmed,2026-03-03T01:00:00,dispatch_tms
EVT00600_in_transit,SHP00600,in_transit,2026-03-04T02:00:00,dispatch_tms
EVT00600_delivered,SHP00600,delivered,2026-03-04T02:00:00,carrier_portal
EVT00601_booked,SHP00601,booked,2026-03-09T03:00:00,dispatch_tms
EVT00601_pickup_confirmed,SHP00601,pickup_confirmed,2026-03-10T04:00:00,dispatch_tms
EVT00601_in_transit,SHP00601,in_transit,2026-03-11T05:00:00,dispatch_tms
EVT00601_delivered,SHP00601,delivered,2026-03-12T06:00:00,carrier_portal
EVT00602_booked,SHP00602,booked,2026-03-16T06:00:00,dispatch_tms
EVT00602_pickup_confirmed,SHP00602,pickup_confirmed,2026-03-17T07:00:00,dispatch_tms
EVT00602_in_transit,SHP00602,in_transit,2026-03-18T08:00:00,dispatch_tms
EVT00602_delivered,SHP00602,delivered,2026-03-21T11:00:00,carrier_portal
EVT00603_booked,SHP00603,booked,2026-03-23T09:00:00,dispatch_tms
EVT00603_pickup_confirmed,SHP00603,pickup_confirmed,2026-03-24T10:00:00,dispatch_tms
EVT00603_in_transit,SHP00603,in_transit,2026-03-25T11:00:00,dispatch_tms
EVT00603_delivered,SHP00603,delivered,2026-03-28T14:00:00,carrier_portal
EVT00604_booked,SHP00604,booked,2026-03-30T12:00:00,dispatch_tms
EVT00604_pickup_confirmed,SHP00604,pickup_confirmed,2026-03-31T13:00:00,dispatch_tms
EVT00604_in_transit,SHP00604,in_transit,2026-04-01T14:00:00,dispatch_tms
EVT00604_delivered,SHP00604,delivered,2026-04-01T14:00:00,carrier_portal
EVT00605_booked,SHP00605,booked,2026-04-06T15:00:00,dispatch_tms
EVT00605_pickup_confirmed,SHP00605,pickup_confirmed,2026-04-07T16:00:00,dispatch_tms
EVT00605_in_transit,SHP00605,in_transit,2026-04-08T17:00:00,dispatch_tms
EVT00605_delivered,SHP00605,delivered,2026-04-09T18:00:00,carrier_portal
EVT00606_booked,SHP00606,booked,2026-04-13T18:00:00,dispatch_tms
EVT00606_pickup_confirmed,SHP00606,pickup_confirmed,2026-04-14T19:00:00,dispatch_tms
EVT00606_in_transit,SHP00606,in_transit,2026-04-15T20:00:00,dispatch_tms
EVT00606_delivered,SHP00606,delivered,2026-04-17T22:00:00,carrier_portal
EVT00607_booked,SHP00607,booked,2026-04-20T21:00:00,dispatch_tms
EVT00607_pickup_confirmed,SHP00607,pickup_confirmed,2026-04-21T22:00:00,dispatch_tms
EVT00607_in_transit,SHP00607,in_transit,2026-04-22T23:00:00,dispatch_tms
EVT00607_delivered,SHP00607,delivered,2026-04-25T02:00:00,carrier_portal
EVT00608_booked,SHP00608,booked,2026-04-27T00:00:00,dispatch_tms
EVT00608_pickup_confirmed,SHP00608,pickup_confirmed,2026-04-28T01:00:00,dispatch_tms
EVT00608_in_transit,SHP00608,in_transit,2026-04-29T02:00:00,dispatch_tms
EVT00608_delivered,SHP00608,delivered,2026-04-29T02:00:00,carrier_portal
EVT00609_booked,SHP00609,booked,2026-05-04T03:00:00,dispatch_tms
EVT00609_pickup_confirmed,SHP00609,pickup_confirmed,2026-05-05T04:00:00,dispatch_tms
EVT00609_in_transit,SHP00609,in_transit,2026-05-06T05:00:00,dispatch_tms
EVT00609_delivered,SHP00609,delivered,2026-05-07T06:00:00,carrier_portal
EVT00610_booked,SHP00610,booked,2026-05-11T06:00:00,dispatch_tms
EVT00610_pickup_confirmed,SHP00610,pickup_confirmed,2026-05-12T07:00:00,dispatch_tms
EVT00610_in_transit,SHP00610,in_transit,2026-05-13T08:00:00,dispatch_tms
EVT00610_delivered,SHP00610,delivered,2026-05-15T10:00:00,carrier_portal
EVT00611_booked,SHP00611,booked,2026-05-18T09:00:00,dispatch_tms
EVT00611_pickup_confirmed,SHP00611,pickup_confirmed,2026-05-19T10:00:00,dispatch_tms
EVT00611_in_transit,SHP00611,in_transit,2026-05-20T11:00:00,dispatch_tms
EVT00611_delivered,SHP00611,delivered,2026-05-23T14:00:00,carrier_portal
EVT00612_booked,SHP00612,booked,2026-05-25T12:00:00,dispatch_tms
EVT00612_pickup_confirmed,SHP00612,pickup_confirmed,2026-05-26T13:00:00,dispatch_tms
EVT00612_in_transit,SHP00612,in_transit,2026-05-27T14:00:00,dispatch_tms
EVT00612_delivered,SHP00612,delivered,2026-05-28T15:00:00,carrier_portal
EVT00613_booked,SHP00613,booked,2026-06-01T15:00:00,dispatch_tms
EVT00613_pickup_confirmed,SHP00613,pickup_confirmed,2026-06-02T16:00:00,dispatch_tms
EVT00613_in_transit,SHP00613,in_transit,2026-06-03T17:00:00,dispatch_tms
EVT00613_delivered,SHP00613,delivered,2026-06-04T18:00:00,carrier_portal
EVT00614_booked,SHP00614,booked,2026-06-08T18:00:00,dispatch_tms
EVT00614_pickup_confirmed,SHP00614,pickup_confirmed,2026-06-09T19:00:00,dispatch_tms
EVT00614_in_transit,SHP00614,in_transit,2026-06-10T20:00:00,dispatch_tms
EVT00614_delivered,SHP00614,delivered,2026-06-12T22:00:00,carrier_portal
EVT00615_booked,SHP00615,booked,2026-06-15T21:00:00,dispatch_tms
EVT00615_pickup_confirmed,SHP00615,pickup_confirmed,2026-06-16T22:00:00,dispatch_tms
EVT00615_in_transit,SHP00615,in_transit,2026-06-17T23:00:00,dispatch_tms
EVT00615_delivered,SHP00615,delivered,2026-06-20T02:00:00,carrier_portal
EVT00616_booked,SHP00616,booked,2026-06-22T00:00:00,dispatch_tms
EVT00616_pickup_confirmed,SHP00616,pickup_confirmed,2026-06-23T01:00:00,dispatch_tms
EVT00616_in_transit,SHP00616,in_transit,2026-06-24T02:00:00,dispatch_tms
EVT00616_delivered,SHP00616,delivered,2026-06-24T02:00:00,carrier_portal
EVT00617_booked,SHP00617,booked,2026-06-29T03:00:00,dispatch_tms
EVT00617_pickup_confirmed,SHP00617,pickup_confirmed,2026-06-30T04:00:00,dispatch_tms
EVT00617_in_transit,SHP00617,in_transit,2026-07-01T05:00:00,dispatch_tms
EVT00617_delivered,SHP00617,delivered,2026-07-02T06:00:00,carrier_portal
EVT00618_booked,SHP00618,booked,2026-01-07T06:00:00,dispatch_tms
EVT00618_pickup_confirmed,SHP00618,pickup_confirmed,2026-01-08T07:00:00,dispatch_tms
EVT00618_in_transit,SHP00618,in_transit,2026-01-09T08:00:00,dispatch_tms
EVT00618_delivered,SHP00618,delivered,2026-01-11T10:00:00,carrier_portal
EVT00619_booked,SHP00619,booked,2026-01-14T09:00:00,dispatch_tms
EVT00619_pickup_confirmed,SHP00619,pickup_confirmed,2026-01-15T10:00:00,dispatch_tms
EVT00619_in_transit,SHP00619,in_transit,2026-01-16T11:00:00,dispatch_tms
EVT00619_delivered,SHP00619,delivered,2026-01-20T15:00:00,carrier_portal
EVT00620_booked,SHP00620,booked,2026-01-21T12:00:00,dispatch_tms
EVT00620_pickup_confirmed,SHP00620,pickup_confirmed,2026-01-22T13:00:00,dispatch_tms
EVT00620_in_transit,SHP00620,in_transit,2026-01-23T14:00:00,dispatch_tms
EVT00620_delivered,SHP00620,delivered,2026-01-23T14:00:00,carrier_portal
EVT00621_booked,SHP00621,booked,2026-01-28T15:00:00,dispatch_tms
EVT00621_pickup_confirmed,SHP00621,pickup_confirmed,2026-01-29T16:00:00,dispatch_tms
EVT00621_in_transit,SHP00621,in_transit,2026-01-30T17:00:00,dispatch_tms
EVT00621_delivered,SHP00621,delivered,2026-01-31T18:00:00,carrier_portal
EVT00622_booked,SHP00622,booked,2026-02-04T18:00:00,dispatch_tms
EVT00622_pickup_confirmed,SHP00622,pickup_confirmed,2026-02-05T19:00:00,dispatch_tms
EVT00622_in_transit,SHP00622,in_transit,2026-02-06T20:00:00,dispatch_tms
EVT00622_delivered,SHP00622,delivered,2026-02-09T23:00:00,carrier_portal
EVT00623_booked,SHP00623,booked,2026-02-11T21:00:00,dispatch_tms
EVT00623_pickup_confirmed,SHP00623,pickup_confirmed,2026-02-12T22:00:00,dispatch_tms
EVT00623_in_transit,SHP00623,in_transit,2026-02-13T23:00:00,dispatch_tms
EVT00623_delivered,SHP00623,delivered,2026-02-16T02:00:00,carrier_portal
EVT00624_booked,SHP00624,booked,2026-02-18T00:00:00,dispatch_tms
EVT00624_pickup_confirmed,SHP00624,pickup_confirmed,2026-02-19T01:00:00,dispatch_tms
EVT00624_in_transit,SHP00624,in_transit,2026-02-20T02:00:00,dispatch_tms
EVT00624_delivered,SHP00624,delivered,2026-02-20T02:00:00,carrier_portal
EVT00625_booked,SHP00625,booked,2026-02-25T03:00:00,dispatch_tms
EVT00625_pickup_confirmed,SHP00625,pickup_confirmed,2026-02-26T04:00:00,dispatch_tms
EVT00625_in_transit,SHP00625,in_transit,2026-02-27T05:00:00,dispatch_tms
EVT00625_delivered,SHP00625,delivered,2026-02-28T06:00:00,carrier_portal
EVT00626_booked,SHP00626,booked,2026-03-04T06:00:00,dispatch_tms
EVT00626_pickup_confirmed,SHP00626,pickup_confirmed,2026-03-05T07:00:00,dispatch_tms
EVT00626_in_transit,SHP00626,in_transit,2026-03-06T08:00:00,dispatch_tms
EVT00626_delivered,SHP00626,delivered,2026-03-08T10:00:00,carrier_portal
EVT00627_booked,SHP00627,booked,2026-03-11T09:00:00,dispatch_tms
EVT00627_pickup_confirmed,SHP00627,pickup_confirmed,2026-03-12T10:00:00,dispatch_tms
EVT00627_in_transit,SHP00627,in_transit,2026-03-13T11:00:00,dispatch_tms
EVT00627_delivered,SHP00627,delivered,2026-03-16T14:00:00,carrier_portal
EVT00628_booked,SHP00628,booked,2026-03-18T12:00:00,dispatch_tms
EVT00628_pickup_confirmed,SHP00628,pickup_confirmed,2026-03-19T13:00:00,dispatch_tms
EVT00628_in_transit,SHP00628,in_transit,2026-03-20T14:00:00,dispatch_tms
EVT00628_delivered,SHP00628,delivered,2026-03-20T14:00:00,carrier_portal
EVT00629_booked,SHP00629,booked,2026-03-25T15:00:00,dispatch_tms
EVT00629_pickup_confirmed,SHP00629,pickup_confirmed,2026-03-26T16:00:00,dispatch_tms
EVT00629_in_transit,SHP00629,in_transit,2026-03-27T17:00:00,dispatch_tms
EVT00629_delivered,SHP00629,delivered,2026-03-29T19:00:00,carrier_portal
EVT00630_booked,SHP00630,booked,2026-04-01T18:00:00,dispatch_tms
EVT00630_pickup_confirmed,SHP00630,pickup_confirmed,2026-04-02T19:00:00,dispatch_tms
EVT00630_in_transit,SHP00630,in_transit,2026-04-03T20:00:00,dispatch_tms
EVT00630_delivered,SHP00630,delivered,2026-04-05T22:00:00,carrier_portal
EVT00631_booked,SHP00631,booked,2026-04-08T21:00:00,dispatch_tms
EVT00631_pickup_confirmed,SHP00631,pickup_confirmed,2026-04-09T22:00:00,dispatch_tms
EVT00631_in_transit,SHP00631,in_transit,2026-04-10T23:00:00,dispatch_tms
EVT00631_delivered,SHP00631,delivered,2026-04-13T02:00:00,carrier_portal
EVT00632_booked,SHP00632,booked,2026-04-15T00:00:00,dispatch_tms
EVT00632_pickup_confirmed,SHP00632,pickup_confirmed,2026-04-16T01:00:00,dispatch_tms
EVT00632_in_transit,SHP00632,in_transit,2026-04-17T02:00:00,dispatch_tms
EVT00632_delivered,SHP00632,delivered,2026-04-17T02:00:00,carrier_portal
EVT00633_booked,SHP00633,booked,2026-04-22T03:00:00,dispatch_tms
EVT00633_pickup_confirmed,SHP00633,pickup_confirmed,2026-04-23T04:00:00,dispatch_tms
EVT00633_in_transit,SHP00633,in_transit,2026-04-24T05:00:00,dispatch_tms
EVT00633_delivered,SHP00633,delivered,2026-04-25T06:00:00,carrier_portal
EVT00634_booked,SHP00634,booked,2026-04-29T06:00:00,dispatch_tms
EVT00634_pickup_confirmed,SHP00634,pickup_confirmed,2026-04-30T07:00:00,dispatch_tms
EVT00634_in_transit,SHP00634,in_transit,2026-05-01T08:00:00,dispatch_tms
EVT00634_delivered,SHP00634,delivered,2026-05-03T10:00:00,carrier_portal
EVT00635_booked,SHP00635,booked,2026-05-06T09:00:00,dispatch_tms
EVT00635_pickup_confirmed,SHP00635,pickup_confirmed,2026-05-07T10:00:00,dispatch_tms
EVT00635_in_transit,SHP00635,in_transit,2026-05-08T11:00:00,dispatch_tms
EVT00635_delivered,SHP00635,delivered,2026-05-11T14:00:00,carrier_portal
EVT00636_booked,SHP00636,booked,2026-05-13T12:00:00,dispatch_tms
EVT00636_pickup_confirmed,SHP00636,pickup_confirmed,2026-05-14T13:00:00,dispatch_tms
EVT00636_in_transit,SHP00636,in_transit,2026-05-15T14:00:00,dispatch_tms
EVT00636_delivered,SHP00636,delivered,2026-05-15T14:00:00,carrier_portal
EVT00637_booked,SHP00637,booked,2026-05-20T15:00:00,dispatch_tms
EVT00637_pickup_confirmed,SHP00637,pickup_confirmed,2026-05-21T16:00:00,dispatch_tms
EVT00637_in_transit,SHP00637,in_transit,2026-05-22T17:00:00,dispatch_tms
EVT00637_delivered,SHP00637,delivered,2026-05-23T18:00:00,carrier_portal
EVT00638_booked,SHP00638,booked,2026-05-27T18:00:00,dispatch_tms
EVT00638_pickup_confirmed,SHP00638,pickup_confirmed,2026-05-28T19:00:00,dispatch_tms
EVT00638_in_transit,SHP00638,in_transit,2026-05-29T20:00:00,dispatch_tms
EVT00638_delivered,SHP00638,delivered,2026-06-01T23:00:00,carrier_portal
EVT00639_booked,SHP00639,booked,2026-06-03T21:00:00,dispatch_tms
EVT00639_pickup_confirmed,SHP00639,pickup_confirmed,2026-06-04T22:00:00,dispatch_tms
EVT00639_in_transit,SHP00639,in_transit,2026-06-05T23:00:00,dispatch_tms
EVT00639_delivered,SHP00639,delivered,2026-06-08T02:00:00,carrier_portal
EVT00640_booked,SHP00640,booked,2026-06-10T00:00:00,dispatch_tms
EVT00640_pickup_confirmed,SHP00640,pickup_confirmed,2026-06-11T01:00:00,dispatch_tms
EVT00640_in_transit,SHP00640,in_transit,2026-06-12T02:00:00,dispatch_tms
EVT00640_delivered,SHP00640,delivered,2026-06-12T02:00:00,carrier_portal
EVT00641_booked,SHP00641,booked,2026-06-17T03:00:00,dispatch_tms
EVT00641_pickup_confirmed,SHP00641,pickup_confirmed,2026-06-18T04:00:00,dispatch_tms
EVT00641_in_transit,SHP00641,in_transit,2026-06-19T05:00:00,dispatch_tms
EVT00641_delivered,SHP00641,delivered,2026-06-20T06:00:00,carrier_portal
EVT00642_booked,SHP00642,booked,2026-06-24T06:00:00,dispatch_tms
EVT00642_pickup_confirmed,SHP00642,pickup_confirmed,2026-06-25T07:00:00,dispatch_tms
EVT00642_in_transit,SHP00642,in_transit,2026-06-26T08:00:00,dispatch_tms
EVT00642_delivered,SHP00642,delivered,2026-06-28T10:00:00,carrier_portal
EVT00643_booked,SHP00643,booked,2026-01-02T09:00:00,dispatch_tms
EVT00643_pickup_confirmed,SHP00643,pickup_confirmed,2026-01-03T10:00:00,dispatch_tms
EVT00643_in_transit,SHP00643,in_transit,2026-01-04T11:00:00,dispatch_tms
EVT00643_delivered,SHP00643,delivered,2026-01-07T14:00:00,carrier_portal
EVT00644_booked,SHP00644,booked,2026-01-09T12:00:00,dispatch_tms
EVT00644_pickup_confirmed,SHP00644,pickup_confirmed,2026-01-10T13:00:00,dispatch_tms
EVT00644_in_transit,SHP00644,in_transit,2026-01-11T14:00:00,dispatch_tms
EVT00644_delivered,SHP00644,delivered,2026-01-11T14:00:00,carrier_portal
EVT00645_booked,SHP00645,booked,2026-01-16T15:00:00,dispatch_tms
EVT00645_pickup_confirmed,SHP00645,pickup_confirmed,2026-01-17T16:00:00,dispatch_tms
EVT00645_in_transit,SHP00645,in_transit,2026-01-18T17:00:00,dispatch_tms
EVT00645_delivered,SHP00645,delivered,2026-01-19T18:00:00,carrier_portal
EVT00646_booked,SHP00646,booked,2026-01-23T18:00:00,dispatch_tms
EVT00646_pickup_confirmed,SHP00646,pickup_confirmed,2026-01-24T19:00:00,dispatch_tms
EVT00646_in_transit,SHP00646,in_transit,2026-01-25T20:00:00,dispatch_tms
EVT00646_delivered,SHP00646,delivered,2026-01-27T22:00:00,carrier_portal
EVT00647_booked,SHP00647,booked,2026-01-30T21:00:00,dispatch_tms
EVT00647_pickup_confirmed,SHP00647,pickup_confirmed,2026-01-31T22:00:00,dispatch_tms
EVT00647_in_transit,SHP00647,in_transit,2026-02-01T23:00:00,dispatch_tms
EVT00647_delivered,SHP00647,delivered,2026-02-04T02:00:00,carrier_portal
EVT00648_booked,SHP00648,booked,2026-02-06T00:00:00,dispatch_tms
EVT00648_pickup_confirmed,SHP00648,pickup_confirmed,2026-02-07T01:00:00,dispatch_tms
EVT00648_in_transit,SHP00648,in_transit,2026-02-08T02:00:00,dispatch_tms
EVT00648_delivered,SHP00648,delivered,2026-02-08T02:00:00,carrier_portal
EVT00649_booked,SHP00649,booked,2026-02-13T03:00:00,dispatch_tms
EVT00649_pickup_confirmed,SHP00649,pickup_confirmed,2026-02-14T04:00:00,dispatch_tms
EVT00649_in_transit,SHP00649,in_transit,2026-02-15T05:00:00,dispatch_tms
EVT00649_delivered,SHP00649,delivered,2026-02-16T06:00:00,carrier_portal
EVT00650_booked,SHP00650,booked,2026-02-20T06:00:00,dispatch_tms
EVT00650_pickup_confirmed,SHP00650,pickup_confirmed,2026-02-21T07:00:00,dispatch_tms
EVT00650_in_transit,SHP00650,in_transit,2026-02-22T08:00:00,dispatch_tms
EVT00650_delivered,SHP00650,delivered,2026-02-24T10:00:00,carrier_portal
EVT00651_booked,SHP00651,booked,2026-02-27T09:00:00,dispatch_tms
EVT00651_pickup_confirmed,SHP00651,pickup_confirmed,2026-02-28T10:00:00,dispatch_tms
EVT00651_in_transit,SHP00651,in_transit,2026-03-01T11:00:00,dispatch_tms
EVT00651_delivered,SHP00651,delivered,2026-03-04T14:00:00,carrier_portal
EVT00652_booked,SHP00652,booked,2026-03-06T12:00:00,dispatch_tms
EVT00652_pickup_confirmed,SHP00652,pickup_confirmed,2026-03-07T13:00:00,dispatch_tms
EVT00652_in_transit,SHP00652,in_transit,2026-03-08T14:00:00,dispatch_tms
EVT00652_delivered,SHP00652,delivered,2026-03-08T14:00:00,carrier_portal
EVT00653_booked,SHP00653,booked,2026-03-13T15:00:00,dispatch_tms
EVT00653_pickup_confirmed,SHP00653,pickup_confirmed,2026-03-14T16:00:00,dispatch_tms
EVT00653_in_transit,SHP00653,in_transit,2026-03-15T17:00:00,dispatch_tms
EVT00653_delivered,SHP00653,delivered,2026-03-16T18:00:00,carrier_portal
EVT00654_booked,SHP00654,booked,2026-03-20T18:00:00,dispatch_tms
EVT00654_pickup_confirmed,SHP00654,pickup_confirmed,2026-03-21T19:00:00,dispatch_tms
EVT00654_in_transit,SHP00654,in_transit,2026-03-22T20:00:00,dispatch_tms
EVT00654_delivered,SHP00654,delivered,2026-03-24T22:00:00,carrier_portal
EVT00655_booked,SHP00655,booked,2026-03-27T21:00:00,dispatch_tms
EVT00655_pickup_confirmed,SHP00655,pickup_confirmed,2026-03-28T22:00:00,dispatch_tms
EVT00655_in_transit,SHP00655,in_transit,2026-03-29T23:00:00,dispatch_tms
EVT00655_delivered,SHP00655,delivered,2026-04-01T02:00:00,carrier_portal
EVT00656_booked,SHP00656,booked,2026-04-03T00:00:00,dispatch_tms
EVT00656_pickup_confirmed,SHP00656,pickup_confirmed,2026-04-04T01:00:00,dispatch_tms
EVT00656_in_transit,SHP00656,in_transit,2026-04-05T02:00:00,dispatch_tms
EVT00656_delivered,SHP00656,delivered,2026-04-05T02:00:00,carrier_portal
EVT00657_booked,SHP00657,booked,2026-04-10T03:00:00,dispatch_tms
EVT00657_pickup_confirmed,SHP00657,pickup_confirmed,2026-04-11T04:00:00,dispatch_tms
EVT00657_in_transit,SHP00657,in_transit,2026-04-12T05:00:00,dispatch_tms
EVT00657_delivered,SHP00657,delivered,2026-04-13T06:00:00,carrier_portal
EVT00658_booked,SHP00658,booked,2026-04-17T06:00:00,dispatch_tms
EVT00658_pickup_confirmed,SHP00658,pickup_confirmed,2026-04-18T07:00:00,dispatch_tms
EVT00658_in_transit,SHP00658,in_transit,2026-04-19T08:00:00,dispatch_tms
EVT00658_delivered,SHP00658,delivered,2026-04-22T11:00:00,carrier_portal
EVT00659_booked,SHP00659,booked,2026-04-24T09:00:00,dispatch_tms
EVT00659_pickup_confirmed,SHP00659,pickup_confirmed,2026-04-25T10:00:00,dispatch_tms
EVT00659_in_transit,SHP00659,in_transit,2026-04-26T11:00:00,dispatch_tms
EVT00659_delivered,SHP00659,delivered,2026-04-29T14:00:00,carrier_portal
EVT00660_booked,SHP00660,booked,2026-05-01T12:00:00,dispatch_tms
EVT00660_pickup_confirmed,SHP00660,pickup_confirmed,2026-05-02T13:00:00,dispatch_tms
EVT00660_in_transit,SHP00660,in_transit,2026-05-03T14:00:00,dispatch_tms
EVT00660_delivered,SHP00660,delivered,2026-05-03T14:00:00,carrier_portal
EVT00661_booked,SHP00661,booked,2026-05-08T15:00:00,dispatch_tms
EVT00661_pickup_confirmed,SHP00661,pickup_confirmed,2026-05-09T16:00:00,dispatch_tms
EVT00661_in_transit,SHP00661,in_transit,2026-05-10T17:00:00,dispatch_tms
EVT00661_delivered,SHP00661,delivered,2026-05-11T18:00:00,carrier_portal
EVT00662_booked,SHP00662,booked,2026-05-15T18:00:00,dispatch_tms
EVT00662_pickup_confirmed,SHP00662,pickup_confirmed,2026-05-16T19:00:00,dispatch_tms
EVT00662_in_transit,SHP00662,in_transit,2026-05-17T20:00:00,dispatch_tms
EVT00662_delivered,SHP00662,delivered,2026-05-19T22:00:00,carrier_portal
EVT00663_booked,SHP00663,booked,2026-05-22T21:00:00,dispatch_tms
EVT00663_pickup_confirmed,SHP00663,pickup_confirmed,2026-05-23T22:00:00,dispatch_tms
EVT00663_in_transit,SHP00663,in_transit,2026-05-24T23:00:00,dispatch_tms
EVT00663_delivered,SHP00663,delivered,2026-05-27T02:00:00,carrier_portal
EVT00664_booked,SHP00664,booked,2026-05-29T00:00:00,dispatch_tms
EVT00664_pickup_confirmed,SHP00664,pickup_confirmed,2026-05-30T01:00:00,dispatch_tms
EVT00664_in_transit,SHP00664,in_transit,2026-05-31T02:00:00,dispatch_tms
EVT00664_delivered,SHP00664,delivered,2026-05-31T02:00:00,carrier_portal
EVT00665_booked,SHP00665,booked,2026-06-05T03:00:00,dispatch_tms
EVT00665_pickup_confirmed,SHP00665,pickup_confirmed,2026-06-06T04:00:00,dispatch_tms
EVT00665_in_transit,SHP00665,in_transit,2026-06-07T05:00:00,dispatch_tms
EVT00665_delivered,SHP00665,delivered,2026-06-08T06:00:00,carrier_portal
EVT00666_booked,SHP00666,booked,2026-06-12T06:00:00,dispatch_tms
EVT00666_pickup_confirmed,SHP00666,pickup_confirmed,2026-06-13T07:00:00,dispatch_tms
EVT00666_in_transit,SHP00666,in_transit,2026-06-14T08:00:00,dispatch_tms
EVT00666_delivered,SHP00666,delivered,2026-06-16T10:00:00,carrier_portal
EVT00667_booked,SHP00667,booked,2026-06-19T09:00:00,dispatch_tms
EVT00667_pickup_confirmed,SHP00667,pickup_confirmed,2026-06-20T10:00:00,dispatch_tms
EVT00667_in_transit,SHP00667,in_transit,2026-06-21T11:00:00,dispatch_tms
EVT00667_delivered,SHP00667,delivered,2026-06-24T14:00:00,carrier_portal
EVT00668_booked,SHP00668,booked,2026-06-26T12:00:00,dispatch_tms
EVT00668_pickup_confirmed,SHP00668,pickup_confirmed,2026-06-27T13:00:00,dispatch_tms
EVT00668_in_transit,SHP00668,in_transit,2026-06-28T14:00:00,dispatch_tms
EVT00668_delivered,SHP00668,delivered,2026-06-28T14:00:00,carrier_portal
EVT00669_booked,SHP00669,booked,2026-01-04T15:00:00,dispatch_tms
EVT00669_pickup_confirmed,SHP00669,pickup_confirmed,2026-01-05T16:00:00,dispatch_tms
EVT00669_in_transit,SHP00669,in_transit,2026-01-06T17:00:00,dispatch_tms
EVT00669_delivered,SHP00669,delivered,2026-01-07T18:00:00,carrier_portal
EVT00670_booked,SHP00670,booked,2026-01-11T18:00:00,dispatch_tms
EVT00670_pickup_confirmed,SHP00670,pickup_confirmed,2026-01-12T19:00:00,dispatch_tms
EVT00670_in_transit,SHP00670,in_transit,2026-01-13T20:00:00,dispatch_tms
EVT00670_delivered,SHP00670,delivered,2026-01-15T22:00:00,carrier_portal
EVT00671_booked,SHP00671,booked,2026-01-18T21:00:00,dispatch_tms
EVT00671_pickup_confirmed,SHP00671,pickup_confirmed,2026-01-19T22:00:00,dispatch_tms
EVT00671_in_transit,SHP00671,in_transit,2026-01-20T23:00:00,dispatch_tms
EVT00671_delivered,SHP00671,delivered,2026-01-23T02:00:00,carrier_portal
EVT00672_booked,SHP00672,booked,2026-01-25T00:00:00,dispatch_tms
EVT00672_pickup_confirmed,SHP00672,pickup_confirmed,2026-01-26T01:00:00,dispatch_tms
EVT00672_in_transit,SHP00672,in_transit,2026-01-27T02:00:00,dispatch_tms
EVT00672_delivered,SHP00672,delivered,2026-01-27T02:00:00,carrier_portal
EVT00673_booked,SHP00673,booked,2026-02-01T03:00:00,dispatch_tms
EVT00673_pickup_confirmed,SHP00673,pickup_confirmed,2026-02-02T04:00:00,dispatch_tms
EVT00673_in_transit,SHP00673,in_transit,2026-02-03T05:00:00,dispatch_tms
EVT00673_delivered,SHP00673,delivered,2026-02-04T06:00:00,carrier_portal
EVT00674_booked,SHP00674,booked,2026-02-08T06:00:00,dispatch_tms
EVT00674_pickup_confirmed,SHP00674,pickup_confirmed,2026-02-09T07:00:00,dispatch_tms
EVT00674_in_transit,SHP00674,in_transit,2026-02-10T08:00:00,dispatch_tms
EVT00674_delivered,SHP00674,delivered,2026-02-12T10:00:00,carrier_portal
EVT00675_booked,SHP00675,booked,2026-02-15T09:00:00,dispatch_tms
EVT00675_pickup_confirmed,SHP00675,pickup_confirmed,2026-02-16T10:00:00,dispatch_tms
EVT00675_in_transit,SHP00675,in_transit,2026-02-17T11:00:00,dispatch_tms
EVT00675_delivered,SHP00675,delivered,2026-02-20T14:00:00,carrier_portal
EVT00676_booked,SHP00676,booked,2026-02-22T12:00:00,dispatch_tms
EVT00676_pickup_confirmed,SHP00676,pickup_confirmed,2026-02-23T13:00:00,dispatch_tms
EVT00676_in_transit,SHP00676,in_transit,2026-02-24T14:00:00,dispatch_tms
EVT00676_delivered,SHP00676,delivered,2026-02-24T14:00:00,carrier_portal
EVT00677_booked,SHP00677,booked,2026-03-01T15:00:00,dispatch_tms
EVT00677_pickup_confirmed,SHP00677,pickup_confirmed,2026-03-02T16:00:00,dispatch_tms
EVT00677_in_transit,SHP00677,in_transit,2026-03-03T17:00:00,dispatch_tms
EVT00677_delivered,SHP00677,delivered,2026-03-04T18:00:00,carrier_portal
EVT00678_booked,SHP00678,booked,2026-03-08T18:00:00,dispatch_tms
EVT00678_pickup_confirmed,SHP00678,pickup_confirmed,2026-03-09T19:00:00,dispatch_tms
EVT00678_in_transit,SHP00678,in_transit,2026-03-10T20:00:00,dispatch_tms
EVT00678_delivered,SHP00678,delivered,2026-03-12T22:00:00,carrier_portal
EVT00679_booked,SHP00679,booked,2026-03-15T21:00:00,dispatch_tms
EVT00679_pickup_confirmed,SHP00679,pickup_confirmed,2026-03-16T22:00:00,dispatch_tms
EVT00679_in_transit,SHP00679,in_transit,2026-03-17T23:00:00,dispatch_tms
EVT00679_delivered,SHP00679,delivered,2026-03-21T03:00:00,carrier_portal
EVT00680_booked,SHP00680,booked,2026-03-22T00:00:00,dispatch_tms
EVT00680_pickup_confirmed,SHP00680,pickup_confirmed,2026-03-23T01:00:00,dispatch_tms
EVT00680_in_transit,SHP00680,in_transit,2026-03-24T02:00:00,dispatch_tms
EVT00680_delivered,SHP00680,delivered,2026-03-24T02:00:00,carrier_portal
EVT00681_booked,SHP00681,booked,2026-03-29T03:00:00,dispatch_tms
EVT00681_pickup_confirmed,SHP00681,pickup_confirmed,2026-03-30T04:00:00,dispatch_tms
EVT00681_in_transit,SHP00681,in_transit,2026-03-31T05:00:00,dispatch_tms
EVT00681_delivered,SHP00681,delivered,2026-04-01T06:00:00,carrier_portal
EVT00682_booked,SHP00682,booked,2026-04-05T06:00:00,dispatch_tms
EVT00682_pickup_confirmed,SHP00682,pickup_confirmed,2026-04-06T07:00:00,dispatch_tms
EVT00682_in_transit,SHP00682,in_transit,2026-04-07T08:00:00,dispatch_tms
EVT00682_delivered,SHP00682,delivered,2026-04-09T10:00:00,carrier_portal
EVT00683_booked,SHP00683,booked,2026-04-12T09:00:00,dispatch_tms
EVT00683_pickup_confirmed,SHP00683,pickup_confirmed,2026-04-13T10:00:00,dispatch_tms
EVT00683_in_transit,SHP00683,in_transit,2026-04-14T11:00:00,dispatch_tms
EVT00683_delivered,SHP00683,delivered,2026-04-17T14:00:00,carrier_portal
EVT00684_booked,SHP00684,booked,2026-04-19T12:00:00,dispatch_tms
EVT00684_pickup_confirmed,SHP00684,pickup_confirmed,2026-04-20T13:00:00,dispatch_tms
EVT00684_in_transit,SHP00684,in_transit,2026-04-21T14:00:00,dispatch_tms
EVT00684_delivered,SHP00684,delivered,2026-04-21T14:00:00,carrier_portal
EVT00685_booked,SHP00685,booked,2026-04-26T15:00:00,dispatch_tms
EVT00685_pickup_confirmed,SHP00685,pickup_confirmed,2026-04-27T16:00:00,dispatch_tms
EVT00685_in_transit,SHP00685,in_transit,2026-04-28T17:00:00,dispatch_tms
EVT00685_delivered,SHP00685,delivered,2026-04-29T18:00:00,carrier_portal
EVT00686_booked,SHP00686,booked,2026-05-03T18:00:00,dispatch_tms
EVT00686_pickup_confirmed,SHP00686,pickup_confirmed,2026-05-04T19:00:00,dispatch_tms
EVT00686_in_transit,SHP00686,in_transit,2026-05-05T20:00:00,dispatch_tms
EVT00686_delivered,SHP00686,delivered,2026-05-08T23:00:00,carrier_portal
EVT00687_booked,SHP00687,booked,2026-05-10T21:00:00,dispatch_tms
EVT00687_pickup_confirmed,SHP00687,pickup_confirmed,2026-05-11T22:00:00,dispatch_tms
EVT00687_in_transit,SHP00687,in_transit,2026-05-12T23:00:00,dispatch_tms
EVT00687_delivered,SHP00687,delivered,2026-05-16T03:00:00,carrier_portal
EVT00688_booked,SHP00688,booked,2026-05-17T00:00:00,dispatch_tms
EVT00688_pickup_confirmed,SHP00688,pickup_confirmed,2026-05-18T01:00:00,dispatch_tms
EVT00688_in_transit,SHP00688,in_transit,2026-05-19T02:00:00,dispatch_tms
EVT00688_delivered,SHP00688,delivered,2026-05-19T02:00:00,carrier_portal
EVT00689_booked,SHP00689,booked,2026-05-24T03:00:00,dispatch_tms
EVT00689_pickup_confirmed,SHP00689,pickup_confirmed,2026-05-25T04:00:00,dispatch_tms
EVT00689_in_transit,SHP00689,in_transit,2026-05-26T05:00:00,dispatch_tms
EVT00689_delivered,SHP00689,delivered,2026-05-27T06:00:00,carrier_portal
EVT00690_booked,SHP00690,booked,2026-05-31T06:00:00,dispatch_tms
EVT00690_pickup_confirmed,SHP00690,pickup_confirmed,2026-06-01T07:00:00,dispatch_tms
EVT00690_in_transit,SHP00690,in_transit,2026-06-02T08:00:00,dispatch_tms
EVT00690_delivered,SHP00690,delivered,2026-06-04T10:00:00,carrier_portal
EVT00691_booked,SHP00691,booked,2026-06-07T09:00:00,dispatch_tms
EVT00691_pickup_confirmed,SHP00691,pickup_confirmed,2026-06-08T10:00:00,dispatch_tms
EVT00691_in_transit,SHP00691,in_transit,2026-06-09T11:00:00,dispatch_tms
EVT00691_delivered,SHP00691,delivered,2026-06-12T14:00:00,carrier_portal
EVT00692_booked,SHP00692,booked,2026-06-14T12:00:00,dispatch_tms
EVT00692_pickup_confirmed,SHP00692,pickup_confirmed,2026-06-15T13:00:00,dispatch_tms
EVT00692_in_transit,SHP00692,in_transit,2026-06-16T14:00:00,dispatch_tms
EVT00692_delivered,SHP00692,delivered,2026-06-16T14:00:00,carrier_portal
EVT00693_booked,SHP00693,booked,2026-06-21T15:00:00,dispatch_tms
EVT00693_pickup_confirmed,SHP00693,pickup_confirmed,2026-06-22T16:00:00,dispatch_tms
EVT00693_in_transit,SHP00693,in_transit,2026-06-23T17:00:00,dispatch_tms
EVT00693_delivered,SHP00693,delivered,2026-06-24T18:00:00,carrier_portal
EVT00694_booked,SHP00694,booked,2026-06-28T18:00:00,dispatch_tms
EVT00694_pickup_confirmed,SHP00694,pickup_confirmed,2026-06-29T19:00:00,dispatch_tms
EVT00694_in_transit,SHP00694,in_transit,2026-06-30T20:00:00,dispatch_tms
EVT00694_delivered,SHP00694,delivered,2026-07-02T22:00:00,carrier_portal
EVT00695_booked,SHP00695,booked,2026-01-06T21:00:00,dispatch_tms
EVT00695_pickup_confirmed,SHP00695,pickup_confirmed,2026-01-07T22:00:00,dispatch_tms
EVT00695_in_transit,SHP00695,in_transit,2026-01-08T23:00:00,dispatch_tms
EVT00695_delivered,SHP00695,delivered,2026-01-11T02:00:00,carrier_portal
EVT00696_booked,SHP00696,booked,2026-01-13T00:00:00,dispatch_tms
EVT00696_pickup_confirmed,SHP00696,pickup_confirmed,2026-01-14T01:00:00,dispatch_tms
EVT00696_in_transit,SHP00696,in_transit,2026-01-15T02:00:00,dispatch_tms
EVT00696_delivered,SHP00696,delivered,2026-01-15T02:00:00,carrier_portal
EVT00697_booked,SHP00697,booked,2026-01-20T03:00:00,dispatch_tms
EVT00697_pickup_confirmed,SHP00697,pickup_confirmed,2026-01-21T04:00:00,dispatch_tms
EVT00697_in_transit,SHP00697,in_transit,2026-01-22T05:00:00,dispatch_tms
EVT00697_delivered,SHP00697,delivered,2026-01-23T06:00:00,carrier_portal
EVT00698_booked,SHP00698,booked,2026-01-27T06:00:00,dispatch_tms
EVT00698_pickup_confirmed,SHP00698,pickup_confirmed,2026-01-28T07:00:00,dispatch_tms
EVT00698_in_transit,SHP00698,in_transit,2026-01-29T08:00:00,dispatch_tms
EVT00698_delivered,SHP00698,delivered,2026-01-31T10:00:00,carrier_portal
EVT00699_booked,SHP00699,booked,2026-02-03T09:00:00,dispatch_tms
EVT00699_pickup_confirmed,SHP00699,pickup_confirmed,2026-02-04T10:00:00,dispatch_tms
EVT00699_in_transit,SHP00699,in_transit,2026-02-05T11:00:00,dispatch_tms
EVT00699_delivered,SHP00699,delivered,2026-02-08T14:00:00,carrier_portal
EVT00700_booked,SHP00700,booked,2026-02-10T12:00:00,dispatch_tms
EVT00700_pickup_confirmed,SHP00700,pickup_confirmed,2026-02-11T13:00:00,dispatch_tms
EVT00700_in_transit,SHP00700,in_transit,2026-02-12T14:00:00,dispatch_tms
EVT00700_delivered,SHP00700,delivered,2026-02-13T15:00:00,carrier_portal
EVT00701_booked,SHP00701,booked,2026-02-17T15:00:00,dispatch_tms
EVT00701_pickup_confirmed,SHP00701,pickup_confirmed,2026-02-18T16:00:00,dispatch_tms
EVT00701_in_transit,SHP00701,in_transit,2026-02-19T17:00:00,dispatch_tms
EVT00701_delivered,SHP00701,delivered,2026-02-20T18:00:00,carrier_portal
EVT00702_booked,SHP00702,booked,2026-02-24T18:00:00,dispatch_tms
EVT00702_pickup_confirmed,SHP00702,pickup_confirmed,2026-02-25T19:00:00,dispatch_tms
EVT00702_in_transit,SHP00702,in_transit,2026-02-26T20:00:00,dispatch_tms
EVT00702_delivered,SHP00702,delivered,2026-02-28T22:00:00,carrier_portal
EVT00703_booked,SHP00703,booked,2026-03-03T21:00:00,dispatch_tms
EVT00703_pickup_confirmed,SHP00703,pickup_confirmed,2026-03-04T22:00:00,dispatch_tms
EVT00703_in_transit,SHP00703,in_transit,2026-03-05T23:00:00,dispatch_tms
EVT00703_delivered,SHP00703,delivered,2026-03-08T02:00:00,carrier_portal
EVT00704_booked,SHP00704,booked,2026-03-10T00:00:00,dispatch_tms
EVT00704_pickup_confirmed,SHP00704,pickup_confirmed,2026-03-11T01:00:00,dispatch_tms
EVT00704_in_transit,SHP00704,in_transit,2026-03-12T02:00:00,dispatch_tms
EVT00704_delivered,SHP00704,delivered,2026-03-12T02:00:00,carrier_portal
EVT00705_booked,SHP00705,booked,2026-03-17T03:00:00,dispatch_tms
EVT00705_pickup_confirmed,SHP00705,pickup_confirmed,2026-03-18T04:00:00,dispatch_tms
EVT00705_in_transit,SHP00705,in_transit,2026-03-19T05:00:00,dispatch_tms
EVT00705_delivered,SHP00705,delivered,2026-03-20T06:00:00,carrier_portal
EVT00706_booked,SHP00706,booked,2026-03-24T06:00:00,dispatch_tms
EVT00706_pickup_confirmed,SHP00706,pickup_confirmed,2026-03-25T07:00:00,dispatch_tms
EVT00706_in_transit,SHP00706,in_transit,2026-03-26T08:00:00,dispatch_tms
EVT00706_delivered,SHP00706,delivered,2026-03-28T10:00:00,carrier_portal
EVT00707_booked,SHP00707,booked,2026-03-31T09:00:00,dispatch_tms
EVT00707_pickup_confirmed,SHP00707,pickup_confirmed,2026-04-01T10:00:00,dispatch_tms
EVT00707_in_transit,SHP00707,in_transit,2026-04-02T11:00:00,dispatch_tms
EVT00707_delivered,SHP00707,delivered,2026-04-05T14:00:00,carrier_portal
EVT00708_booked,SHP00708,booked,2026-04-07T12:00:00,dispatch_tms
EVT00708_pickup_confirmed,SHP00708,pickup_confirmed,2026-04-08T13:00:00,dispatch_tms
EVT00708_in_transit,SHP00708,in_transit,2026-04-09T14:00:00,dispatch_tms
EVT00708_delivered,SHP00708,delivered,2026-04-09T14:00:00,carrier_portal
EVT00709_booked,SHP00709,booked,2026-04-14T15:00:00,dispatch_tms
EVT00709_pickup_confirmed,SHP00709,pickup_confirmed,2026-04-15T16:00:00,dispatch_tms
EVT00709_in_transit,SHP00709,in_transit,2026-04-16T17:00:00,dispatch_tms
EVT00709_delivered,SHP00709,delivered,2026-04-17T18:00:00,carrier_portal
EVT00710_booked,SHP00710,booked,2026-04-21T18:00:00,dispatch_tms
EVT00710_pickup_confirmed,SHP00710,pickup_confirmed,2026-04-22T19:00:00,dispatch_tms
EVT00710_in_transit,SHP00710,in_transit,2026-04-23T20:00:00,dispatch_tms
EVT00710_delivered,SHP00710,delivered,2026-04-25T22:00:00,carrier_portal
EVT00711_booked,SHP00711,booked,2026-04-28T21:00:00,dispatch_tms
EVT00711_pickup_confirmed,SHP00711,pickup_confirmed,2026-04-29T22:00:00,dispatch_tms
EVT00711_in_transit,SHP00711,in_transit,2026-04-30T23:00:00,dispatch_tms
EVT00711_delivered,SHP00711,delivered,2026-05-04T03:00:00,carrier_portal
EVT00712_booked,SHP00712,booked,2026-05-05T00:00:00,dispatch_tms
EVT00712_pickup_confirmed,SHP00712,pickup_confirmed,2026-05-06T01:00:00,dispatch_tms
EVT00712_in_transit,SHP00712,in_transit,2026-05-07T02:00:00,dispatch_tms
EVT00712_delivered,SHP00712,delivered,2026-05-07T02:00:00,carrier_portal
EVT00713_booked,SHP00713,booked,2026-05-12T03:00:00,dispatch_tms
EVT00713_pickup_confirmed,SHP00713,pickup_confirmed,2026-05-13T04:00:00,dispatch_tms
EVT00713_in_transit,SHP00713,in_transit,2026-05-14T05:00:00,dispatch_tms
EVT00713_delivered,SHP00713,delivered,2026-05-15T06:00:00,carrier_portal
EVT00714_booked,SHP00714,booked,2026-05-19T06:00:00,dispatch_tms
EVT00714_pickup_confirmed,SHP00714,pickup_confirmed,2026-05-20T07:00:00,dispatch_tms
EVT00714_in_transit,SHP00714,in_transit,2026-05-21T08:00:00,dispatch_tms
EVT00714_delivered,SHP00714,delivered,2026-05-23T10:00:00,carrier_portal
EVT00715_booked,SHP00715,booked,2026-05-26T09:00:00,dispatch_tms
EVT00715_pickup_confirmed,SHP00715,pickup_confirmed,2026-05-27T10:00:00,dispatch_tms
EVT00715_in_transit,SHP00715,in_transit,2026-05-28T11:00:00,dispatch_tms
EVT00715_delivered,SHP00715,delivered,2026-05-31T14:00:00,carrier_portal
EVT00716_booked,SHP00716,booked,2026-06-02T12:00:00,dispatch_tms
EVT00716_pickup_confirmed,SHP00716,pickup_confirmed,2026-06-03T13:00:00,dispatch_tms
EVT00716_in_transit,SHP00716,in_transit,2026-06-04T14:00:00,dispatch_tms
EVT00716_delivered,SHP00716,delivered,2026-06-04T14:00:00,carrier_portal
EVT00717_booked,SHP00717,booked,2026-06-09T15:00:00,dispatch_tms
EVT00717_pickup_confirmed,SHP00717,pickup_confirmed,2026-06-10T16:00:00,dispatch_tms
EVT00717_in_transit,SHP00717,in_transit,2026-06-11T17:00:00,dispatch_tms
EVT00717_delivered,SHP00717,delivered,2026-06-13T19:00:00,carrier_portal
EVT00718_booked,SHP00718,booked,2026-06-16T18:00:00,dispatch_tms
EVT00718_pickup_confirmed,SHP00718,pickup_confirmed,2026-06-17T19:00:00,dispatch_tms
EVT00718_in_transit,SHP00718,in_transit,2026-06-18T20:00:00,dispatch_tms
EVT00718_delivered,SHP00718,delivered,2026-06-20T22:00:00,carrier_portal
EVT00719_booked,SHP00719,booked,2026-06-23T21:00:00,dispatch_tms
EVT00719_pickup_confirmed,SHP00719,pickup_confirmed,2026-06-24T22:00:00,dispatch_tms
EVT00719_in_transit,SHP00719,in_transit,2026-06-25T23:00:00,dispatch_tms
EVT00719_delivered,SHP00719,delivered,2026-06-28T02:00:00,carrier_portal
EVT00720_booked,SHP00720,booked,2026-01-01T00:00:00,dispatch_tms
EVT00720_pickup_confirmed,SHP00720,pickup_confirmed,2026-01-02T01:00:00,dispatch_tms
EVT00720_in_transit,SHP00720,in_transit,2026-01-03T02:00:00,dispatch_tms
EVT00720_delivered,SHP00720,delivered,2026-01-03T02:00:00,carrier_portal
EVT00721_booked,SHP00721,booked,2026-01-08T03:00:00,dispatch_tms
EVT00721_pickup_confirmed,SHP00721,pickup_confirmed,2026-01-09T04:00:00,dispatch_tms
EVT00721_in_transit,SHP00721,in_transit,2026-01-10T05:00:00,dispatch_tms
EVT00721_delivered,SHP00721,delivered,2026-01-11T06:00:00,carrier_portal
EVT00722_booked,SHP00722,booked,2026-01-15T06:00:00,dispatch_tms
EVT00722_pickup_confirmed,SHP00722,pickup_confirmed,2026-01-16T07:00:00,dispatch_tms
EVT00722_in_transit,SHP00722,in_transit,2026-01-17T08:00:00,dispatch_tms
EVT00722_delivered,SHP00722,delivered,2026-01-19T10:00:00,carrier_portal
EVT00723_booked,SHP00723,booked,2026-01-22T09:00:00,dispatch_tms
EVT00723_pickup_confirmed,SHP00723,pickup_confirmed,2026-01-23T10:00:00,dispatch_tms
EVT00723_in_transit,SHP00723,in_transit,2026-01-24T11:00:00,dispatch_tms
EVT00723_delivered,SHP00723,delivered,2026-01-27T14:00:00,carrier_portal
EVT00724_booked,SHP00724,booked,2026-01-29T12:00:00,dispatch_tms
EVT00724_pickup_confirmed,SHP00724,pickup_confirmed,2026-01-30T13:00:00,dispatch_tms
EVT00724_in_transit,SHP00724,in_transit,2026-01-31T14:00:00,dispatch_tms
EVT00724_delivered,SHP00724,delivered,2026-01-31T14:00:00,carrier_portal
EVT00725_booked,SHP00725,booked,2026-02-05T15:00:00,dispatch_tms
EVT00725_pickup_confirmed,SHP00725,pickup_confirmed,2026-02-06T16:00:00,dispatch_tms
EVT00725_in_transit,SHP00725,in_transit,2026-02-07T17:00:00,dispatch_tms
EVT00725_delivered,SHP00725,delivered,2026-02-08T18:00:00,carrier_portal
EVT00726_booked,SHP00726,booked,2026-02-12T18:00:00,dispatch_tms
EVT00726_pickup_confirmed,SHP00726,pickup_confirmed,2026-02-13T19:00:00,dispatch_tms
EVT00726_in_transit,SHP00726,in_transit,2026-02-14T20:00:00,dispatch_tms
EVT00726_delivered,SHP00726,delivered,2026-02-16T22:00:00,carrier_portal
EVT00727_booked,SHP00727,booked,2026-02-19T21:00:00,dispatch_tms
EVT00727_pickup_confirmed,SHP00727,pickup_confirmed,2026-02-20T22:00:00,dispatch_tms
EVT00727_in_transit,SHP00727,in_transit,2026-02-21T23:00:00,dispatch_tms
EVT00727_delivered,SHP00727,delivered,2026-02-24T02:00:00,carrier_portal
EVT00728_booked,SHP00728,booked,2026-02-26T00:00:00,dispatch_tms
EVT00728_pickup_confirmed,SHP00728,pickup_confirmed,2026-02-27T01:00:00,dispatch_tms
EVT00728_in_transit,SHP00728,in_transit,2026-02-28T02:00:00,dispatch_tms
EVT00728_delivered,SHP00728,delivered,2026-02-28T02:00:00,carrier_portal
EVT00729_booked,SHP00729,booked,2026-03-05T03:00:00,dispatch_tms
EVT00729_pickup_confirmed,SHP00729,pickup_confirmed,2026-03-06T04:00:00,dispatch_tms
EVT00729_in_transit,SHP00729,in_transit,2026-03-07T05:00:00,dispatch_tms
EVT00729_delivered,SHP00729,delivered,2026-03-08T06:00:00,carrier_portal
EVT00730_booked,SHP00730,booked,2026-03-12T06:00:00,dispatch_tms
EVT00730_pickup_confirmed,SHP00730,pickup_confirmed,2026-03-13T07:00:00,dispatch_tms
EVT00730_in_transit,SHP00730,in_transit,2026-03-14T08:00:00,dispatch_tms
EVT00730_delivered,SHP00730,delivered,2026-03-17T11:00:00,carrier_portal
EVT00731_booked,SHP00731,booked,2026-03-19T09:00:00,dispatch_tms
EVT00731_pickup_confirmed,SHP00731,pickup_confirmed,2026-03-20T10:00:00,dispatch_tms
EVT00731_in_transit,SHP00731,in_transit,2026-03-21T11:00:00,dispatch_tms
EVT00731_delivered,SHP00731,delivered,2026-03-24T14:00:00,carrier_portal
EVT00732_booked,SHP00732,booked,2026-03-26T12:00:00,dispatch_tms
EVT00732_pickup_confirmed,SHP00732,pickup_confirmed,2026-03-27T13:00:00,dispatch_tms
EVT00732_in_transit,SHP00732,in_transit,2026-03-28T14:00:00,dispatch_tms
EVT00732_delivered,SHP00732,delivered,2026-03-29T15:00:00,carrier_portal
EVT00733_booked,SHP00733,booked,2026-04-02T15:00:00,dispatch_tms
EVT00733_pickup_confirmed,SHP00733,pickup_confirmed,2026-04-03T16:00:00,dispatch_tms
EVT00733_in_transit,SHP00733,in_transit,2026-04-04T17:00:00,dispatch_tms
EVT00733_delivered,SHP00733,delivered,2026-04-05T18:00:00,carrier_portal
EVT00734_booked,SHP00734,booked,2026-04-09T18:00:00,dispatch_tms
EVT00734_pickup_confirmed,SHP00734,pickup_confirmed,2026-04-10T19:00:00,dispatch_tms
EVT00734_in_transit,SHP00734,in_transit,2026-04-11T20:00:00,dispatch_tms
EVT00734_delivered,SHP00734,delivered,2026-04-13T22:00:00,carrier_portal
EVT00735_booked,SHP00735,booked,2026-04-16T21:00:00,dispatch_tms
EVT00735_pickup_confirmed,SHP00735,pickup_confirmed,2026-04-17T22:00:00,dispatch_tms
EVT00735_in_transit,SHP00735,in_transit,2026-04-18T23:00:00,dispatch_tms
EVT00735_delivered,SHP00735,delivered,2026-04-21T02:00:00,carrier_portal
EVT00736_booked,SHP00736,booked,2026-04-23T00:00:00,dispatch_tms
EVT00736_pickup_confirmed,SHP00736,pickup_confirmed,2026-04-24T01:00:00,dispatch_tms
EVT00736_in_transit,SHP00736,in_transit,2026-04-25T02:00:00,dispatch_tms
EVT00736_delivered,SHP00736,delivered,2026-04-25T02:00:00,carrier_portal
EVT00737_booked,SHP00737,booked,2026-04-30T03:00:00,dispatch_tms
EVT00737_pickup_confirmed,SHP00737,pickup_confirmed,2026-05-01T04:00:00,dispatch_tms
EVT00737_in_transit,SHP00737,in_transit,2026-05-02T05:00:00,dispatch_tms
EVT00737_delivered,SHP00737,delivered,2026-05-03T06:00:00,carrier_portal
EVT00738_booked,SHP00738,booked,2026-05-07T06:00:00,dispatch_tms
EVT00738_pickup_confirmed,SHP00738,pickup_confirmed,2026-05-08T07:00:00,dispatch_tms
EVT00738_in_transit,SHP00738,in_transit,2026-05-09T08:00:00,dispatch_tms
EVT00738_delivered,SHP00738,delivered,2026-05-11T10:00:00,carrier_portal
EVT00739_booked,SHP00739,booked,2026-05-14T09:00:00,dispatch_tms
EVT00739_pickup_confirmed,SHP00739,pickup_confirmed,2026-05-15T10:00:00,dispatch_tms
EVT00739_in_transit,SHP00739,in_transit,2026-05-16T11:00:00,dispatch_tms
EVT00739_delivered,SHP00739,delivered,2026-05-19T14:00:00,carrier_portal
EVT00740_booked,SHP00740,booked,2026-05-21T12:00:00,dispatch_tms
EVT00740_pickup_confirmed,SHP00740,pickup_confirmed,2026-05-22T13:00:00,dispatch_tms
EVT00740_in_transit,SHP00740,in_transit,2026-05-23T14:00:00,dispatch_tms
EVT00740_delivered,SHP00740,delivered,2026-05-23T14:00:00,carrier_portal
EVT00741_booked,SHP00741,booked,2026-05-28T15:00:00,dispatch_tms
EVT00741_pickup_confirmed,SHP00741,pickup_confirmed,2026-05-29T16:00:00,dispatch_tms
EVT00741_in_transit,SHP00741,in_transit,2026-05-30T17:00:00,dispatch_tms
EVT00741_delivered,SHP00741,delivered,2026-05-31T18:00:00,carrier_portal
EVT00742_booked,SHP00742,booked,2026-06-04T18:00:00,dispatch_tms
EVT00742_pickup_confirmed,SHP00742,pickup_confirmed,2026-06-05T19:00:00,dispatch_tms
EVT00742_in_transit,SHP00742,in_transit,2026-06-06T20:00:00,dispatch_tms
EVT00742_delivered,SHP00742,delivered,2026-06-08T22:00:00,carrier_portal
EVT00743_booked,SHP00743,booked,2026-06-11T21:00:00,dispatch_tms
EVT00743_pickup_confirmed,SHP00743,pickup_confirmed,2026-06-12T22:00:00,dispatch_tms
EVT00743_in_transit,SHP00743,in_transit,2026-06-13T23:00:00,dispatch_tms
EVT00743_delivered,SHP00743,delivered,2026-06-16T02:00:00,carrier_portal
EVT00744_booked,SHP00744,booked,2026-06-18T00:00:00,dispatch_tms
EVT00744_pickup_confirmed,SHP00744,pickup_confirmed,2026-06-19T01:00:00,dispatch_tms
EVT00744_in_transit,SHP00744,in_transit,2026-06-20T02:00:00,dispatch_tms
EVT00744_delivered,SHP00744,delivered,2026-06-21T03:00:00,carrier_portal
EVT00745_booked,SHP00745,booked,2026-06-25T03:00:00,dispatch_tms
EVT00745_pickup_confirmed,SHP00745,pickup_confirmed,2026-06-26T04:00:00,dispatch_tms
EVT00745_in_transit,SHP00745,in_transit,2026-06-27T05:00:00,dispatch_tms
EVT00745_delivered,SHP00745,delivered,2026-06-28T06:00:00,carrier_portal
EVT00746_booked,SHP00746,booked,2026-01-03T06:00:00,dispatch_tms
EVT00746_pickup_confirmed,SHP00746,pickup_confirmed,2026-01-04T07:00:00,dispatch_tms
EVT00746_in_transit,SHP00746,in_transit,2026-01-05T08:00:00,dispatch_tms
EVT00746_delivered,SHP00746,delivered,2026-01-07T10:00:00,carrier_portal
EVT00747_booked,SHP00747,booked,2026-01-10T09:00:00,dispatch_tms
EVT00747_pickup_confirmed,SHP00747,pickup_confirmed,2026-01-11T10:00:00,dispatch_tms
EVT00747_in_transit,SHP00747,in_transit,2026-01-12T11:00:00,dispatch_tms
EVT00747_delivered,SHP00747,delivered,2026-01-15T14:00:00,carrier_portal
EVT00748_booked,SHP00748,booked,2026-01-17T12:00:00,dispatch_tms
EVT00748_pickup_confirmed,SHP00748,pickup_confirmed,2026-01-18T13:00:00,dispatch_tms
EVT00748_in_transit,SHP00748,in_transit,2026-01-19T14:00:00,dispatch_tms
EVT00748_delivered,SHP00748,delivered,2026-01-19T14:00:00,carrier_portal
EVT00749_booked,SHP00749,booked,2026-01-24T15:00:00,dispatch_tms
EVT00749_pickup_confirmed,SHP00749,pickup_confirmed,2026-01-25T16:00:00,dispatch_tms
EVT00749_in_transit,SHP00749,in_transit,2026-01-26T17:00:00,dispatch_tms
EVT00749_delivered,SHP00749,delivered,2026-01-27T18:00:00,carrier_portal
EVT00750_booked,SHP00750,booked,2026-01-31T18:00:00,dispatch_tms
EVT00750_pickup_confirmed,SHP00750,pickup_confirmed,2026-02-01T19:00:00,dispatch_tms
EVT00750_in_transit,SHP00750,in_transit,2026-02-02T20:00:00,dispatch_tms
EVT00750_delivered,SHP00750,delivered,2026-02-04T22:00:00,carrier_portal
EVT00751_booked,SHP00751,booked,2026-02-07T21:00:00,dispatch_tms
EVT00751_pickup_confirmed,SHP00751,pickup_confirmed,2026-02-08T22:00:00,dispatch_tms
EVT00751_in_transit,SHP00751,in_transit,2026-02-09T23:00:00,dispatch_tms
EVT00751_delivered,SHP00751,delivered,2026-02-12T02:00:00,carrier_portal
EVT00752_booked,SHP00752,booked,2026-02-14T00:00:00,dispatch_tms
EVT00752_pickup_confirmed,SHP00752,pickup_confirmed,2026-02-15T01:00:00,dispatch_tms
EVT00752_in_transit,SHP00752,in_transit,2026-02-16T02:00:00,dispatch_tms
EVT00752_delivered,SHP00752,delivered,2026-02-16T02:00:00,carrier_portal
EVT00753_booked,SHP00753,booked,2026-02-21T03:00:00,dispatch_tms
EVT00753_pickup_confirmed,SHP00753,pickup_confirmed,2026-02-22T04:00:00,dispatch_tms
EVT00753_in_transit,SHP00753,in_transit,2026-02-23T05:00:00,dispatch_tms
EVT00753_delivered,SHP00753,delivered,2026-02-24T06:00:00,carrier_portal
EVT00754_booked,SHP00754,booked,2026-02-28T06:00:00,dispatch_tms
EVT00754_pickup_confirmed,SHP00754,pickup_confirmed,2026-03-01T07:00:00,dispatch_tms
EVT00754_in_transit,SHP00754,in_transit,2026-03-02T08:00:00,dispatch_tms
EVT00754_delivered,SHP00754,delivered,2026-03-04T10:00:00,carrier_portal
EVT00755_booked,SHP00755,booked,2026-03-07T09:00:00,dispatch_tms
EVT00755_pickup_confirmed,SHP00755,pickup_confirmed,2026-03-08T10:00:00,dispatch_tms
EVT00755_in_transit,SHP00755,in_transit,2026-03-09T11:00:00,dispatch_tms
EVT00755_delivered,SHP00755,delivered,2026-03-12T14:00:00,carrier_portal
EVT00756_booked,SHP00756,booked,2026-03-14T12:00:00,dispatch_tms
EVT00756_pickup_confirmed,SHP00756,pickup_confirmed,2026-03-15T13:00:00,dispatch_tms
EVT00756_in_transit,SHP00756,in_transit,2026-03-16T14:00:00,dispatch_tms
EVT00756_delivered,SHP00756,delivered,2026-03-16T14:00:00,carrier_portal
EVT00757_booked,SHP00757,booked,2026-03-21T15:00:00,dispatch_tms
EVT00757_pickup_confirmed,SHP00757,pickup_confirmed,2026-03-22T16:00:00,dispatch_tms
EVT00757_in_transit,SHP00757,in_transit,2026-03-23T17:00:00,dispatch_tms
EVT00757_delivered,SHP00757,delivered,2026-03-24T18:00:00,carrier_portal
EVT00758_booked,SHP00758,booked,2026-03-28T18:00:00,dispatch_tms
EVT00758_pickup_confirmed,SHP00758,pickup_confirmed,2026-03-29T19:00:00,dispatch_tms
EVT00758_in_transit,SHP00758,in_transit,2026-03-30T20:00:00,dispatch_tms
EVT00758_delivered,SHP00758,delivered,2026-04-01T22:00:00,carrier_portal
EVT00759_booked,SHP00759,booked,2026-04-04T21:00:00,dispatch_tms
EVT00759_pickup_confirmed,SHP00759,pickup_confirmed,2026-04-05T22:00:00,dispatch_tms
EVT00759_in_transit,SHP00759,in_transit,2026-04-06T23:00:00,dispatch_tms
EVT00759_delivered,SHP00759,delivered,2026-04-09T02:00:00,carrier_portal
EVT00760_booked,SHP00760,booked,2026-04-11T00:00:00,dispatch_tms
EVT00760_pickup_confirmed,SHP00760,pickup_confirmed,2026-04-12T01:00:00,dispatch_tms
EVT00760_in_transit,SHP00760,in_transit,2026-04-13T02:00:00,dispatch_tms
EVT00760_delivered,SHP00760,delivered,2026-04-13T02:00:00,carrier_portal
EVT00761_booked,SHP00761,booked,2026-04-18T03:00:00,dispatch_tms
EVT00761_pickup_confirmed,SHP00761,pickup_confirmed,2026-04-19T04:00:00,dispatch_tms
EVT00761_in_transit,SHP00761,in_transit,2026-04-20T05:00:00,dispatch_tms
EVT00761_delivered,SHP00761,delivered,2026-04-22T07:00:00,carrier_portal
EVT00762_booked,SHP00762,booked,2026-04-25T06:00:00,dispatch_tms
EVT00762_pickup_confirmed,SHP00762,pickup_confirmed,2026-04-26T07:00:00,dispatch_tms
EVT00762_in_transit,SHP00762,in_transit,2026-04-27T08:00:00,dispatch_tms
EVT00762_delivered,SHP00762,delivered,2026-04-29T10:00:00,carrier_portal
EVT00763_booked,SHP00763,booked,2026-05-02T09:00:00,dispatch_tms
EVT00763_pickup_confirmed,SHP00763,pickup_confirmed,2026-05-03T10:00:00,dispatch_tms
EVT00763_in_transit,SHP00763,in_transit,2026-05-04T11:00:00,dispatch_tms
EVT00763_delivered,SHP00763,delivered,2026-05-07T14:00:00,carrier_portal
EVT00764_booked,SHP00764,booked,2026-05-09T12:00:00,dispatch_tms
EVT00764_pickup_confirmed,SHP00764,pickup_confirmed,2026-05-10T13:00:00,dispatch_tms
EVT00764_in_transit,SHP00764,in_transit,2026-05-11T14:00:00,dispatch_tms
EVT00764_delivered,SHP00764,delivered,2026-05-11T14:00:00,carrier_portal
EVT00765_booked,SHP00765,booked,2026-05-16T15:00:00,dispatch_tms
EVT00765_pickup_confirmed,SHP00765,pickup_confirmed,2026-05-17T16:00:00,dispatch_tms
EVT00765_in_transit,SHP00765,in_transit,2026-05-18T17:00:00,dispatch_tms
EVT00765_delivered,SHP00765,delivered,2026-05-19T18:00:00,carrier_portal
EVT00766_booked,SHP00766,booked,2026-05-23T18:00:00,dispatch_tms
EVT00766_pickup_confirmed,SHP00766,pickup_confirmed,2026-05-24T19:00:00,dispatch_tms
EVT00766_in_transit,SHP00766,in_transit,2026-05-25T20:00:00,dispatch_tms
EVT00766_delivered,SHP00766,delivered,2026-05-27T22:00:00,carrier_portal
EVT00767_booked,SHP00767,booked,2026-05-30T21:00:00,dispatch_tms
EVT00767_pickup_confirmed,SHP00767,pickup_confirmed,2026-05-31T22:00:00,dispatch_tms
EVT00767_in_transit,SHP00767,in_transit,2026-06-01T23:00:00,dispatch_tms
EVT00767_delivered,SHP00767,delivered,2026-06-04T02:00:00,carrier_portal
EVT00768_booked,SHP00768,booked,2026-06-06T00:00:00,dispatch_tms
EVT00768_pickup_confirmed,SHP00768,pickup_confirmed,2026-06-07T01:00:00,dispatch_tms
EVT00768_in_transit,SHP00768,in_transit,2026-06-08T02:00:00,dispatch_tms
EVT00768_delivered,SHP00768,delivered,2026-06-08T02:00:00,carrier_portal
EVT00769_booked,SHP00769,booked,2026-06-13T03:00:00,dispatch_tms
EVT00769_pickup_confirmed,SHP00769,pickup_confirmed,2026-06-14T04:00:00,dispatch_tms
EVT00769_in_transit,SHP00769,in_transit,2026-06-15T05:00:00,dispatch_tms
EVT00769_delivered,SHP00769,delivered,2026-06-16T06:00:00,carrier_portal
EVT00770_booked,SHP00770,booked,2026-06-20T06:00:00,dispatch_tms
EVT00770_pickup_confirmed,SHP00770,pickup_confirmed,2026-06-21T07:00:00,dispatch_tms
EVT00770_in_transit,SHP00770,in_transit,2026-06-22T08:00:00,dispatch_tms
EVT00770_delivered,SHP00770,delivered,2026-06-24T10:00:00,carrier_portal
EVT00771_booked,SHP00771,booked,2026-06-27T09:00:00,dispatch_tms
EVT00771_pickup_confirmed,SHP00771,pickup_confirmed,2026-06-28T10:00:00,dispatch_tms
EVT00771_in_transit,SHP00771,in_transit,2026-06-29T11:00:00,dispatch_tms
EVT00771_delivered,SHP00771,delivered,2026-07-02T14:00:00,carrier_portal
EVT00772_booked,SHP00772,booked,2026-01-05T12:00:00,dispatch_tms
EVT00772_pickup_confirmed,SHP00772,pickup_confirmed,2026-01-06T13:00:00,dispatch_tms
EVT00772_in_transit,SHP00772,in_transit,2026-01-07T14:00:00,dispatch_tms
EVT00772_delivered,SHP00772,delivered,2026-01-07T14:00:00,carrier_portal
EVT00773_booked,SHP00773,booked,2026-01-12T15:00:00,dispatch_tms
EVT00773_pickup_confirmed,SHP00773,pickup_confirmed,2026-01-13T16:00:00,dispatch_tms
EVT00773_in_transit,SHP00773,in_transit,2026-01-14T17:00:00,dispatch_tms
EVT00773_delivered,SHP00773,delivered,2026-01-15T18:00:00,carrier_portal
EVT00774_booked,SHP00774,booked,2026-01-19T18:00:00,dispatch_tms
EVT00774_pickup_confirmed,SHP00774,pickup_confirmed,2026-01-20T19:00:00,dispatch_tms
EVT00774_in_transit,SHP00774,in_transit,2026-01-21T20:00:00,dispatch_tms
EVT00774_delivered,SHP00774,delivered,2026-01-23T22:00:00,carrier_portal
EVT00775_booked,SHP00775,booked,2026-01-26T21:00:00,dispatch_tms
EVT00775_pickup_confirmed,SHP00775,pickup_confirmed,2026-01-27T22:00:00,dispatch_tms
EVT00775_in_transit,SHP00775,in_transit,2026-01-28T23:00:00,dispatch_tms
EVT00775_delivered,SHP00775,delivered,2026-02-01T03:00:00,carrier_portal
EVT00776_booked,SHP00776,booked,2026-02-02T00:00:00,dispatch_tms
EVT00776_pickup_confirmed,SHP00776,pickup_confirmed,2026-02-03T01:00:00,dispatch_tms
EVT00776_in_transit,SHP00776,in_transit,2026-02-04T02:00:00,dispatch_tms
EVT00776_delivered,SHP00776,delivered,2026-02-05T03:00:00,carrier_portal
EVT00777_booked,SHP00777,booked,2026-02-09T03:00:00,dispatch_tms
EVT00777_pickup_confirmed,SHP00777,pickup_confirmed,2026-02-10T04:00:00,dispatch_tms
EVT00777_in_transit,SHP00777,in_transit,2026-02-11T05:00:00,dispatch_tms
EVT00777_delivered,SHP00777,delivered,2026-02-12T06:00:00,carrier_portal
EVT00778_booked,SHP00778,booked,2026-02-16T06:00:00,dispatch_tms
EVT00778_pickup_confirmed,SHP00778,pickup_confirmed,2026-02-17T07:00:00,dispatch_tms
EVT00778_in_transit,SHP00778,in_transit,2026-02-18T08:00:00,dispatch_tms
EVT00778_delivered,SHP00778,delivered,2026-02-20T10:00:00,carrier_portal
EVT00779_booked,SHP00779,booked,2026-02-23T09:00:00,dispatch_tms
EVT00779_pickup_confirmed,SHP00779,pickup_confirmed,2026-02-24T10:00:00,dispatch_tms
EVT00779_in_transit,SHP00779,in_transit,2026-02-25T11:00:00,dispatch_tms
EVT00779_delivered,SHP00779,delivered,2026-02-28T14:00:00,carrier_portal
EVT00780_booked,SHP00780,booked,2026-03-02T12:00:00,dispatch_tms
EVT00780_pickup_confirmed,SHP00780,pickup_confirmed,2026-03-03T13:00:00,dispatch_tms
EVT00780_in_transit,SHP00780,in_transit,2026-03-04T14:00:00,dispatch_tms
EVT00780_delivered,SHP00780,delivered,2026-03-04T14:00:00,carrier_portal
EVT00781_booked,SHP00781,booked,2026-03-09T15:00:00,dispatch_tms
EVT00781_pickup_confirmed,SHP00781,pickup_confirmed,2026-03-10T16:00:00,dispatch_tms
EVT00781_in_transit,SHP00781,in_transit,2026-03-11T17:00:00,dispatch_tms
EVT00781_delivered,SHP00781,delivered,2026-03-12T18:00:00,carrier_portal
EVT00782_booked,SHP00782,booked,2026-03-16T18:00:00,dispatch_tms
EVT00782_pickup_confirmed,SHP00782,pickup_confirmed,2026-03-17T19:00:00,dispatch_tms
EVT00782_in_transit,SHP00782,in_transit,2026-03-18T20:00:00,dispatch_tms
EVT00782_delivered,SHP00782,delivered,2026-03-20T22:00:00,carrier_portal
EVT00783_booked,SHP00783,booked,2026-03-23T21:00:00,dispatch_tms
EVT00783_pickup_confirmed,SHP00783,pickup_confirmed,2026-03-24T22:00:00,dispatch_tms
EVT00783_in_transit,SHP00783,in_transit,2026-03-25T23:00:00,dispatch_tms
EVT00783_delivered,SHP00783,delivered,2026-03-28T02:00:00,carrier_portal
EVT00784_booked,SHP00784,booked,2026-03-30T00:00:00,dispatch_tms
EVT00784_pickup_confirmed,SHP00784,pickup_confirmed,2026-03-31T01:00:00,dispatch_tms
EVT00784_in_transit,SHP00784,in_transit,2026-04-01T02:00:00,dispatch_tms
EVT00784_delivered,SHP00784,delivered,2026-04-01T02:00:00,carrier_portal
EVT00785_booked,SHP00785,booked,2026-04-06T03:00:00,dispatch_tms
EVT00785_pickup_confirmed,SHP00785,pickup_confirmed,2026-04-07T04:00:00,dispatch_tms
EVT00785_in_transit,SHP00785,in_transit,2026-04-08T05:00:00,dispatch_tms
EVT00785_delivered,SHP00785,delivered,2026-04-09T06:00:00,carrier_portal
EVT00786_booked,SHP00786,booked,2026-04-13T06:00:00,dispatch_tms
EVT00786_pickup_confirmed,SHP00786,pickup_confirmed,2026-04-14T07:00:00,dispatch_tms
EVT00786_in_transit,SHP00786,in_transit,2026-04-15T08:00:00,dispatch_tms
EVT00786_delivered,SHP00786,delivered,2026-04-17T10:00:00,carrier_portal
EVT00787_booked,SHP00787,booked,2026-04-20T09:00:00,dispatch_tms
EVT00787_pickup_confirmed,SHP00787,pickup_confirmed,2026-04-21T10:00:00,dispatch_tms
EVT00787_in_transit,SHP00787,in_transit,2026-04-22T11:00:00,dispatch_tms
EVT00787_delivered,SHP00787,delivered,2026-04-25T14:00:00,carrier_portal
EVT00788_booked,SHP00788,booked,2026-04-27T12:00:00,dispatch_tms
EVT00788_pickup_confirmed,SHP00788,pickup_confirmed,2026-04-28T13:00:00,dispatch_tms
EVT00788_in_transit,SHP00788,in_transit,2026-04-29T14:00:00,dispatch_tms
EVT00788_delivered,SHP00788,delivered,2026-04-29T14:00:00,carrier_portal
EVT00789_booked,SHP00789,booked,2026-05-04T15:00:00,dispatch_tms
EVT00789_pickup_confirmed,SHP00789,pickup_confirmed,2026-05-05T16:00:00,dispatch_tms
EVT00789_in_transit,SHP00789,in_transit,2026-05-06T17:00:00,dispatch_tms
EVT00789_delivered,SHP00789,delivered,2026-05-07T18:00:00,carrier_portal
EVT00790_booked,SHP00790,booked,2026-05-11T18:00:00,dispatch_tms
EVT00790_pickup_confirmed,SHP00790,pickup_confirmed,2026-05-12T19:00:00,dispatch_tms
EVT00790_in_transit,SHP00790,in_transit,2026-05-13T20:00:00,dispatch_tms
EVT00790_delivered,SHP00790,delivered,2026-05-16T23:00:00,carrier_portal
EVT00791_booked,SHP00791,booked,2026-05-18T21:00:00,dispatch_tms
EVT00791_pickup_confirmed,SHP00791,pickup_confirmed,2026-05-19T22:00:00,dispatch_tms
EVT00791_in_transit,SHP00791,in_transit,2026-05-20T23:00:00,dispatch_tms
EVT00791_delivered,SHP00791,delivered,2026-05-23T02:00:00,carrier_portal
EVT00792_booked,SHP00792,booked,2026-05-25T00:00:00,dispatch_tms
EVT00792_pickup_confirmed,SHP00792,pickup_confirmed,2026-05-26T01:00:00,dispatch_tms
EVT00792_in_transit,SHP00792,in_transit,2026-05-27T02:00:00,dispatch_tms
EVT00792_delivered,SHP00792,delivered,2026-05-27T02:00:00,carrier_portal
EVT00793_booked,SHP00793,booked,2026-06-01T03:00:00,dispatch_tms
EVT00793_pickup_confirmed,SHP00793,pickup_confirmed,2026-06-02T04:00:00,dispatch_tms
EVT00793_in_transit,SHP00793,in_transit,2026-06-03T05:00:00,dispatch_tms
EVT00793_delivered,SHP00793,delivered,2026-06-04T06:00:00,carrier_portal
EVT00794_booked,SHP00794,booked,2026-06-08T06:00:00,dispatch_tms
EVT00794_pickup_confirmed,SHP00794,pickup_confirmed,2026-06-09T07:00:00,dispatch_tms
EVT00794_in_transit,SHP00794,in_transit,2026-06-10T08:00:00,dispatch_tms
EVT00794_delivered,SHP00794,delivered,2026-06-12T10:00:00,carrier_portal
EVT00795_booked,SHP00795,booked,2026-06-15T09:00:00,dispatch_tms
EVT00795_pickup_confirmed,SHP00795,pickup_confirmed,2026-06-16T10:00:00,dispatch_tms
EVT00795_in_transit,SHP00795,in_transit,2026-06-17T11:00:00,dispatch_tms
EVT00795_delivered,SHP00795,delivered,2026-06-20T14:00:00,carrier_portal
EVT00796_booked,SHP00796,booked,2026-06-22T12:00:00,dispatch_tms
EVT00796_pickup_confirmed,SHP00796,pickup_confirmed,2026-06-23T13:00:00,dispatch_tms
EVT00796_in_transit,SHP00796,in_transit,2026-06-24T14:00:00,dispatch_tms
EVT00796_delivered,SHP00796,delivered,2026-06-25T15:00:00,carrier_portal
EVT00797_booked,SHP00797,booked,2026-06-29T15:00:00,dispatch_tms
EVT00797_pickup_confirmed,SHP00797,pickup_confirmed,2026-06-30T16:00:00,dispatch_tms
EVT00797_in_transit,SHP00797,in_transit,2026-07-01T17:00:00,dispatch_tms
EVT00797_delivered,SHP00797,delivered,2026-07-02T18:00:00,carrier_portal
EVT00798_booked,SHP00798,booked,2026-01-07T18:00:00,dispatch_tms
EVT00798_pickup_confirmed,SHP00798,pickup_confirmed,2026-01-08T19:00:00,dispatch_tms
EVT00798_in_transit,SHP00798,in_transit,2026-01-09T20:00:00,dispatch_tms
EVT00798_delivered,SHP00798,delivered,2026-01-11T22:00:00,carrier_portal
EVT00799_booked,SHP00799,booked,2026-01-14T21:00:00,dispatch_tms
EVT00799_pickup_confirmed,SHP00799,pickup_confirmed,2026-01-15T22:00:00,dispatch_tms
EVT00799_in_transit,SHP00799,in_transit,2026-01-16T23:00:00,dispatch_tms
EVT00799_delivered,SHP00799,delivered,2026-01-19T02:00:00,carrier_portal
EVT00800_booked,SHP00800,booked,2026-01-21T00:00:00,dispatch_tms
EVT00800_pickup_confirmed,SHP00800,pickup_confirmed,2026-01-22T01:00:00,dispatch_tms
EVT00800_in_transit,SHP00800,in_transit,2026-01-23T02:00:00,dispatch_tms
EVT00800_delivered,SHP00800,delivered,2026-01-23T02:00:00,carrier_portal
EVT00801_booked,SHP00801,booked,2026-01-28T03:00:00,dispatch_tms
EVT00801_pickup_confirmed,SHP00801,pickup_confirmed,2026-01-29T04:00:00,dispatch_tms
EVT00801_in_transit,SHP00801,in_transit,2026-01-30T05:00:00,dispatch_tms
EVT00801_delivered,SHP00801,delivered,2026-02-01T07:00:00,carrier_portal
EVT00802_booked,SHP00802,booked,2026-02-04T06:00:00,dispatch_tms
EVT00802_pickup_confirmed,SHP00802,pickup_confirmed,2026-02-05T07:00:00,dispatch_tms
EVT00802_in_transit,SHP00802,in_transit,2026-02-06T08:00:00,dispatch_tms
EVT00802_delivered,SHP00802,delivered,2026-02-09T11:00:00,carrier_portal
EVT00803_booked,SHP00803,booked,2026-02-11T09:00:00,dispatch_tms
EVT00803_pickup_confirmed,SHP00803,pickup_confirmed,2026-02-12T10:00:00,dispatch_tms
EVT00803_in_transit,SHP00803,in_transit,2026-02-13T11:00:00,dispatch_tms
EVT00803_delivered,SHP00803,delivered,2026-02-16T14:00:00,carrier_portal
EVT00804_booked,SHP00804,booked,2026-02-18T12:00:00,dispatch_tms
EVT00804_pickup_confirmed,SHP00804,pickup_confirmed,2026-02-19T13:00:00,dispatch_tms
EVT00804_in_transit,SHP00804,in_transit,2026-02-20T14:00:00,dispatch_tms
EVT00804_delivered,SHP00804,delivered,2026-02-20T14:00:00,carrier_portal
EVT00805_booked,SHP00805,booked,2026-02-25T15:00:00,dispatch_tms
EVT00805_pickup_confirmed,SHP00805,pickup_confirmed,2026-02-26T16:00:00,dispatch_tms
EVT00805_in_transit,SHP00805,in_transit,2026-02-27T17:00:00,dispatch_tms
EVT00805_delivered,SHP00805,delivered,2026-02-28T18:00:00,carrier_portal
EVT00806_booked,SHP00806,booked,2026-03-04T18:00:00,dispatch_tms
EVT00806_pickup_confirmed,SHP00806,pickup_confirmed,2026-03-05T19:00:00,dispatch_tms
EVT00806_in_transit,SHP00806,in_transit,2026-03-06T20:00:00,dispatch_tms
EVT00806_delivered,SHP00806,delivered,2026-03-08T22:00:00,carrier_portal
EVT00807_booked,SHP00807,booked,2026-03-11T21:00:00,dispatch_tms
EVT00807_pickup_confirmed,SHP00807,pickup_confirmed,2026-03-12T22:00:00,dispatch_tms
EVT00807_in_transit,SHP00807,in_transit,2026-03-13T23:00:00,dispatch_tms
EVT00807_delivered,SHP00807,delivered,2026-03-16T02:00:00,carrier_portal
EVT00808_booked,SHP00808,booked,2026-03-18T00:00:00,dispatch_tms
EVT00808_pickup_confirmed,SHP00808,pickup_confirmed,2026-03-19T01:00:00,dispatch_tms
EVT00808_in_transit,SHP00808,in_transit,2026-03-20T02:00:00,dispatch_tms
EVT00808_delivered,SHP00808,delivered,2026-03-20T02:00:00,carrier_portal
EVT00809_booked,SHP00809,booked,2026-03-25T03:00:00,dispatch_tms
EVT00809_pickup_confirmed,SHP00809,pickup_confirmed,2026-03-26T04:00:00,dispatch_tms
EVT00809_in_transit,SHP00809,in_transit,2026-03-27T05:00:00,dispatch_tms
EVT00809_delivered,SHP00809,delivered,2026-03-28T06:00:00,carrier_portal
EVT00810_booked,SHP00810,booked,2026-04-01T06:00:00,dispatch_tms
EVT00810_pickup_confirmed,SHP00810,pickup_confirmed,2026-04-02T07:00:00,dispatch_tms
EVT00810_in_transit,SHP00810,in_transit,2026-04-03T08:00:00,dispatch_tms
EVT00810_delivered,SHP00810,delivered,2026-04-05T10:00:00,carrier_portal
EVT00811_booked,SHP00811,booked,2026-04-08T09:00:00,dispatch_tms
EVT00811_pickup_confirmed,SHP00811,pickup_confirmed,2026-04-09T10:00:00,dispatch_tms
EVT00811_in_transit,SHP00811,in_transit,2026-04-10T11:00:00,dispatch_tms
EVT00811_delivered,SHP00811,delivered,2026-04-13T14:00:00,carrier_portal
EVT00812_booked,SHP00812,booked,2026-04-15T12:00:00,dispatch_tms
EVT00812_pickup_confirmed,SHP00812,pickup_confirmed,2026-04-16T13:00:00,dispatch_tms
EVT00812_in_transit,SHP00812,in_transit,2026-04-17T14:00:00,dispatch_tms
EVT00812_delivered,SHP00812,delivered,2026-04-17T14:00:00,carrier_portal
EVT00813_booked,SHP00813,booked,2026-04-22T15:00:00,dispatch_tms
EVT00813_pickup_confirmed,SHP00813,pickup_confirmed,2026-04-23T16:00:00,dispatch_tms
EVT00813_in_transit,SHP00813,in_transit,2026-04-24T17:00:00,dispatch_tms
EVT00813_delivered,SHP00813,delivered,2026-04-25T18:00:00,carrier_portal
EVT00814_booked,SHP00814,booked,2026-04-29T18:00:00,dispatch_tms
EVT00814_pickup_confirmed,SHP00814,pickup_confirmed,2026-04-30T19:00:00,dispatch_tms
EVT00814_in_transit,SHP00814,in_transit,2026-05-01T20:00:00,dispatch_tms
EVT00814_delivered,SHP00814,delivered,2026-05-03T22:00:00,carrier_portal
EVT00815_booked,SHP00815,booked,2026-05-06T21:00:00,dispatch_tms
EVT00815_pickup_confirmed,SHP00815,pickup_confirmed,2026-05-07T22:00:00,dispatch_tms
EVT00815_in_transit,SHP00815,in_transit,2026-05-08T23:00:00,dispatch_tms
EVT00815_delivered,SHP00815,delivered,2026-05-11T02:00:00,carrier_portal
EVT00816_booked,SHP00816,booked,2026-05-13T00:00:00,dispatch_tms
EVT00816_pickup_confirmed,SHP00816,pickup_confirmed,2026-05-14T01:00:00,dispatch_tms
EVT00816_in_transit,SHP00816,in_transit,2026-05-15T02:00:00,dispatch_tms
EVT00816_delivered,SHP00816,delivered,2026-05-15T02:00:00,carrier_portal
EVT00817_booked,SHP00817,booked,2026-05-20T03:00:00,dispatch_tms
EVT00817_pickup_confirmed,SHP00817,pickup_confirmed,2026-05-21T04:00:00,dispatch_tms
EVT00817_in_transit,SHP00817,in_transit,2026-05-22T05:00:00,dispatch_tms
EVT00817_delivered,SHP00817,delivered,2026-05-23T06:00:00,carrier_portal
EVT00818_booked,SHP00818,booked,2026-05-27T06:00:00,dispatch_tms
EVT00818_pickup_confirmed,SHP00818,pickup_confirmed,2026-05-28T07:00:00,dispatch_tms
EVT00818_in_transit,SHP00818,in_transit,2026-05-29T08:00:00,dispatch_tms
EVT00818_delivered,SHP00818,delivered,2026-05-31T10:00:00,carrier_portal
EVT00819_booked,SHP00819,booked,2026-06-03T09:00:00,dispatch_tms
EVT00819_pickup_confirmed,SHP00819,pickup_confirmed,2026-06-04T10:00:00,dispatch_tms
EVT00819_in_transit,SHP00819,in_transit,2026-06-05T11:00:00,dispatch_tms
EVT00819_delivered,SHP00819,delivered,2026-06-08T14:00:00,carrier_portal
EVT00820_booked,SHP00820,booked,2026-06-10T12:00:00,dispatch_tms
EVT00820_pickup_confirmed,SHP00820,pickup_confirmed,2026-06-11T13:00:00,dispatch_tms
EVT00820_in_transit,SHP00820,in_transit,2026-06-12T14:00:00,dispatch_tms
EVT00820_delivered,SHP00820,delivered,2026-06-13T15:00:00,carrier_portal
EVT00821_booked,SHP00821,booked,2026-06-17T15:00:00,dispatch_tms
EVT00821_pickup_confirmed,SHP00821,pickup_confirmed,2026-06-18T16:00:00,dispatch_tms
EVT00821_in_transit,SHP00821,in_transit,2026-06-19T17:00:00,dispatch_tms
EVT00821_delivered,SHP00821,delivered,2026-06-20T18:00:00,carrier_portal
EVT00822_booked,SHP00822,booked,2026-06-24T18:00:00,dispatch_tms
EVT00822_pickup_confirmed,SHP00822,pickup_confirmed,2026-06-25T19:00:00,dispatch_tms
EVT00822_in_transit,SHP00822,in_transit,2026-06-26T20:00:00,dispatch_tms
EVT00822_delivered,SHP00822,delivered,2026-06-28T22:00:00,carrier_portal
EVT00823_booked,SHP00823,booked,2026-01-02T21:00:00,dispatch_tms
EVT00823_pickup_confirmed,SHP00823,pickup_confirmed,2026-01-03T22:00:00,dispatch_tms
EVT00823_in_transit,SHP00823,in_transit,2026-01-04T23:00:00,dispatch_tms
EVT00823_delivered,SHP00823,delivered,2026-01-07T02:00:00,carrier_portal
EVT00824_booked,SHP00824,booked,2026-01-09T00:00:00,dispatch_tms
EVT00824_pickup_confirmed,SHP00824,pickup_confirmed,2026-01-10T01:00:00,dispatch_tms
EVT00824_in_transit,SHP00824,in_transit,2026-01-11T02:00:00,dispatch_tms
EVT00824_delivered,SHP00824,delivered,2026-01-11T02:00:00,carrier_portal
EVT00825_booked,SHP00825,booked,2026-01-16T03:00:00,dispatch_tms
EVT00825_pickup_confirmed,SHP00825,pickup_confirmed,2026-01-17T04:00:00,dispatch_tms
EVT00825_in_transit,SHP00825,in_transit,2026-01-18T05:00:00,dispatch_tms
EVT00825_delivered,SHP00825,delivered,2026-01-19T06:00:00,carrier_portal
EVT00826_booked,SHP00826,booked,2026-01-23T06:00:00,dispatch_tms
EVT00826_pickup_confirmed,SHP00826,pickup_confirmed,2026-01-24T07:00:00,dispatch_tms
EVT00826_in_transit,SHP00826,in_transit,2026-01-25T08:00:00,dispatch_tms
EVT00826_delivered,SHP00826,delivered,2026-01-27T10:00:00,carrier_portal
EVT00827_booked,SHP00827,booked,2026-01-30T09:00:00,dispatch_tms
EVT00827_pickup_confirmed,SHP00827,pickup_confirmed,2026-01-31T10:00:00,dispatch_tms
EVT00827_in_transit,SHP00827,in_transit,2026-02-01T11:00:00,dispatch_tms
EVT00827_delivered,SHP00827,delivered,2026-02-04T14:00:00,carrier_portal
EVT00828_booked,SHP00828,booked,2026-02-06T12:00:00,dispatch_tms
EVT00828_pickup_confirmed,SHP00828,pickup_confirmed,2026-02-07T13:00:00,dispatch_tms
EVT00828_in_transit,SHP00828,in_transit,2026-02-08T14:00:00,dispatch_tms
EVT00828_delivered,SHP00828,delivered,2026-02-08T14:00:00,carrier_portal
EVT00829_booked,SHP00829,booked,2026-02-13T15:00:00,dispatch_tms
EVT00829_pickup_confirmed,SHP00829,pickup_confirmed,2026-02-14T16:00:00,dispatch_tms
EVT00829_in_transit,SHP00829,in_transit,2026-02-15T17:00:00,dispatch_tms
EVT00829_delivered,SHP00829,delivered,2026-02-16T18:00:00,carrier_portal
EVT00830_booked,SHP00830,booked,2026-02-20T18:00:00,dispatch_tms
EVT00830_pickup_confirmed,SHP00830,pickup_confirmed,2026-02-21T19:00:00,dispatch_tms
EVT00830_in_transit,SHP00830,in_transit,2026-02-22T20:00:00,dispatch_tms
EVT00830_delivered,SHP00830,delivered,2026-02-24T22:00:00,carrier_portal
EVT00831_booked,SHP00831,booked,2026-02-27T21:00:00,dispatch_tms
EVT00831_pickup_confirmed,SHP00831,pickup_confirmed,2026-02-28T22:00:00,dispatch_tms
EVT00831_in_transit,SHP00831,in_transit,2026-03-01T23:00:00,dispatch_tms
EVT00831_delivered,SHP00831,delivered,2026-03-04T02:00:00,carrier_portal
EVT00832_booked,SHP00832,booked,2026-03-06T00:00:00,dispatch_tms
EVT00832_pickup_confirmed,SHP00832,pickup_confirmed,2026-03-07T01:00:00,dispatch_tms
EVT00832_in_transit,SHP00832,in_transit,2026-03-08T02:00:00,dispatch_tms
EVT00832_delivered,SHP00832,delivered,2026-03-08T02:00:00,carrier_portal
EVT00833_booked,SHP00833,booked,2026-03-13T03:00:00,dispatch_tms
EVT00833_pickup_confirmed,SHP00833,pickup_confirmed,2026-03-14T04:00:00,dispatch_tms
EVT00833_in_transit,SHP00833,in_transit,2026-03-15T05:00:00,dispatch_tms
EVT00833_delivered,SHP00833,delivered,2026-03-16T06:00:00,carrier_portal
EVT00834_booked,SHP00834,booked,2026-03-20T06:00:00,dispatch_tms
EVT00834_pickup_confirmed,SHP00834,pickup_confirmed,2026-03-21T07:00:00,dispatch_tms
EVT00834_in_transit,SHP00834,in_transit,2026-03-22T08:00:00,dispatch_tms
EVT00834_delivered,SHP00834,delivered,2026-03-24T10:00:00,carrier_portal
EVT00835_booked,SHP00835,booked,2026-03-27T09:00:00,dispatch_tms
EVT00835_pickup_confirmed,SHP00835,pickup_confirmed,2026-03-28T10:00:00,dispatch_tms
EVT00835_in_transit,SHP00835,in_transit,2026-03-29T11:00:00,dispatch_tms
EVT00835_delivered,SHP00835,delivered,2026-04-01T14:00:00,carrier_portal
EVT00836_booked,SHP00836,booked,2026-04-03T12:00:00,dispatch_tms
EVT00836_pickup_confirmed,SHP00836,pickup_confirmed,2026-04-04T13:00:00,dispatch_tms
EVT00836_in_transit,SHP00836,in_transit,2026-04-05T14:00:00,dispatch_tms
EVT00836_delivered,SHP00836,delivered,2026-04-06T15:00:00,carrier_portal
EVT00837_booked,SHP00837,booked,2026-04-10T15:00:00,dispatch_tms
EVT00837_pickup_confirmed,SHP00837,pickup_confirmed,2026-04-11T16:00:00,dispatch_tms
EVT00837_in_transit,SHP00837,in_transit,2026-04-12T17:00:00,dispatch_tms
EVT00837_delivered,SHP00837,delivered,2026-04-13T18:00:00,carrier_portal
EVT00838_booked,SHP00838,booked,2026-04-17T18:00:00,dispatch_tms
EVT00838_pickup_confirmed,SHP00838,pickup_confirmed,2026-04-18T19:00:00,dispatch_tms
EVT00838_in_transit,SHP00838,in_transit,2026-04-19T20:00:00,dispatch_tms
EVT00838_delivered,SHP00838,delivered,2026-04-21T22:00:00,carrier_portal
EVT00839_booked,SHP00839,booked,2026-04-24T21:00:00,dispatch_tms
EVT00839_pickup_confirmed,SHP00839,pickup_confirmed,2026-04-25T22:00:00,dispatch_tms
EVT00839_in_transit,SHP00839,in_transit,2026-04-26T23:00:00,dispatch_tms
EVT00839_delivered,SHP00839,delivered,2026-04-29T02:00:00,carrier_portal
EVT00840_booked,SHP00840,booked,2026-05-01T00:00:00,dispatch_tms
EVT00840_pickup_confirmed,SHP00840,pickup_confirmed,2026-05-02T01:00:00,dispatch_tms
EVT00840_in_transit,SHP00840,in_transit,2026-05-03T02:00:00,dispatch_tms
EVT00840_delivered,SHP00840,delivered,2026-05-03T02:00:00,carrier_portal
EVT00841_booked,SHP00841,booked,2026-05-08T03:00:00,dispatch_tms
EVT00841_pickup_confirmed,SHP00841,pickup_confirmed,2026-05-09T04:00:00,dispatch_tms
EVT00841_in_transit,SHP00841,in_transit,2026-05-10T05:00:00,dispatch_tms
EVT00841_delivered,SHP00841,delivered,2026-05-11T06:00:00,carrier_portal
EVT00842_booked,SHP00842,booked,2026-05-15T06:00:00,dispatch_tms
EVT00842_pickup_confirmed,SHP00842,pickup_confirmed,2026-05-16T07:00:00,dispatch_tms
EVT00842_in_transit,SHP00842,in_transit,2026-05-17T08:00:00,dispatch_tms
EVT00842_delivered,SHP00842,delivered,2026-05-20T11:00:00,carrier_portal
EVT00843_booked,SHP00843,booked,2026-05-22T09:00:00,dispatch_tms
EVT00843_pickup_confirmed,SHP00843,pickup_confirmed,2026-05-23T10:00:00,dispatch_tms
EVT00843_in_transit,SHP00843,in_transit,2026-05-24T11:00:00,dispatch_tms
EVT00843_delivered,SHP00843,delivered,2026-05-27T14:00:00,carrier_portal
EVT00844_booked,SHP00844,booked,2026-05-29T12:00:00,dispatch_tms
EVT00844_pickup_confirmed,SHP00844,pickup_confirmed,2026-05-30T13:00:00,dispatch_tms
EVT00844_in_transit,SHP00844,in_transit,2026-05-31T14:00:00,dispatch_tms
EVT00844_delivered,SHP00844,delivered,2026-05-31T14:00:00,carrier_portal
EVT00845_booked,SHP00845,booked,2026-06-05T15:00:00,dispatch_tms
EVT00845_pickup_confirmed,SHP00845,pickup_confirmed,2026-06-06T16:00:00,dispatch_tms
EVT00845_in_transit,SHP00845,in_transit,2026-06-07T17:00:00,dispatch_tms
EVT00845_delivered,SHP00845,delivered,2026-06-08T18:00:00,carrier_portal
EVT00846_booked,SHP00846,booked,2026-06-12T18:00:00,dispatch_tms
EVT00846_pickup_confirmed,SHP00846,pickup_confirmed,2026-06-13T19:00:00,dispatch_tms
EVT00846_in_transit,SHP00846,in_transit,2026-06-14T20:00:00,dispatch_tms
EVT00846_delivered,SHP00846,delivered,2026-06-16T22:00:00,carrier_portal
EVT00847_booked,SHP00847,booked,2026-06-19T21:00:00,dispatch_tms
EVT00847_pickup_confirmed,SHP00847,pickup_confirmed,2026-06-20T22:00:00,dispatch_tms
EVT00847_in_transit,SHP00847,in_transit,2026-06-21T23:00:00,dispatch_tms
EVT00847_delivered,SHP00847,delivered,2026-06-25T03:00:00,carrier_portal
EVT00848_booked,SHP00848,booked,2026-06-26T00:00:00,dispatch_tms
EVT00848_pickup_confirmed,SHP00848,pickup_confirmed,2026-06-27T01:00:00,dispatch_tms
EVT00848_in_transit,SHP00848,in_transit,2026-06-28T02:00:00,dispatch_tms
EVT00848_delivered,SHP00848,delivered,2026-06-28T02:00:00,carrier_portal
EVT00849_booked,SHP00849,booked,2026-01-04T03:00:00,dispatch_tms
EVT00849_pickup_confirmed,SHP00849,pickup_confirmed,2026-01-05T04:00:00,dispatch_tms
EVT00849_in_transit,SHP00849,in_transit,2026-01-06T05:00:00,dispatch_tms
EVT00849_delivered,SHP00849,delivered,2026-01-07T06:00:00,carrier_portal
EVT00850_booked,SHP00850,booked,2026-01-11T06:00:00,dispatch_tms
EVT00850_pickup_confirmed,SHP00850,pickup_confirmed,2026-01-12T07:00:00,dispatch_tms
EVT00850_in_transit,SHP00850,in_transit,2026-01-13T08:00:00,dispatch_tms
EVT00850_delivered,SHP00850,delivered,2026-01-15T10:00:00,carrier_portal
EVT00851_booked,SHP00851,booked,2026-01-18T09:00:00,dispatch_tms
EVT00851_pickup_confirmed,SHP00851,pickup_confirmed,2026-01-19T10:00:00,dispatch_tms
EVT00851_in_transit,SHP00851,in_transit,2026-01-20T11:00:00,dispatch_tms
EVT00851_delivered,SHP00851,delivered,2026-01-23T14:00:00,carrier_portal
EVT00852_booked,SHP00852,booked,2026-01-25T12:00:00,dispatch_tms
EVT00852_pickup_confirmed,SHP00852,pickup_confirmed,2026-01-26T13:00:00,dispatch_tms
EVT00852_in_transit,SHP00852,in_transit,2026-01-27T14:00:00,dispatch_tms
EVT00852_delivered,SHP00852,delivered,2026-01-27T14:00:00,carrier_portal
EVT00853_booked,SHP00853,booked,2026-02-01T15:00:00,dispatch_tms
EVT00853_pickup_confirmed,SHP00853,pickup_confirmed,2026-02-02T16:00:00,dispatch_tms
EVT00853_in_transit,SHP00853,in_transit,2026-02-03T17:00:00,dispatch_tms
EVT00853_delivered,SHP00853,delivered,2026-02-04T18:00:00,carrier_portal
EVT00854_booked,SHP00854,booked,2026-02-08T18:00:00,dispatch_tms
EVT00854_pickup_confirmed,SHP00854,pickup_confirmed,2026-02-09T19:00:00,dispatch_tms
EVT00854_in_transit,SHP00854,in_transit,2026-02-10T20:00:00,dispatch_tms
EVT00854_delivered,SHP00854,delivered,2026-02-12T22:00:00,carrier_portal
EVT00855_booked,SHP00855,booked,2026-02-15T21:00:00,dispatch_tms
EVT00855_pickup_confirmed,SHP00855,pickup_confirmed,2026-02-16T22:00:00,dispatch_tms
EVT00855_in_transit,SHP00855,in_transit,2026-02-17T23:00:00,dispatch_tms
EVT00855_delivered,SHP00855,delivered,2026-02-20T02:00:00,carrier_portal
EVT00856_booked,SHP00856,booked,2026-02-22T00:00:00,dispatch_tms
EVT00856_pickup_confirmed,SHP00856,pickup_confirmed,2026-02-23T01:00:00,dispatch_tms
EVT00856_in_transit,SHP00856,in_transit,2026-02-24T02:00:00,dispatch_tms
EVT00856_delivered,SHP00856,delivered,2026-02-24T02:00:00,carrier_portal
EVT00857_booked,SHP00857,booked,2026-03-01T03:00:00,dispatch_tms
EVT00857_pickup_confirmed,SHP00857,pickup_confirmed,2026-03-02T04:00:00,dispatch_tms
EVT00857_in_transit,SHP00857,in_transit,2026-03-03T05:00:00,dispatch_tms
EVT00857_delivered,SHP00857,delivered,2026-03-04T06:00:00,carrier_portal
EVT00858_booked,SHP00858,booked,2026-03-08T06:00:00,dispatch_tms
EVT00858_pickup_confirmed,SHP00858,pickup_confirmed,2026-03-09T07:00:00,dispatch_tms
EVT00858_in_transit,SHP00858,in_transit,2026-03-10T08:00:00,dispatch_tms
EVT00858_delivered,SHP00858,delivered,2026-03-12T10:00:00,carrier_portal
EVT00859_booked,SHP00859,booked,2026-03-15T09:00:00,dispatch_tms
EVT00859_pickup_confirmed,SHP00859,pickup_confirmed,2026-03-16T10:00:00,dispatch_tms
EVT00859_in_transit,SHP00859,in_transit,2026-03-17T11:00:00,dispatch_tms
EVT00859_delivered,SHP00859,delivered,2026-03-20T14:00:00,carrier_portal
EVT00860_booked,SHP00860,booked,2026-03-22T12:00:00,dispatch_tms
EVT00860_pickup_confirmed,SHP00860,pickup_confirmed,2026-03-23T13:00:00,dispatch_tms
EVT00860_in_transit,SHP00860,in_transit,2026-03-24T14:00:00,dispatch_tms
EVT00860_delivered,SHP00860,delivered,2026-03-24T14:00:00,carrier_portal
EVT00861_booked,SHP00861,booked,2026-03-29T15:00:00,dispatch_tms
EVT00861_pickup_confirmed,SHP00861,pickup_confirmed,2026-03-30T16:00:00,dispatch_tms
EVT00861_in_transit,SHP00861,in_transit,2026-03-31T17:00:00,dispatch_tms
EVT00861_delivered,SHP00861,delivered,2026-04-01T18:00:00,carrier_portal
EVT00862_booked,SHP00862,booked,2026-04-05T18:00:00,dispatch_tms
EVT00862_pickup_confirmed,SHP00862,pickup_confirmed,2026-04-06T19:00:00,dispatch_tms
EVT00862_in_transit,SHP00862,in_transit,2026-04-07T20:00:00,dispatch_tms
EVT00862_delivered,SHP00862,delivered,2026-04-09T22:00:00,carrier_portal
EVT00863_booked,SHP00863,booked,2026-04-12T21:00:00,dispatch_tms
EVT00863_pickup_confirmed,SHP00863,pickup_confirmed,2026-04-13T22:00:00,dispatch_tms
EVT00863_in_transit,SHP00863,in_transit,2026-04-14T23:00:00,dispatch_tms
EVT00863_delivered,SHP00863,delivered,2026-04-17T02:00:00,carrier_portal
EVT00864_booked,SHP00864,booked,2026-04-19T00:00:00,dispatch_tms
EVT00864_pickup_confirmed,SHP00864,pickup_confirmed,2026-04-20T01:00:00,dispatch_tms
EVT00864_in_transit,SHP00864,in_transit,2026-04-21T02:00:00,dispatch_tms
EVT00864_delivered,SHP00864,delivered,2026-04-21T02:00:00,carrier_portal
EVT00865_booked,SHP00865,booked,2026-04-26T03:00:00,dispatch_tms
EVT00865_pickup_confirmed,SHP00865,pickup_confirmed,2026-04-27T04:00:00,dispatch_tms
EVT00865_in_transit,SHP00865,in_transit,2026-04-28T05:00:00,dispatch_tms
EVT00865_delivered,SHP00865,delivered,2026-04-29T06:00:00,carrier_portal
EVT00866_booked,SHP00866,booked,2026-05-03T06:00:00,dispatch_tms
EVT00866_pickup_confirmed,SHP00866,pickup_confirmed,2026-05-04T07:00:00,dispatch_tms
EVT00866_in_transit,SHP00866,in_transit,2026-05-05T08:00:00,dispatch_tms
EVT00866_delivered,SHP00866,delivered,2026-05-07T10:00:00,carrier_portal
EVT00867_booked,SHP00867,booked,2026-05-10T09:00:00,dispatch_tms
EVT00867_pickup_confirmed,SHP00867,pickup_confirmed,2026-05-11T10:00:00,dispatch_tms
EVT00867_in_transit,SHP00867,in_transit,2026-05-12T11:00:00,dispatch_tms
EVT00867_delivered,SHP00867,delivered,2026-05-16T15:00:00,carrier_portal
EVT00868_booked,SHP00868,booked,2026-05-17T12:00:00,dispatch_tms
EVT00868_pickup_confirmed,SHP00868,pickup_confirmed,2026-05-18T13:00:00,dispatch_tms
EVT00868_in_transit,SHP00868,in_transit,2026-05-19T14:00:00,dispatch_tms
EVT00868_delivered,SHP00868,delivered,2026-05-19T14:00:00,carrier_portal
EVT00869_booked,SHP00869,booked,2026-05-24T15:00:00,dispatch_tms
EVT00869_pickup_confirmed,SHP00869,pickup_confirmed,2026-05-25T16:00:00,dispatch_tms
EVT00869_in_transit,SHP00869,in_transit,2026-05-26T17:00:00,dispatch_tms
EVT00869_delivered,SHP00869,delivered,2026-05-27T18:00:00,carrier_portal
EVT00870_booked,SHP00870,booked,2026-05-31T18:00:00,dispatch_tms
EVT00870_pickup_confirmed,SHP00870,pickup_confirmed,2026-06-01T19:00:00,dispatch_tms
EVT00870_in_transit,SHP00870,in_transit,2026-06-02T20:00:00,dispatch_tms
EVT00870_delivered,SHP00870,delivered,2026-06-04T22:00:00,carrier_portal
EVT00871_booked,SHP00871,booked,2026-06-07T21:00:00,dispatch_tms
EVT00871_pickup_confirmed,SHP00871,pickup_confirmed,2026-06-08T22:00:00,dispatch_tms
EVT00871_in_transit,SHP00871,in_transit,2026-06-09T23:00:00,dispatch_tms
EVT00871_delivered,SHP00871,delivered,2026-06-12T02:00:00,carrier_portal
EVT00872_booked,SHP00872,booked,2026-06-14T00:00:00,dispatch_tms
EVT00872_pickup_confirmed,SHP00872,pickup_confirmed,2026-06-15T01:00:00,dispatch_tms
EVT00872_in_transit,SHP00872,in_transit,2026-06-16T02:00:00,dispatch_tms
EVT00872_delivered,SHP00872,delivered,2026-06-16T02:00:00,carrier_portal
EVT00873_booked,SHP00873,booked,2026-06-21T03:00:00,dispatch_tms
EVT00873_pickup_confirmed,SHP00873,pickup_confirmed,2026-06-22T04:00:00,dispatch_tms
EVT00873_in_transit,SHP00873,in_transit,2026-06-23T05:00:00,dispatch_tms
EVT00873_delivered,SHP00873,delivered,2026-06-24T06:00:00,carrier_portal
EVT00874_booked,SHP00874,booked,2026-06-28T06:00:00,dispatch_tms
EVT00874_pickup_confirmed,SHP00874,pickup_confirmed,2026-06-29T07:00:00,dispatch_tms
EVT00874_in_transit,SHP00874,in_transit,2026-06-30T08:00:00,dispatch_tms
EVT00874_delivered,SHP00874,delivered,2026-07-02T10:00:00,carrier_portal
EVT00875_booked,SHP00875,booked,2026-01-06T09:00:00,dispatch_tms
EVT00875_pickup_confirmed,SHP00875,pickup_confirmed,2026-01-07T10:00:00,dispatch_tms
EVT00875_in_transit,SHP00875,in_transit,2026-01-08T11:00:00,dispatch_tms
EVT00875_delivered,SHP00875,delivered,2026-01-11T14:00:00,carrier_portal
EVT00876_booked,SHP00876,booked,2026-01-13T12:00:00,dispatch_tms
EVT00876_pickup_confirmed,SHP00876,pickup_confirmed,2026-01-14T13:00:00,dispatch_tms
EVT00876_in_transit,SHP00876,in_transit,2026-01-15T14:00:00,dispatch_tms
EVT00876_delivered,SHP00876,delivered,2026-01-15T14:00:00,carrier_portal
EVT00877_booked,SHP00877,booked,2026-01-20T15:00:00,dispatch_tms
EVT00877_pickup_confirmed,SHP00877,pickup_confirmed,2026-01-21T16:00:00,dispatch_tms
EVT00877_in_transit,SHP00877,in_transit,2026-01-22T17:00:00,dispatch_tms
EVT00877_delivered,SHP00877,delivered,2026-01-24T19:00:00,carrier_portal
EVT00878_booked,SHP00878,booked,2026-01-27T18:00:00,dispatch_tms
EVT00878_pickup_confirmed,SHP00878,pickup_confirmed,2026-01-28T19:00:00,dispatch_tms
EVT00878_in_transit,SHP00878,in_transit,2026-01-29T20:00:00,dispatch_tms
EVT00878_delivered,SHP00878,delivered,2026-02-01T23:00:00,carrier_portal
EVT00879_booked,SHP00879,booked,2026-02-03T21:00:00,dispatch_tms
EVT00879_pickup_confirmed,SHP00879,pickup_confirmed,2026-02-04T22:00:00,dispatch_tms
EVT00879_in_transit,SHP00879,in_transit,2026-02-05T23:00:00,dispatch_tms
EVT00879_delivered,SHP00879,delivered,2026-02-08T02:00:00,carrier_portal
EVT00880_booked,SHP00880,booked,2026-02-10T00:00:00,dispatch_tms
EVT00880_pickup_confirmed,SHP00880,pickup_confirmed,2026-02-11T01:00:00,dispatch_tms
EVT00880_in_transit,SHP00880,in_transit,2026-02-12T02:00:00,dispatch_tms
EVT00880_delivered,SHP00880,delivered,2026-02-12T02:00:00,carrier_portal
EVT00881_booked,SHP00881,booked,2026-02-17T03:00:00,dispatch_tms
EVT00881_pickup_confirmed,SHP00881,pickup_confirmed,2026-02-18T04:00:00,dispatch_tms
EVT00881_in_transit,SHP00881,in_transit,2026-02-19T05:00:00,dispatch_tms
EVT00881_delivered,SHP00881,delivered,2026-02-20T06:00:00,carrier_portal
EVT00882_booked,SHP00882,booked,2026-02-24T06:00:00,dispatch_tms
EVT00882_pickup_confirmed,SHP00882,pickup_confirmed,2026-02-25T07:00:00,dispatch_tms
EVT00882_in_transit,SHP00882,in_transit,2026-02-26T08:00:00,dispatch_tms
EVT00882_delivered,SHP00882,delivered,2026-02-28T10:00:00,carrier_portal
EVT00883_booked,SHP00883,booked,2026-03-03T09:00:00,dispatch_tms
EVT00883_pickup_confirmed,SHP00883,pickup_confirmed,2026-03-04T10:00:00,dispatch_tms
EVT00883_in_transit,SHP00883,in_transit,2026-03-05T11:00:00,dispatch_tms
EVT00883_delivered,SHP00883,delivered,2026-03-08T14:00:00,carrier_portal
EVT00884_booked,SHP00884,booked,2026-03-10T12:00:00,dispatch_tms
EVT00884_pickup_confirmed,SHP00884,pickup_confirmed,2026-03-11T13:00:00,dispatch_tms
EVT00884_in_transit,SHP00884,in_transit,2026-03-12T14:00:00,dispatch_tms
EVT00884_delivered,SHP00884,delivered,2026-03-12T14:00:00,carrier_portal
EVT00885_booked,SHP00885,booked,2026-03-17T15:00:00,dispatch_tms
EVT00885_pickup_confirmed,SHP00885,pickup_confirmed,2026-03-18T16:00:00,dispatch_tms
EVT00885_in_transit,SHP00885,in_transit,2026-03-19T17:00:00,dispatch_tms
EVT00885_delivered,SHP00885,delivered,2026-03-20T18:00:00,carrier_portal
EVT00886_booked,SHP00886,booked,2026-03-24T18:00:00,dispatch_tms
EVT00886_pickup_confirmed,SHP00886,pickup_confirmed,2026-03-25T19:00:00,dispatch_tms
EVT00886_in_transit,SHP00886,in_transit,2026-03-26T20:00:00,dispatch_tms
EVT00886_delivered,SHP00886,delivered,2026-03-28T22:00:00,carrier_portal
EVT00887_booked,SHP00887,booked,2026-03-31T21:00:00,dispatch_tms
EVT00887_pickup_confirmed,SHP00887,pickup_confirmed,2026-04-01T22:00:00,dispatch_tms
EVT00887_in_transit,SHP00887,in_transit,2026-04-02T23:00:00,dispatch_tms
EVT00887_delivered,SHP00887,delivered,2026-04-05T02:00:00,carrier_portal
EVT00888_booked,SHP00888,booked,2026-04-07T00:00:00,dispatch_tms
EVT00888_pickup_confirmed,SHP00888,pickup_confirmed,2026-04-08T01:00:00,dispatch_tms
EVT00888_in_transit,SHP00888,in_transit,2026-04-09T02:00:00,dispatch_tms
EVT00888_delivered,SHP00888,delivered,2026-04-10T03:00:00,carrier_portal
EVT00889_booked,SHP00889,booked,2026-04-14T03:00:00,dispatch_tms
EVT00889_pickup_confirmed,SHP00889,pickup_confirmed,2026-04-15T04:00:00,dispatch_tms
EVT00889_in_transit,SHP00889,in_transit,2026-04-16T05:00:00,dispatch_tms
EVT00889_delivered,SHP00889,delivered,2026-04-17T06:00:00,carrier_portal
EVT00890_booked,SHP00890,booked,2026-04-21T06:00:00,dispatch_tms
EVT00890_pickup_confirmed,SHP00890,pickup_confirmed,2026-04-22T07:00:00,dispatch_tms
EVT00890_in_transit,SHP00890,in_transit,2026-04-23T08:00:00,dispatch_tms
EVT00890_delivered,SHP00890,delivered,2026-04-25T10:00:00,carrier_portal
EVT00891_booked,SHP00891,booked,2026-04-28T09:00:00,dispatch_tms
EVT00891_pickup_confirmed,SHP00891,pickup_confirmed,2026-04-29T10:00:00,dispatch_tms
EVT00891_in_transit,SHP00891,in_transit,2026-04-30T11:00:00,dispatch_tms
EVT00891_delivered,SHP00891,delivered,2026-05-03T14:00:00,carrier_portal
EVT00892_booked,SHP00892,booked,2026-05-05T12:00:00,dispatch_tms
EVT00892_pickup_confirmed,SHP00892,pickup_confirmed,2026-05-06T13:00:00,dispatch_tms
EVT00892_in_transit,SHP00892,in_transit,2026-05-07T14:00:00,dispatch_tms
EVT00892_delivered,SHP00892,delivered,2026-05-07T14:00:00,carrier_portal
EVT00893_booked,SHP00893,booked,2026-05-12T15:00:00,dispatch_tms
EVT00893_pickup_confirmed,SHP00893,pickup_confirmed,2026-05-13T16:00:00,dispatch_tms
EVT00893_in_transit,SHP00893,in_transit,2026-05-14T17:00:00,dispatch_tms
EVT00893_delivered,SHP00893,delivered,2026-05-15T18:00:00,carrier_portal
EVT00894_booked,SHP00894,booked,2026-05-19T18:00:00,dispatch_tms
EVT00894_pickup_confirmed,SHP00894,pickup_confirmed,2026-05-20T19:00:00,dispatch_tms
EVT00894_in_transit,SHP00894,in_transit,2026-05-21T20:00:00,dispatch_tms
EVT00894_delivered,SHP00894,delivered,2026-05-23T22:00:00,carrier_portal
EVT00895_booked,SHP00895,booked,2026-05-26T21:00:00,dispatch_tms
EVT00895_pickup_confirmed,SHP00895,pickup_confirmed,2026-05-27T22:00:00,dispatch_tms
EVT00895_in_transit,SHP00895,in_transit,2026-05-28T23:00:00,dispatch_tms
EVT00895_delivered,SHP00895,delivered,2026-05-31T02:00:00,carrier_portal
EVT00896_booked,SHP00896,booked,2026-06-02T00:00:00,dispatch_tms
EVT00896_pickup_confirmed,SHP00896,pickup_confirmed,2026-06-03T01:00:00,dispatch_tms
EVT00896_in_transit,SHP00896,in_transit,2026-06-04T02:00:00,dispatch_tms
EVT00896_delivered,SHP00896,delivered,2026-06-04T02:00:00,carrier_portal
EVT00897_booked,SHP00897,booked,2026-06-09T03:00:00,dispatch_tms
EVT00897_pickup_confirmed,SHP00897,pickup_confirmed,2026-06-10T04:00:00,dispatch_tms
EVT00897_in_transit,SHP00897,in_transit,2026-06-11T05:00:00,dispatch_tms
EVT00897_delivered,SHP00897,delivered,2026-06-12T06:00:00,carrier_portal
EVT00898_booked,SHP00898,booked,2026-06-16T06:00:00,dispatch_tms
EVT00898_pickup_confirmed,SHP00898,pickup_confirmed,2026-06-17T07:00:00,dispatch_tms
EVT00898_in_transit,SHP00898,in_transit,2026-06-18T08:00:00,dispatch_tms
EVT00898_delivered,SHP00898,delivered,2026-06-20T10:00:00,carrier_portal
EVT00899_booked,SHP00899,booked,2026-06-23T09:00:00,dispatch_tms
EVT00899_pickup_confirmed,SHP00899,pickup_confirmed,2026-06-24T10:00:00,dispatch_tms
EVT00899_in_transit,SHP00899,in_transit,2026-06-25T11:00:00,dispatch_tms
EVT00899_delivered,SHP00899,delivered,2026-06-28T14:00:00,carrier_portal
EVT00900_booked,SHP00900,booked,2026-01-01T12:00:00,dispatch_tms
EVT00900_pickup_confirmed,SHP00900,pickup_confirmed,2026-01-02T13:00:00,dispatch_tms
EVT00900_in_transit,SHP00900,in_transit,2026-01-03T14:00:00,dispatch_tms
EVT00900_delivered,SHP00900,delivered,2026-01-03T14:00:00,carrier_portal
EVT00901_booked,SHP00901,booked,2026-01-08T15:00:00,dispatch_tms
EVT00901_pickup_confirmed,SHP00901,pickup_confirmed,2026-01-09T16:00:00,dispatch_tms
EVT00901_in_transit,SHP00901,in_transit,2026-01-10T17:00:00,dispatch_tms
EVT00901_delivered,SHP00901,delivered,2026-01-11T18:00:00,carrier_portal
EVT00902_booked,SHP00902,booked,2026-01-15T18:00:00,dispatch_tms
EVT00902_pickup_confirmed,SHP00902,pickup_confirmed,2026-01-16T19:00:00,dispatch_tms
EVT00902_in_transit,SHP00902,in_transit,2026-01-17T20:00:00,dispatch_tms
EVT00902_delivered,SHP00902,delivered,2026-01-19T22:00:00,carrier_portal
EVT00903_booked,SHP00903,booked,2026-01-22T21:00:00,dispatch_tms
EVT00903_pickup_confirmed,SHP00903,pickup_confirmed,2026-01-23T22:00:00,dispatch_tms
EVT00903_in_transit,SHP00903,in_transit,2026-01-24T23:00:00,dispatch_tms
EVT00903_delivered,SHP00903,delivered,2026-01-27T02:00:00,carrier_portal
EVT00904_booked,SHP00904,booked,2026-01-29T00:00:00,dispatch_tms
EVT00904_pickup_confirmed,SHP00904,pickup_confirmed,2026-01-30T01:00:00,dispatch_tms
EVT00904_in_transit,SHP00904,in_transit,2026-01-31T02:00:00,dispatch_tms
EVT00904_delivered,SHP00904,delivered,2026-01-31T02:00:00,carrier_portal
EVT00905_booked,SHP00905,booked,2026-02-05T03:00:00,dispatch_tms
EVT00905_pickup_confirmed,SHP00905,pickup_confirmed,2026-02-06T04:00:00,dispatch_tms
EVT00905_in_transit,SHP00905,in_transit,2026-02-07T05:00:00,dispatch_tms
EVT00905_delivered,SHP00905,delivered,2026-02-08T06:00:00,carrier_portal
EVT00906_booked,SHP00906,booked,2026-02-12T06:00:00,dispatch_tms
EVT00906_pickup_confirmed,SHP00906,pickup_confirmed,2026-02-13T07:00:00,dispatch_tms
EVT00906_in_transit,SHP00906,in_transit,2026-02-14T08:00:00,dispatch_tms
EVT00906_delivered,SHP00906,delivered,2026-02-16T10:00:00,carrier_portal
EVT00907_booked,SHP00907,booked,2026-02-19T09:00:00,dispatch_tms
EVT00907_pickup_confirmed,SHP00907,pickup_confirmed,2026-02-20T10:00:00,dispatch_tms
EVT00907_in_transit,SHP00907,in_transit,2026-02-21T11:00:00,dispatch_tms
EVT00907_delivered,SHP00907,delivered,2026-02-24T14:00:00,carrier_portal
EVT00908_booked,SHP00908,booked,2026-02-26T12:00:00,dispatch_tms
EVT00908_pickup_confirmed,SHP00908,pickup_confirmed,2026-02-27T13:00:00,dispatch_tms
EVT00908_in_transit,SHP00908,in_transit,2026-02-28T14:00:00,dispatch_tms
EVT00908_delivered,SHP00908,delivered,2026-02-28T14:00:00,carrier_portal
EVT00909_booked,SHP00909,booked,2026-03-05T15:00:00,dispatch_tms
EVT00909_pickup_confirmed,SHP00909,pickup_confirmed,2026-03-06T16:00:00,dispatch_tms
EVT00909_in_transit,SHP00909,in_transit,2026-03-07T17:00:00,dispatch_tms
EVT00909_delivered,SHP00909,delivered,2026-03-08T18:00:00,carrier_portal
EVT00910_booked,SHP00910,booked,2026-03-12T18:00:00,dispatch_tms
EVT00910_pickup_confirmed,SHP00910,pickup_confirmed,2026-03-13T19:00:00,dispatch_tms
EVT00910_in_transit,SHP00910,in_transit,2026-03-14T20:00:00,dispatch_tms
EVT00910_delivered,SHP00910,delivered,2026-03-16T22:00:00,carrier_portal
EVT00911_booked,SHP00911,booked,2026-03-19T21:00:00,dispatch_tms
EVT00911_pickup_confirmed,SHP00911,pickup_confirmed,2026-03-20T22:00:00,dispatch_tms
EVT00911_in_transit,SHP00911,in_transit,2026-03-21T23:00:00,dispatch_tms
EVT00911_delivered,SHP00911,delivered,2026-03-24T02:00:00,carrier_portal
EVT00912_booked,SHP00912,booked,2026-03-26T00:00:00,dispatch_tms
EVT00912_pickup_confirmed,SHP00912,pickup_confirmed,2026-03-27T01:00:00,dispatch_tms
EVT00912_in_transit,SHP00912,in_transit,2026-03-28T02:00:00,dispatch_tms
EVT00912_delivered,SHP00912,delivered,2026-03-28T02:00:00,carrier_portal
EVT00913_booked,SHP00913,booked,2026-04-02T03:00:00,dispatch_tms
EVT00913_pickup_confirmed,SHP00913,pickup_confirmed,2026-04-03T04:00:00,dispatch_tms
EVT00913_in_transit,SHP00913,in_transit,2026-04-04T05:00:00,dispatch_tms
EVT00913_delivered,SHP00913,delivered,2026-04-05T06:00:00,carrier_portal
EVT00914_booked,SHP00914,booked,2026-04-09T06:00:00,dispatch_tms
EVT00914_pickup_confirmed,SHP00914,pickup_confirmed,2026-04-10T07:00:00,dispatch_tms
EVT00914_in_transit,SHP00914,in_transit,2026-04-11T08:00:00,dispatch_tms
EVT00914_delivered,SHP00914,delivered,2026-04-13T10:00:00,carrier_portal
EVT00915_booked,SHP00915,booked,2026-04-16T09:00:00,dispatch_tms
EVT00915_pickup_confirmed,SHP00915,pickup_confirmed,2026-04-17T10:00:00,dispatch_tms
EVT00915_in_transit,SHP00915,in_transit,2026-04-18T11:00:00,dispatch_tms
EVT00915_delivered,SHP00915,delivered,2026-04-21T14:00:00,carrier_portal
EVT00916_booked,SHP00916,booked,2026-04-23T12:00:00,dispatch_tms
EVT00916_pickup_confirmed,SHP00916,pickup_confirmed,2026-04-24T13:00:00,dispatch_tms
EVT00916_in_transit,SHP00916,in_transit,2026-04-25T14:00:00,dispatch_tms
EVT00916_delivered,SHP00916,delivered,2026-04-25T14:00:00,carrier_portal
EVT00917_booked,SHP00917,booked,2026-04-30T15:00:00,dispatch_tms
EVT00917_pickup_confirmed,SHP00917,pickup_confirmed,2026-05-01T16:00:00,dispatch_tms
EVT00917_in_transit,SHP00917,in_transit,2026-05-02T17:00:00,dispatch_tms
EVT00917_delivered,SHP00917,delivered,2026-05-03T18:00:00,carrier_portal
EVT00918_booked,SHP00918,booked,2026-05-07T18:00:00,dispatch_tms
EVT00918_pickup_confirmed,SHP00918,pickup_confirmed,2026-05-08T19:00:00,dispatch_tms
EVT00918_in_transit,SHP00918,in_transit,2026-05-09T20:00:00,dispatch_tms
EVT00918_delivered,SHP00918,delivered,2026-05-11T22:00:00,carrier_portal
EVT00919_booked,SHP00919,booked,2026-05-14T21:00:00,dispatch_tms
EVT00919_pickup_confirmed,SHP00919,pickup_confirmed,2026-05-15T22:00:00,dispatch_tms
EVT00919_in_transit,SHP00919,in_transit,2026-05-16T23:00:00,dispatch_tms
EVT00919_delivered,SHP00919,delivered,2026-05-19T02:00:00,carrier_portal
EVT00920_booked,SHP00920,booked,2026-05-21T00:00:00,dispatch_tms
EVT00920_pickup_confirmed,SHP00920,pickup_confirmed,2026-05-22T01:00:00,dispatch_tms
EVT00920_in_transit,SHP00920,in_transit,2026-05-23T02:00:00,dispatch_tms
EVT00920_delivered,SHP00920,delivered,2026-05-23T02:00:00,carrier_portal
EVT00921_booked,SHP00921,booked,2026-05-28T03:00:00,dispatch_tms
EVT00921_pickup_confirmed,SHP00921,pickup_confirmed,2026-05-29T04:00:00,dispatch_tms
EVT00921_in_transit,SHP00921,in_transit,2026-05-30T05:00:00,dispatch_tms
EVT00921_delivered,SHP00921,delivered,2026-05-31T06:00:00,carrier_portal
EVT00922_booked,SHP00922,booked,2026-06-04T06:00:00,dispatch_tms
EVT00922_pickup_confirmed,SHP00922,pickup_confirmed,2026-06-05T07:00:00,dispatch_tms
EVT00922_in_transit,SHP00922,in_transit,2026-06-06T08:00:00,dispatch_tms
EVT00922_delivered,SHP00922,delivered,2026-06-09T11:00:00,carrier_portal
EVT00923_booked,SHP00923,booked,2026-06-11T09:00:00,dispatch_tms
EVT00923_pickup_confirmed,SHP00923,pickup_confirmed,2026-06-12T10:00:00,dispatch_tms
EVT00923_in_transit,SHP00923,in_transit,2026-06-13T11:00:00,dispatch_tms
EVT00923_delivered,SHP00923,delivered,2026-06-16T14:00:00,carrier_portal
EVT00924_booked,SHP00924,booked,2026-06-18T12:00:00,dispatch_tms
EVT00924_pickup_confirmed,SHP00924,pickup_confirmed,2026-06-19T13:00:00,dispatch_tms
EVT00924_in_transit,SHP00924,in_transit,2026-06-20T14:00:00,dispatch_tms
EVT00924_delivered,SHP00924,delivered,2026-06-20T14:00:00,carrier_portal
EVT00925_booked,SHP00925,booked,2026-06-25T15:00:00,dispatch_tms
EVT00925_pickup_confirmed,SHP00925,pickup_confirmed,2026-06-26T16:00:00,dispatch_tms
EVT00925_in_transit,SHP00925,in_transit,2026-06-27T17:00:00,dispatch_tms
EVT00925_delivered,SHP00925,delivered,2026-06-28T18:00:00,carrier_portal
EVT00926_booked,SHP00926,booked,2026-01-03T18:00:00,dispatch_tms
EVT00926_pickup_confirmed,SHP00926,pickup_confirmed,2026-01-04T19:00:00,dispatch_tms
EVT00926_in_transit,SHP00926,in_transit,2026-01-05T20:00:00,dispatch_tms
EVT00926_delivered,SHP00926,delivered,2026-01-07T22:00:00,carrier_portal
EVT00927_booked,SHP00927,booked,2026-01-10T21:00:00,dispatch_tms
EVT00927_pickup_confirmed,SHP00927,pickup_confirmed,2026-01-11T22:00:00,dispatch_tms
EVT00927_in_transit,SHP00927,in_transit,2026-01-12T23:00:00,dispatch_tms
EVT00927_delivered,SHP00927,delivered,2026-01-15T02:00:00,carrier_portal
EVT00928_booked,SHP00928,booked,2026-01-17T00:00:00,dispatch_tms
EVT00928_pickup_confirmed,SHP00928,pickup_confirmed,2026-01-18T01:00:00,dispatch_tms
EVT00928_in_transit,SHP00928,in_transit,2026-01-19T02:00:00,dispatch_tms
EVT00928_delivered,SHP00928,delivered,2026-01-19T02:00:00,carrier_portal
EVT00929_booked,SHP00929,booked,2026-01-24T03:00:00,dispatch_tms
EVT00929_pickup_confirmed,SHP00929,pickup_confirmed,2026-01-25T04:00:00,dispatch_tms
EVT00929_in_transit,SHP00929,in_transit,2026-01-26T05:00:00,dispatch_tms
EVT00929_delivered,SHP00929,delivered,2026-01-27T06:00:00,carrier_portal
EVT00930_booked,SHP00930,booked,2026-01-31T06:00:00,dispatch_tms
EVT00930_pickup_confirmed,SHP00930,pickup_confirmed,2026-02-01T07:00:00,dispatch_tms
EVT00930_in_transit,SHP00930,in_transit,2026-02-02T08:00:00,dispatch_tms
EVT00930_delivered,SHP00930,delivered,2026-02-04T10:00:00,carrier_portal
EVT00931_booked,SHP00931,booked,2026-02-07T09:00:00,dispatch_tms
EVT00931_pickup_confirmed,SHP00931,pickup_confirmed,2026-02-08T10:00:00,dispatch_tms
EVT00931_in_transit,SHP00931,in_transit,2026-02-09T11:00:00,dispatch_tms
EVT00931_delivered,SHP00931,delivered,2026-02-12T14:00:00,carrier_portal
EVT00932_booked,SHP00932,booked,2026-02-14T12:00:00,dispatch_tms
EVT00932_pickup_confirmed,SHP00932,pickup_confirmed,2026-02-15T13:00:00,dispatch_tms
EVT00932_in_transit,SHP00932,in_transit,2026-02-16T14:00:00,dispatch_tms
EVT00932_delivered,SHP00932,delivered,2026-02-16T14:00:00,carrier_portal
EVT00933_booked,SHP00933,booked,2026-02-21T15:00:00,dispatch_tms
EVT00933_pickup_confirmed,SHP00933,pickup_confirmed,2026-02-22T16:00:00,dispatch_tms
EVT00933_in_transit,SHP00933,in_transit,2026-02-23T17:00:00,dispatch_tms
EVT00933_delivered,SHP00933,delivered,2026-02-25T19:00:00,carrier_portal
EVT00934_booked,SHP00934,booked,2026-02-28T18:00:00,dispatch_tms
EVT00934_pickup_confirmed,SHP00934,pickup_confirmed,2026-03-01T19:00:00,dispatch_tms
EVT00934_in_transit,SHP00934,in_transit,2026-03-02T20:00:00,dispatch_tms
EVT00934_delivered,SHP00934,delivered,2026-03-04T22:00:00,carrier_portal
EVT00935_booked,SHP00935,booked,2026-03-07T21:00:00,dispatch_tms
EVT00935_pickup_confirmed,SHP00935,pickup_confirmed,2026-03-08T22:00:00,dispatch_tms
EVT00935_in_transit,SHP00935,in_transit,2026-03-09T23:00:00,dispatch_tms
EVT00935_delivered,SHP00935,delivered,2026-03-12T02:00:00,carrier_portal
EVT00936_booked,SHP00936,booked,2026-03-14T00:00:00,dispatch_tms
EVT00936_pickup_confirmed,SHP00936,pickup_confirmed,2026-03-15T01:00:00,dispatch_tms
EVT00936_in_transit,SHP00936,in_transit,2026-03-16T02:00:00,dispatch_tms
EVT00936_delivered,SHP00936,delivered,2026-03-17T03:00:00,carrier_portal
EVT00937_booked,SHP00937,booked,2026-03-21T03:00:00,dispatch_tms
EVT00937_pickup_confirmed,SHP00937,pickup_confirmed,2026-03-22T04:00:00,dispatch_tms
EVT00937_in_transit,SHP00937,in_transit,2026-03-23T05:00:00,dispatch_tms
EVT00937_delivered,SHP00937,delivered,2026-03-24T06:00:00,carrier_portal
EVT00938_booked,SHP00938,booked,2026-03-28T06:00:00,dispatch_tms
EVT00938_pickup_confirmed,SHP00938,pickup_confirmed,2026-03-29T07:00:00,dispatch_tms
EVT00938_in_transit,SHP00938,in_transit,2026-03-30T08:00:00,dispatch_tms
EVT00938_delivered,SHP00938,delivered,2026-04-01T10:00:00,carrier_portal
EVT00939_booked,SHP00939,booked,2026-04-04T09:00:00,dispatch_tms
EVT00939_pickup_confirmed,SHP00939,pickup_confirmed,2026-04-05T10:00:00,dispatch_tms
EVT00939_in_transit,SHP00939,in_transit,2026-04-06T11:00:00,dispatch_tms
EVT00939_delivered,SHP00939,delivered,2026-04-09T14:00:00,carrier_portal
EVT00940_booked,SHP00940,booked,2026-04-11T12:00:00,dispatch_tms
EVT00940_pickup_confirmed,SHP00940,pickup_confirmed,2026-04-12T13:00:00,dispatch_tms
EVT00940_in_transit,SHP00940,in_transit,2026-04-13T14:00:00,dispatch_tms
EVT00940_delivered,SHP00940,delivered,2026-04-13T14:00:00,carrier_portal
EVT00941_booked,SHP00941,booked,2026-04-18T15:00:00,dispatch_tms
EVT00941_pickup_confirmed,SHP00941,pickup_confirmed,2026-04-19T16:00:00,dispatch_tms
EVT00941_in_transit,SHP00941,in_transit,2026-04-20T17:00:00,dispatch_tms
EVT00941_delivered,SHP00941,delivered,2026-04-21T18:00:00,carrier_portal
EVT00942_booked,SHP00942,booked,2026-04-25T18:00:00,dispatch_tms
EVT00942_pickup_confirmed,SHP00942,pickup_confirmed,2026-04-26T19:00:00,dispatch_tms
EVT00942_in_transit,SHP00942,in_transit,2026-04-27T20:00:00,dispatch_tms
EVT00942_delivered,SHP00942,delivered,2026-04-29T22:00:00,carrier_portal
EVT00943_booked,SHP00943,booked,2026-05-02T21:00:00,dispatch_tms
EVT00943_pickup_confirmed,SHP00943,pickup_confirmed,2026-05-03T22:00:00,dispatch_tms
EVT00943_in_transit,SHP00943,in_transit,2026-05-04T23:00:00,dispatch_tms
EVT00943_delivered,SHP00943,delivered,2026-05-07T02:00:00,carrier_portal
EVT00944_booked,SHP00944,booked,2026-05-09T00:00:00,dispatch_tms
EVT00944_pickup_confirmed,SHP00944,pickup_confirmed,2026-05-10T01:00:00,dispatch_tms
EVT00944_in_transit,SHP00944,in_transit,2026-05-11T02:00:00,dispatch_tms
EVT00944_delivered,SHP00944,delivered,2026-05-11T02:00:00,carrier_portal
EVT00945_booked,SHP00945,booked,2026-05-16T03:00:00,dispatch_tms
EVT00945_pickup_confirmed,SHP00945,pickup_confirmed,2026-05-17T04:00:00,dispatch_tms
EVT00945_in_transit,SHP00945,in_transit,2026-05-18T05:00:00,dispatch_tms
EVT00945_delivered,SHP00945,delivered,2026-05-19T06:00:00,carrier_portal
EVT00946_booked,SHP00946,booked,2026-05-23T06:00:00,dispatch_tms
EVT00946_pickup_confirmed,SHP00946,pickup_confirmed,2026-05-24T07:00:00,dispatch_tms
EVT00946_in_transit,SHP00946,in_transit,2026-05-25T08:00:00,dispatch_tms
EVT00946_delivered,SHP00946,delivered,2026-05-27T10:00:00,carrier_portal
EVT00947_booked,SHP00947,booked,2026-05-30T09:00:00,dispatch_tms
EVT00947_pickup_confirmed,SHP00947,pickup_confirmed,2026-05-31T10:00:00,dispatch_tms
EVT00947_in_transit,SHP00947,in_transit,2026-06-01T11:00:00,dispatch_tms
EVT00947_delivered,SHP00947,delivered,2026-06-04T14:00:00,carrier_portal
EVT00948_booked,SHP00948,booked,2026-06-06T12:00:00,dispatch_tms
EVT00948_pickup_confirmed,SHP00948,pickup_confirmed,2026-06-07T13:00:00,dispatch_tms
EVT00948_in_transit,SHP00948,in_transit,2026-06-08T14:00:00,dispatch_tms
EVT00948_delivered,SHP00948,delivered,2026-06-08T14:00:00,carrier_portal
EVT00949_booked,SHP00949,booked,2026-06-13T15:00:00,dispatch_tms
EVT00949_pickup_confirmed,SHP00949,pickup_confirmed,2026-06-14T16:00:00,dispatch_tms
EVT00949_in_transit,SHP00949,in_transit,2026-06-15T17:00:00,dispatch_tms
EVT00949_delivered,SHP00949,delivered,2026-06-16T18:00:00,carrier_portal
EVT00950_booked,SHP00950,booked,2026-06-20T18:00:00,dispatch_tms
EVT00950_pickup_confirmed,SHP00950,pickup_confirmed,2026-06-21T19:00:00,dispatch_tms
EVT00950_in_transit,SHP00950,in_transit,2026-06-22T20:00:00,dispatch_tms
EVT00950_delivered,SHP00950,delivered,2026-06-24T22:00:00,carrier_portal
EVT00951_booked,SHP00951,booked,2026-06-27T21:00:00,dispatch_tms
EVT00951_pickup_confirmed,SHP00951,pickup_confirmed,2026-06-28T22:00:00,dispatch_tms
EVT00951_in_transit,SHP00951,in_transit,2026-06-29T23:00:00,dispatch_tms
EVT00951_delivered,SHP00951,delivered,2026-07-02T02:00:00,carrier_portal
EVT00952_booked,SHP00952,booked,2026-01-05T00:00:00,dispatch_tms
EVT00952_pickup_confirmed,SHP00952,pickup_confirmed,2026-01-06T01:00:00,dispatch_tms
EVT00952_in_transit,SHP00952,in_transit,2026-01-07T02:00:00,dispatch_tms
EVT00952_delivered,SHP00952,delivered,2026-01-07T02:00:00,carrier_portal
EVT00953_booked,SHP00953,booked,2026-01-12T03:00:00,dispatch_tms
EVT00953_pickup_confirmed,SHP00953,pickup_confirmed,2026-01-13T04:00:00,dispatch_tms
EVT00953_in_transit,SHP00953,in_transit,2026-01-14T05:00:00,dispatch_tms
EVT00953_delivered,SHP00953,delivered,2026-01-15T06:00:00,carrier_portal
EVT00954_booked,SHP00954,booked,2026-01-19T06:00:00,dispatch_tms
EVT00954_pickup_confirmed,SHP00954,pickup_confirmed,2026-01-20T07:00:00,dispatch_tms
EVT00954_in_transit,SHP00954,in_transit,2026-01-21T08:00:00,dispatch_tms
EVT00954_delivered,SHP00954,delivered,2026-01-23T10:00:00,carrier_portal
EVT00955_booked,SHP00955,booked,2026-01-26T09:00:00,dispatch_tms
EVT00955_pickup_confirmed,SHP00955,pickup_confirmed,2026-01-27T10:00:00,dispatch_tms
EVT00955_in_transit,SHP00955,in_transit,2026-01-28T11:00:00,dispatch_tms
EVT00955_delivered,SHP00955,delivered,2026-01-31T14:00:00,carrier_portal
EVT00956_booked,SHP00956,booked,2026-02-02T12:00:00,dispatch_tms
EVT00956_pickup_confirmed,SHP00956,pickup_confirmed,2026-02-03T13:00:00,dispatch_tms
EVT00956_in_transit,SHP00956,in_transit,2026-02-04T14:00:00,dispatch_tms
EVT00956_delivered,SHP00956,delivered,2026-02-04T14:00:00,carrier_portal
EVT00957_booked,SHP00957,booked,2026-02-09T15:00:00,dispatch_tms
EVT00957_pickup_confirmed,SHP00957,pickup_confirmed,2026-02-10T16:00:00,dispatch_tms
EVT00957_in_transit,SHP00957,in_transit,2026-02-11T17:00:00,dispatch_tms
EVT00957_delivered,SHP00957,delivered,2026-02-12T18:00:00,carrier_portal
EVT00958_booked,SHP00958,booked,2026-02-16T18:00:00,dispatch_tms
EVT00958_pickup_confirmed,SHP00958,pickup_confirmed,2026-02-17T19:00:00,dispatch_tms
EVT00958_in_transit,SHP00958,in_transit,2026-02-18T20:00:00,dispatch_tms
EVT00958_delivered,SHP00958,delivered,2026-02-20T22:00:00,carrier_portal
EVT00959_booked,SHP00959,booked,2026-02-23T21:00:00,dispatch_tms
EVT00959_pickup_confirmed,SHP00959,pickup_confirmed,2026-02-24T22:00:00,dispatch_tms
EVT00959_in_transit,SHP00959,in_transit,2026-02-25T23:00:00,dispatch_tms
EVT00959_delivered,SHP00959,delivered,2026-02-28T02:00:00,carrier_portal
EVT00960_booked,SHP00960,booked,2026-03-02T00:00:00,dispatch_tms
EVT00960_pickup_confirmed,SHP00960,pickup_confirmed,2026-03-03T01:00:00,dispatch_tms
EVT00960_in_transit,SHP00960,in_transit,2026-03-04T02:00:00,dispatch_tms
EVT00960_delivered,SHP00960,delivered,2026-03-04T02:00:00,carrier_portal
EVT00961_booked,SHP00961,booked,2026-03-09T03:00:00,dispatch_tms
EVT00961_pickup_confirmed,SHP00961,pickup_confirmed,2026-03-10T04:00:00,dispatch_tms
EVT00961_in_transit,SHP00961,in_transit,2026-03-11T05:00:00,dispatch_tms
EVT00961_delivered,SHP00961,delivered,2026-03-12T06:00:00,carrier_portal
EVT00962_booked,SHP00962,booked,2026-03-16T06:00:00,dispatch_tms
EVT00962_pickup_confirmed,SHP00962,pickup_confirmed,2026-03-17T07:00:00,dispatch_tms
EVT00962_in_transit,SHP00962,in_transit,2026-03-18T08:00:00,dispatch_tms
EVT00962_delivered,SHP00962,delivered,2026-03-20T10:00:00,carrier_portal
EVT00963_booked,SHP00963,booked,2026-03-23T09:00:00,dispatch_tms
EVT00963_pickup_confirmed,SHP00963,pickup_confirmed,2026-03-24T10:00:00,dispatch_tms
EVT00963_in_transit,SHP00963,in_transit,2026-03-25T11:00:00,dispatch_tms
EVT00963_delivered,SHP00963,delivered,2026-03-28T14:00:00,carrier_portal
EVT00964_booked,SHP00964,booked,2026-03-30T12:00:00,dispatch_tms
EVT00964_pickup_confirmed,SHP00964,pickup_confirmed,2026-03-31T13:00:00,dispatch_tms
EVT00964_in_transit,SHP00964,in_transit,2026-04-01T14:00:00,dispatch_tms
EVT00964_delivered,SHP00964,delivered,2026-04-01T14:00:00,carrier_portal
EVT00965_booked,SHP00965,booked,2026-04-06T15:00:00,dispatch_tms
EVT00965_pickup_confirmed,SHP00965,pickup_confirmed,2026-04-07T16:00:00,dispatch_tms
EVT00965_in_transit,SHP00965,in_transit,2026-04-08T17:00:00,dispatch_tms
EVT00965_delivered,SHP00965,delivered,2026-04-10T19:00:00,carrier_portal
EVT00966_booked,SHP00966,booked,2026-04-13T18:00:00,dispatch_tms
EVT00966_pickup_confirmed,SHP00966,pickup_confirmed,2026-04-14T19:00:00,dispatch_tms
EVT00966_in_transit,SHP00966,in_transit,2026-04-15T20:00:00,dispatch_tms
EVT00966_delivered,SHP00966,delivered,2026-04-17T22:00:00,carrier_portal
EVT00967_booked,SHP00967,booked,2026-04-20T21:00:00,dispatch_tms
EVT00967_pickup_confirmed,SHP00967,pickup_confirmed,2026-04-21T22:00:00,dispatch_tms
EVT00967_in_transit,SHP00967,in_transit,2026-04-22T23:00:00,dispatch_tms
EVT00967_delivered,SHP00967,delivered,2026-04-25T02:00:00,carrier_portal
EVT00968_booked,SHP00968,booked,2026-04-27T00:00:00,dispatch_tms
EVT00968_pickup_confirmed,SHP00968,pickup_confirmed,2026-04-28T01:00:00,dispatch_tms
EVT00968_in_transit,SHP00968,in_transit,2026-04-29T02:00:00,dispatch_tms
EVT00968_delivered,SHP00968,delivered,2026-04-29T02:00:00,carrier_portal
EVT00969_booked,SHP00969,booked,2026-05-04T03:00:00,dispatch_tms
EVT00969_pickup_confirmed,SHP00969,pickup_confirmed,2026-05-05T04:00:00,dispatch_tms
EVT00969_in_transit,SHP00969,in_transit,2026-05-06T05:00:00,dispatch_tms
EVT00969_delivered,SHP00969,delivered,2026-05-07T06:00:00,carrier_portal
EVT00970_booked,SHP00970,booked,2026-05-11T06:00:00,dispatch_tms
EVT00970_pickup_confirmed,SHP00970,pickup_confirmed,2026-05-12T07:00:00,dispatch_tms
EVT00970_in_transit,SHP00970,in_transit,2026-05-13T08:00:00,dispatch_tms
EVT00970_delivered,SHP00970,delivered,2026-05-15T10:00:00,carrier_portal
EVT00971_booked,SHP00971,booked,2026-05-18T09:00:00,dispatch_tms
EVT00971_pickup_confirmed,SHP00971,pickup_confirmed,2026-05-19T10:00:00,dispatch_tms
EVT00971_in_transit,SHP00971,in_transit,2026-05-20T11:00:00,dispatch_tms
EVT00971_delivered,SHP00971,delivered,2026-05-23T14:00:00,carrier_portal
EVT00972_booked,SHP00972,booked,2026-05-25T12:00:00,dispatch_tms
EVT00972_pickup_confirmed,SHP00972,pickup_confirmed,2026-05-26T13:00:00,dispatch_tms
EVT00972_in_transit,SHP00972,in_transit,2026-05-27T14:00:00,dispatch_tms
EVT00972_delivered,SHP00972,delivered,2026-05-27T14:00:00,carrier_portal
EVT00973_booked,SHP00973,booked,2026-06-01T15:00:00,dispatch_tms
EVT00973_pickup_confirmed,SHP00973,pickup_confirmed,2026-06-02T16:00:00,dispatch_tms
EVT00973_in_transit,SHP00973,in_transit,2026-06-03T17:00:00,dispatch_tms
EVT00973_delivered,SHP00973,delivered,2026-06-04T18:00:00,carrier_portal
EVT00974_booked,SHP00974,booked,2026-06-08T18:00:00,dispatch_tms
EVT00974_pickup_confirmed,SHP00974,pickup_confirmed,2026-06-09T19:00:00,dispatch_tms
EVT00974_in_transit,SHP00974,in_transit,2026-06-10T20:00:00,dispatch_tms
EVT00974_delivered,SHP00974,delivered,2026-06-12T22:00:00,carrier_portal
EVT00975_booked,SHP00975,booked,2026-06-15T21:00:00,dispatch_tms
EVT00975_pickup_confirmed,SHP00975,pickup_confirmed,2026-06-16T22:00:00,dispatch_tms
EVT00975_in_transit,SHP00975,in_transit,2026-06-17T23:00:00,dispatch_tms
EVT00975_delivered,SHP00975,delivered,2026-06-20T02:00:00,carrier_portal
EVT00976_booked,SHP00976,booked,2026-06-22T00:00:00,dispatch_tms
EVT00976_pickup_confirmed,SHP00976,pickup_confirmed,2026-06-23T01:00:00,dispatch_tms
EVT00976_in_transit,SHP00976,in_transit,2026-06-24T02:00:00,dispatch_tms
EVT00976_delivered,SHP00976,delivered,2026-06-24T02:00:00,carrier_portal
EVT00977_booked,SHP00977,booked,2026-06-29T03:00:00,dispatch_tms
EVT00977_pickup_confirmed,SHP00977,pickup_confirmed,2026-06-30T04:00:00,dispatch_tms
EVT00977_in_transit,SHP00977,in_transit,2026-07-01T05:00:00,dispatch_tms
EVT00977_delivered,SHP00977,delivered,2026-07-02T06:00:00,carrier_portal
EVT00978_booked,SHP00978,booked,2026-01-07T06:00:00,dispatch_tms
EVT00978_pickup_confirmed,SHP00978,pickup_confirmed,2026-01-08T07:00:00,dispatch_tms
EVT00978_in_transit,SHP00978,in_transit,2026-01-09T08:00:00,dispatch_tms
EVT00978_delivered,SHP00978,delivered,2026-01-11T10:00:00,carrier_portal
EVT00979_booked,SHP00979,booked,2026-01-14T09:00:00,dispatch_tms
EVT00979_pickup_confirmed,SHP00979,pickup_confirmed,2026-01-15T10:00:00,dispatch_tms
EVT00979_in_transit,SHP00979,in_transit,2026-01-16T11:00:00,dispatch_tms
EVT00979_delivered,SHP00979,delivered,2026-01-19T14:00:00,carrier_portal
EVT00980_booked,SHP00980,booked,2026-01-21T12:00:00,dispatch_tms
EVT00980_pickup_confirmed,SHP00980,pickup_confirmed,2026-01-22T13:00:00,dispatch_tms
EVT00980_in_transit,SHP00980,in_transit,2026-01-23T14:00:00,dispatch_tms
EVT00980_delivered,SHP00980,delivered,2026-01-23T14:00:00,carrier_portal
EVT00981_booked,SHP00981,booked,2026-01-28T15:00:00,dispatch_tms
EVT00981_pickup_confirmed,SHP00981,pickup_confirmed,2026-01-29T16:00:00,dispatch_tms
EVT00981_in_transit,SHP00981,in_transit,2026-01-30T17:00:00,dispatch_tms
EVT00981_delivered,SHP00981,delivered,2026-01-31T18:00:00,carrier_portal
EVT00982_booked,SHP00982,booked,2026-02-04T18:00:00,dispatch_tms
EVT00982_pickup_confirmed,SHP00982,pickup_confirmed,2026-02-05T19:00:00,dispatch_tms
EVT00982_in_transit,SHP00982,in_transit,2026-02-06T20:00:00,dispatch_tms
EVT00982_delivered,SHP00982,delivered,2026-02-08T22:00:00,carrier_portal
EVT00983_booked,SHP00983,booked,2026-02-11T21:00:00,dispatch_tms
EVT00983_pickup_confirmed,SHP00983,pickup_confirmed,2026-02-12T22:00:00,dispatch_tms
EVT00983_in_transit,SHP00983,in_transit,2026-02-13T23:00:00,dispatch_tms
EVT00983_delivered,SHP00983,delivered,2026-02-16T02:00:00,carrier_portal
EVT00984_booked,SHP00984,booked,2026-02-18T00:00:00,dispatch_tms
EVT00984_pickup_confirmed,SHP00984,pickup_confirmed,2026-02-19T01:00:00,dispatch_tms
EVT00984_in_transit,SHP00984,in_transit,2026-02-20T02:00:00,dispatch_tms
EVT00984_delivered,SHP00984,delivered,2026-02-20T02:00:00,carrier_portal
EVT00985_booked,SHP00985,booked,2026-02-25T03:00:00,dispatch_tms
EVT00985_pickup_confirmed,SHP00985,pickup_confirmed,2026-02-26T04:00:00,dispatch_tms
EVT00985_in_transit,SHP00985,in_transit,2026-02-27T05:00:00,dispatch_tms
EVT00985_delivered,SHP00985,delivered,2026-02-28T06:00:00,carrier_portal
EVT00986_booked,SHP00986,booked,2026-03-04T06:00:00,dispatch_tms
EVT00986_pickup_confirmed,SHP00986,pickup_confirmed,2026-03-05T07:00:00,dispatch_tms
EVT00986_in_transit,SHP00986,in_transit,2026-03-06T08:00:00,dispatch_tms
EVT00986_delivered,SHP00986,delivered,2026-03-08T10:00:00,carrier_portal
EVT00987_booked,SHP00987,booked,2026-03-11T09:00:00,dispatch_tms
EVT00987_pickup_confirmed,SHP00987,pickup_confirmed,2026-03-12T10:00:00,dispatch_tms
EVT00987_in_transit,SHP00987,in_transit,2026-03-13T11:00:00,dispatch_tms
EVT00987_delivered,SHP00987,delivered,2026-03-16T14:00:00,carrier_portal
EVT00988_booked,SHP00988,booked,2026-03-18T12:00:00,dispatch_tms
EVT00988_pickup_confirmed,SHP00988,pickup_confirmed,2026-03-19T13:00:00,dispatch_tms
EVT00988_in_transit,SHP00988,in_transit,2026-03-20T14:00:00,dispatch_tms
EVT00988_delivered,SHP00988,delivered,2026-03-20T14:00:00,carrier_portal
EVT00989_booked,SHP00989,booked,2026-03-25T15:00:00,dispatch_tms
EVT00989_pickup_confirmed,SHP00989,pickup_confirmed,2026-03-26T16:00:00,dispatch_tms
EVT00989_in_transit,SHP00989,in_transit,2026-03-27T17:00:00,dispatch_tms
EVT00989_delivered,SHP00989,delivered,2026-03-28T18:00:00,carrier_portal
EVT00990_booked,SHP00990,booked,2026-04-01T18:00:00,dispatch_tms
EVT00990_pickup_confirmed,SHP00990,pickup_confirmed,2026-04-02T19:00:00,dispatch_tms
EVT00990_in_transit,SHP00990,in_transit,2026-04-03T20:00:00,dispatch_tms
EVT00990_delivered,SHP00990,delivered,2026-04-05T22:00:00,carrier_portal
EVT00991_booked,SHP00991,booked,2026-04-08T21:00:00,dispatch_tms
EVT00991_pickup_confirmed,SHP00991,pickup_confirmed,2026-04-09T22:00:00,dispatch_tms
EVT00991_in_transit,SHP00991,in_transit,2026-04-10T23:00:00,dispatch_tms
EVT00991_delivered,SHP00991,delivered,2026-04-13T02:00:00,carrier_portal
EVT00992_booked,SHP00992,booked,2026-04-15T00:00:00,dispatch_tms
EVT00992_pickup_confirmed,SHP00992,pickup_confirmed,2026-04-16T01:00:00,dispatch_tms
EVT00992_in_transit,SHP00992,in_transit,2026-04-17T02:00:00,dispatch_tms
EVT00992_delivered,SHP00992,delivered,2026-04-17T02:00:00,carrier_portal
EVT00993_booked,SHP00993,booked,2026-04-22T03:00:00,dispatch_tms
EVT00993_pickup_confirmed,SHP00993,pickup_confirmed,2026-04-23T04:00:00,dispatch_tms
EVT00993_in_transit,SHP00993,in_transit,2026-04-24T05:00:00,dispatch_tms
EVT00993_delivered,SHP00993,delivered,2026-04-25T06:00:00,carrier_portal
EVT00994_booked,SHP00994,booked,2026-04-29T06:00:00,dispatch_tms
EVT00994_pickup_confirmed,SHP00994,pickup_confirmed,2026-04-30T07:00:00,dispatch_tms
EVT00994_in_transit,SHP00994,in_transit,2026-05-01T08:00:00,dispatch_tms
EVT00994_delivered,SHP00994,delivered,2026-05-03T10:00:00,carrier_portal
EVT00995_booked,SHP00995,booked,2026-05-06T09:00:00,dispatch_tms
EVT00995_pickup_confirmed,SHP00995,pickup_confirmed,2026-05-07T10:00:00,dispatch_tms
EVT00995_in_transit,SHP00995,in_transit,2026-05-08T11:00:00,dispatch_tms
EVT00995_delivered,SHP00995,delivered,2026-05-11T14:00:00,carrier_portal
EVT00996_booked,SHP00996,booked,2026-05-13T12:00:00,dispatch_tms
EVT00996_pickup_confirmed,SHP00996,pickup_confirmed,2026-05-14T13:00:00,dispatch_tms
EVT00996_in_transit,SHP00996,in_transit,2026-05-15T14:00:00,dispatch_tms
EVT00996_delivered,SHP00996,delivered,2026-05-15T14:00:00,carrier_portal
EVT00997_booked,SHP00997,booked,2026-05-20T15:00:00,dispatch_tms
EVT00997_pickup_confirmed,SHP00997,pickup_confirmed,2026-05-21T16:00:00,dispatch_tms
EVT00997_in_transit,SHP00997,in_transit,2026-05-22T17:00:00,dispatch_tms
EVT00997_delivered,SHP00997,delivered,2026-05-23T18:00:00,carrier_portal
EVT00998_booked,SHP00998,booked,2026-05-27T18:00:00,dispatch_tms
EVT00998_pickup_confirmed,SHP00998,pickup_confirmed,2026-05-28T19:00:00,dispatch_tms
EVT00998_in_transit,SHP00998,in_transit,2026-05-29T20:00:00,dispatch_tms
EVT00998_delivered,SHP00998,delivered,2026-05-31T22:00:00,carrier_portal
EVT00999_booked,SHP00999,booked,2026-06-03T21:00:00,dispatch_tms
EVT00999_pickup_confirmed,SHP00999,pickup_confirmed,2026-06-04T22:00:00,dispatch_tms
EVT00999_in_transit,SHP00999,in_transit,2026-06-05T23:00:00,dispatch_tms
EVT00999_delivered,SHP00999,delivered,2026-06-08T02:00:00,carrier_portal
EVT01000_booked,SHP01000,booked,2026-06-10T00:00:00,dispatch_tms
EVT01000_pickup_confirmed,SHP01000,pickup_confirmed,2026-06-11T01:00:00,dispatch_tms
EVT01000_in_transit,SHP01000,in_transit,2026-06-12T02:00:00,dispatch_tms
EVT01000_delivered,SHP01000,delivered,2026-06-12T02:00:00,carrier_portal
EVT01001_booked,SHP01001,booked,2026-06-17T03:00:00,dispatch_tms
EVT01001_pickup_confirmed,SHP01001,pickup_confirmed,2026-06-18T04:00:00,dispatch_tms
EVT01001_in_transit,SHP01001,in_transit,2026-06-19T05:00:00,dispatch_tms
EVT01001_delivered,SHP01001,delivered,2026-06-20T06:00:00,carrier_portal
EVT01002_booked,SHP01002,booked,2026-06-24T06:00:00,dispatch_tms
EVT01002_pickup_confirmed,SHP01002,pickup_confirmed,2026-06-25T07:00:00,dispatch_tms
EVT01002_in_transit,SHP01002,in_transit,2026-06-26T08:00:00,dispatch_tms
EVT01002_delivered,SHP01002,delivered,2026-06-28T10:00:00,carrier_portal
EVT01003_booked,SHP01003,booked,2026-01-02T09:00:00,dispatch_tms
EVT01003_pickup_confirmed,SHP01003,pickup_confirmed,2026-01-03T10:00:00,dispatch_tms
EVT01003_in_transit,SHP01003,in_transit,2026-01-04T11:00:00,dispatch_tms
EVT01003_delivered,SHP01003,delivered,2026-01-07T14:00:00,carrier_portal
EVT01004_booked,SHP01004,booked,2026-01-09T12:00:00,dispatch_tms
EVT01004_pickup_confirmed,SHP01004,pickup_confirmed,2026-01-10T13:00:00,dispatch_tms
EVT01004_in_transit,SHP01004,in_transit,2026-01-11T14:00:00,dispatch_tms
EVT01004_delivered,SHP01004,delivered,2026-01-12T15:00:00,carrier_portal
EVT01005_booked,SHP01005,booked,2026-01-16T15:00:00,dispatch_tms
EVT01005_pickup_confirmed,SHP01005,pickup_confirmed,2026-01-17T16:00:00,dispatch_tms
EVT01005_in_transit,SHP01005,in_transit,2026-01-18T17:00:00,dispatch_tms
EVT01005_delivered,SHP01005,delivered,2026-01-19T18:00:00,carrier_portal
EVT01006_booked,SHP01006,booked,2026-01-23T18:00:00,dispatch_tms
EVT01006_pickup_confirmed,SHP01006,pickup_confirmed,2026-01-24T19:00:00,dispatch_tms
EVT01006_in_transit,SHP01006,in_transit,2026-01-25T20:00:00,dispatch_tms
EVT01006_delivered,SHP01006,delivered,2026-01-27T22:00:00,carrier_portal
EVT01007_booked,SHP01007,booked,2026-01-30T21:00:00,dispatch_tms
EVT01007_pickup_confirmed,SHP01007,pickup_confirmed,2026-01-31T22:00:00,dispatch_tms
EVT01007_in_transit,SHP01007,in_transit,2026-02-01T23:00:00,dispatch_tms
EVT01007_delivered,SHP01007,delivered,2026-02-05T03:00:00,carrier_portal
EVT01008_booked,SHP01008,booked,2026-02-06T00:00:00,dispatch_tms
EVT01008_pickup_confirmed,SHP01008,pickup_confirmed,2026-02-07T01:00:00,dispatch_tms
EVT01008_in_transit,SHP01008,in_transit,2026-02-08T02:00:00,dispatch_tms
EVT01008_delivered,SHP01008,delivered,2026-02-08T02:00:00,carrier_portal
EVT01009_booked,SHP01009,booked,2026-02-13T03:00:00,dispatch_tms
EVT01009_pickup_confirmed,SHP01009,pickup_confirmed,2026-02-14T04:00:00,dispatch_tms
EVT01009_in_transit,SHP01009,in_transit,2026-02-15T05:00:00,dispatch_tms
EVT01009_delivered,SHP01009,delivered,2026-02-16T06:00:00,carrier_portal
EVT01010_booked,SHP01010,booked,2026-02-20T06:00:00,dispatch_tms
EVT01010_pickup_confirmed,SHP01010,pickup_confirmed,2026-02-21T07:00:00,dispatch_tms
EVT01010_in_transit,SHP01010,in_transit,2026-02-22T08:00:00,dispatch_tms
EVT01010_delivered,SHP01010,delivered,2026-02-24T10:00:00,carrier_portal
EVT01011_booked,SHP01011,booked,2026-02-27T09:00:00,dispatch_tms
EVT01011_pickup_confirmed,SHP01011,pickup_confirmed,2026-02-28T10:00:00,dispatch_tms
EVT01011_in_transit,SHP01011,in_transit,2026-03-01T11:00:00,dispatch_tms
EVT01011_delivered,SHP01011,delivered,2026-03-04T14:00:00,carrier_portal
EVT01012_booked,SHP01012,booked,2026-03-06T12:00:00,dispatch_tms
EVT01012_pickup_confirmed,SHP01012,pickup_confirmed,2026-03-07T13:00:00,dispatch_tms
EVT01012_in_transit,SHP01012,in_transit,2026-03-08T14:00:00,dispatch_tms
EVT01012_delivered,SHP01012,delivered,2026-03-08T14:00:00,carrier_portal
EVT01013_booked,SHP01013,booked,2026-03-13T15:00:00,dispatch_tms
EVT01013_pickup_confirmed,SHP01013,pickup_confirmed,2026-03-14T16:00:00,dispatch_tms
EVT01013_in_transit,SHP01013,in_transit,2026-03-15T17:00:00,dispatch_tms
EVT01013_delivered,SHP01013,delivered,2026-03-16T18:00:00,carrier_portal
EVT01014_booked,SHP01014,booked,2026-03-20T18:00:00,dispatch_tms
EVT01014_pickup_confirmed,SHP01014,pickup_confirmed,2026-03-21T19:00:00,dispatch_tms
EVT01014_in_transit,SHP01014,in_transit,2026-03-22T20:00:00,dispatch_tms
EVT01014_delivered,SHP01014,delivered,2026-03-24T22:00:00,carrier_portal
EVT01015_booked,SHP01015,booked,2026-03-27T21:00:00,dispatch_tms
EVT01015_pickup_confirmed,SHP01015,pickup_confirmed,2026-03-28T22:00:00,dispatch_tms
EVT01015_in_transit,SHP01015,in_transit,2026-03-29T23:00:00,dispatch_tms
EVT01015_delivered,SHP01015,delivered,2026-04-01T02:00:00,carrier_portal
EVT01016_booked,SHP01016,booked,2026-04-03T00:00:00,dispatch_tms
EVT01016_pickup_confirmed,SHP01016,pickup_confirmed,2026-04-04T01:00:00,dispatch_tms
EVT01016_in_transit,SHP01016,in_transit,2026-04-05T02:00:00,dispatch_tms
EVT01016_delivered,SHP01016,delivered,2026-04-05T02:00:00,carrier_portal
EVT01017_booked,SHP01017,booked,2026-04-10T03:00:00,dispatch_tms
EVT01017_pickup_confirmed,SHP01017,pickup_confirmed,2026-04-11T04:00:00,dispatch_tms
EVT01017_in_transit,SHP01017,in_transit,2026-04-12T05:00:00,dispatch_tms
EVT01017_delivered,SHP01017,delivered,2026-04-13T06:00:00,carrier_portal
EVT01018_booked,SHP01018,booked,2026-04-17T06:00:00,dispatch_tms
EVT01018_pickup_confirmed,SHP01018,pickup_confirmed,2026-04-18T07:00:00,dispatch_tms
EVT01018_in_transit,SHP01018,in_transit,2026-04-19T08:00:00,dispatch_tms
EVT01018_delivered,SHP01018,delivered,2026-04-21T10:00:00,carrier_portal
EVT01019_booked,SHP01019,booked,2026-04-24T09:00:00,dispatch_tms
EVT01019_pickup_confirmed,SHP01019,pickup_confirmed,2026-04-25T10:00:00,dispatch_tms
EVT01019_in_transit,SHP01019,in_transit,2026-04-26T11:00:00,dispatch_tms
EVT01019_delivered,SHP01019,delivered,2026-04-30T15:00:00,carrier_portal
EVT01020_booked,SHP01020,booked,2026-05-01T12:00:00,dispatch_tms
EVT01020_pickup_confirmed,SHP01020,pickup_confirmed,2026-05-02T13:00:00,dispatch_tms
EVT01020_in_transit,SHP01020,in_transit,2026-05-03T14:00:00,dispatch_tms
EVT01020_delivered,SHP01020,delivered,2026-05-04T15:00:00,carrier_portal
EVT01021_booked,SHP01021,booked,2026-05-08T15:00:00,dispatch_tms
EVT01021_pickup_confirmed,SHP01021,pickup_confirmed,2026-05-09T16:00:00,dispatch_tms
EVT01021_in_transit,SHP01021,in_transit,2026-05-10T17:00:00,dispatch_tms
EVT01021_delivered,SHP01021,delivered,2026-05-11T18:00:00,carrier_portal
EVT01022_booked,SHP01022,booked,2026-05-15T18:00:00,dispatch_tms
EVT01022_pickup_confirmed,SHP01022,pickup_confirmed,2026-05-16T19:00:00,dispatch_tms
EVT01022_in_transit,SHP01022,in_transit,2026-05-17T20:00:00,dispatch_tms
EVT01022_delivered,SHP01022,delivered,2026-05-19T22:00:00,carrier_portal
EVT01023_booked,SHP01023,booked,2026-05-22T21:00:00,dispatch_tms
EVT01023_pickup_confirmed,SHP01023,pickup_confirmed,2026-05-23T22:00:00,dispatch_tms
EVT01023_in_transit,SHP01023,in_transit,2026-05-24T23:00:00,dispatch_tms
EVT01023_delivered,SHP01023,delivered,2026-05-27T02:00:00,carrier_portal
EVT01024_booked,SHP01024,booked,2026-05-29T00:00:00,dispatch_tms
EVT01024_pickup_confirmed,SHP01024,pickup_confirmed,2026-05-30T01:00:00,dispatch_tms
EVT01024_in_transit,SHP01024,in_transit,2026-05-31T02:00:00,dispatch_tms
EVT01024_delivered,SHP01024,delivered,2026-05-31T02:00:00,carrier_portal
EVT01025_booked,SHP01025,booked,2026-06-05T03:00:00,dispatch_tms
EVT01025_pickup_confirmed,SHP01025,pickup_confirmed,2026-06-06T04:00:00,dispatch_tms
EVT01025_in_transit,SHP01025,in_transit,2026-06-07T05:00:00,dispatch_tms
EVT01025_delivered,SHP01025,delivered,2026-06-08T06:00:00,carrier_portal
EVT01026_booked,SHP01026,booked,2026-06-12T06:00:00,dispatch_tms
EVT01026_pickup_confirmed,SHP01026,pickup_confirmed,2026-06-13T07:00:00,dispatch_tms
EVT01026_in_transit,SHP01026,in_transit,2026-06-14T08:00:00,dispatch_tms
EVT01026_delivered,SHP01026,delivered,2026-06-16T10:00:00,carrier_portal
EVT01027_booked,SHP01027,booked,2026-06-19T09:00:00,dispatch_tms
EVT01027_pickup_confirmed,SHP01027,pickup_confirmed,2026-06-20T10:00:00,dispatch_tms
EVT01027_in_transit,SHP01027,in_transit,2026-06-21T11:00:00,dispatch_tms
EVT01027_delivered,SHP01027,delivered,2026-06-25T15:00:00,carrier_portal
EVT01028_booked,SHP01028,booked,2026-06-26T12:00:00,dispatch_tms
EVT01028_pickup_confirmed,SHP01028,pickup_confirmed,2026-06-27T13:00:00,dispatch_tms
EVT01028_in_transit,SHP01028,in_transit,2026-06-28T14:00:00,dispatch_tms
EVT01028_delivered,SHP01028,delivered,2026-06-28T14:00:00,carrier_portal
EVT01029_booked,SHP01029,booked,2026-01-04T15:00:00,dispatch_tms
EVT01029_pickup_confirmed,SHP01029,pickup_confirmed,2026-01-05T16:00:00,dispatch_tms
EVT01029_in_transit,SHP01029,in_transit,2026-01-06T17:00:00,dispatch_tms
EVT01029_delivered,SHP01029,delivered,2026-01-08T19:00:00,carrier_portal
EVT01030_booked,SHP01030,booked,2026-01-11T18:00:00,dispatch_tms
EVT01030_pickup_confirmed,SHP01030,pickup_confirmed,2026-01-12T19:00:00,dispatch_tms
EVT01030_in_transit,SHP01030,in_transit,2026-01-13T20:00:00,dispatch_tms
EVT01030_delivered,SHP01030,delivered,2026-01-15T22:00:00,carrier_portal
EVT01031_booked,SHP01031,booked,2026-01-18T21:00:00,dispatch_tms
EVT01031_pickup_confirmed,SHP01031,pickup_confirmed,2026-01-19T22:00:00,dispatch_tms
EVT01031_in_transit,SHP01031,in_transit,2026-01-20T23:00:00,dispatch_tms
EVT01031_delivered,SHP01031,delivered,2026-01-23T02:00:00,carrier_portal
EVT01032_booked,SHP01032,booked,2026-01-25T00:00:00,dispatch_tms
EVT01032_pickup_confirmed,SHP01032,pickup_confirmed,2026-01-26T01:00:00,dispatch_tms
EVT01032_in_transit,SHP01032,in_transit,2026-01-27T02:00:00,dispatch_tms
EVT01032_delivered,SHP01032,delivered,2026-01-27T02:00:00,carrier_portal
EVT01033_booked,SHP01033,booked,2026-02-01T03:00:00,dispatch_tms
EVT01033_pickup_confirmed,SHP01033,pickup_confirmed,2026-02-02T04:00:00,dispatch_tms
EVT01033_in_transit,SHP01033,in_transit,2026-02-03T05:00:00,dispatch_tms
EVT01033_delivered,SHP01033,delivered,2026-02-04T06:00:00,carrier_portal
EVT01034_booked,SHP01034,booked,2026-02-08T06:00:00,dispatch_tms
EVT01034_pickup_confirmed,SHP01034,pickup_confirmed,2026-02-09T07:00:00,dispatch_tms
EVT01034_in_transit,SHP01034,in_transit,2026-02-10T08:00:00,dispatch_tms
EVT01034_delivered,SHP01034,delivered,2026-02-12T10:00:00,carrier_portal
EVT01035_booked,SHP01035,booked,2026-02-15T09:00:00,dispatch_tms
EVT01035_pickup_confirmed,SHP01035,pickup_confirmed,2026-02-16T10:00:00,dispatch_tms
EVT01035_in_transit,SHP01035,in_transit,2026-02-17T11:00:00,dispatch_tms
EVT01035_delivered,SHP01035,delivered,2026-02-21T15:00:00,carrier_portal
EVT01036_booked,SHP01036,booked,2026-02-22T12:00:00,dispatch_tms
EVT01036_pickup_confirmed,SHP01036,pickup_confirmed,2026-02-23T13:00:00,dispatch_tms
EVT01036_in_transit,SHP01036,in_transit,2026-02-24T14:00:00,dispatch_tms
EVT01036_delivered,SHP01036,delivered,2026-02-25T15:00:00,carrier_portal
EVT01037_booked,SHP01037,booked,2026-03-01T15:00:00,dispatch_tms
EVT01037_pickup_confirmed,SHP01037,pickup_confirmed,2026-03-02T16:00:00,dispatch_tms
EVT01037_in_transit,SHP01037,in_transit,2026-03-03T17:00:00,dispatch_tms
EVT01037_delivered,SHP01037,delivered,2026-03-04T18:00:00,carrier_portal
EVT01038_booked,SHP01038,booked,2026-03-08T18:00:00,dispatch_tms
EVT01038_pickup_confirmed,SHP01038,pickup_confirmed,2026-03-09T19:00:00,dispatch_tms
EVT01038_in_transit,SHP01038,in_transit,2026-03-10T20:00:00,dispatch_tms
EVT01038_delivered,SHP01038,delivered,2026-03-12T22:00:00,carrier_portal
EVT01039_booked,SHP01039,booked,2026-03-15T21:00:00,dispatch_tms
EVT01039_pickup_confirmed,SHP01039,pickup_confirmed,2026-03-16T22:00:00,dispatch_tms
EVT01039_in_transit,SHP01039,in_transit,2026-03-17T23:00:00,dispatch_tms
EVT01039_delivered,SHP01039,delivered,2026-03-20T02:00:00,carrier_portal
EVT01040_booked,SHP01040,booked,2026-03-22T00:00:00,dispatch_tms
EVT01040_pickup_confirmed,SHP01040,pickup_confirmed,2026-03-23T01:00:00,dispatch_tms
EVT01040_in_transit,SHP01040,in_transit,2026-03-24T02:00:00,dispatch_tms
EVT01040_delivered,SHP01040,delivered,2026-03-24T02:00:00,carrier_portal
EVT01041_booked,SHP01041,booked,2026-03-29T03:00:00,dispatch_tms
EVT01041_pickup_confirmed,SHP01041,pickup_confirmed,2026-03-30T04:00:00,dispatch_tms
EVT01041_in_transit,SHP01041,in_transit,2026-03-31T05:00:00,dispatch_tms
EVT01041_delivered,SHP01041,delivered,2026-04-01T06:00:00,carrier_portal
EVT01042_booked,SHP01042,booked,2026-04-05T06:00:00,dispatch_tms
EVT01042_pickup_confirmed,SHP01042,pickup_confirmed,2026-04-06T07:00:00,dispatch_tms
EVT01042_in_transit,SHP01042,in_transit,2026-04-07T08:00:00,dispatch_tms
EVT01042_delivered,SHP01042,delivered,2026-04-09T10:00:00,carrier_portal
EVT01043_booked,SHP01043,booked,2026-04-12T09:00:00,dispatch_tms
EVT01043_pickup_confirmed,SHP01043,pickup_confirmed,2026-04-13T10:00:00,dispatch_tms
EVT01043_in_transit,SHP01043,in_transit,2026-04-14T11:00:00,dispatch_tms
EVT01043_delivered,SHP01043,delivered,2026-04-17T14:00:00,carrier_portal
EVT01044_booked,SHP01044,booked,2026-04-19T12:00:00,dispatch_tms
EVT01044_pickup_confirmed,SHP01044,pickup_confirmed,2026-04-20T13:00:00,dispatch_tms
EVT01044_in_transit,SHP01044,in_transit,2026-04-21T14:00:00,dispatch_tms
EVT01044_delivered,SHP01044,delivered,2026-04-22T15:00:00,carrier_portal
EVT01045_booked,SHP01045,booked,2026-04-26T15:00:00,dispatch_tms
EVT01045_pickup_confirmed,SHP01045,pickup_confirmed,2026-04-27T16:00:00,dispatch_tms
EVT01045_in_transit,SHP01045,in_transit,2026-04-28T17:00:00,dispatch_tms
EVT01045_delivered,SHP01045,delivered,2026-04-29T18:00:00,carrier_portal
EVT01046_booked,SHP01046,booked,2026-05-03T18:00:00,dispatch_tms
EVT01046_pickup_confirmed,SHP01046,pickup_confirmed,2026-05-04T19:00:00,dispatch_tms
EVT01046_in_transit,SHP01046,in_transit,2026-05-05T20:00:00,dispatch_tms
EVT01046_delivered,SHP01046,delivered,2026-05-07T22:00:00,carrier_portal
EVT01047_booked,SHP01047,booked,2026-05-10T21:00:00,dispatch_tms
EVT01047_pickup_confirmed,SHP01047,pickup_confirmed,2026-05-11T22:00:00,dispatch_tms
EVT01047_in_transit,SHP01047,in_transit,2026-05-12T23:00:00,dispatch_tms
EVT01047_delivered,SHP01047,delivered,2026-05-15T02:00:00,carrier_portal
EVT01048_booked,SHP01048,booked,2026-05-17T00:00:00,dispatch_tms
EVT01048_pickup_confirmed,SHP01048,pickup_confirmed,2026-05-18T01:00:00,dispatch_tms
EVT01048_in_transit,SHP01048,in_transit,2026-05-19T02:00:00,dispatch_tms
EVT01048_delivered,SHP01048,delivered,2026-05-19T02:00:00,carrier_portal
EVT01049_booked,SHP01049,booked,2026-05-24T03:00:00,dispatch_tms
EVT01049_pickup_confirmed,SHP01049,pickup_confirmed,2026-05-25T04:00:00,dispatch_tms
EVT01049_in_transit,SHP01049,in_transit,2026-05-26T05:00:00,dispatch_tms
EVT01049_delivered,SHP01049,delivered,2026-05-27T06:00:00,carrier_portal
EVT01050_booked,SHP01050,booked,2026-05-31T06:00:00,dispatch_tms
EVT01050_pickup_confirmed,SHP01050,pickup_confirmed,2026-06-01T07:00:00,dispatch_tms
EVT01050_in_transit,SHP01050,in_transit,2026-06-02T08:00:00,dispatch_tms
EVT01050_delivered,SHP01050,delivered,2026-06-04T10:00:00,carrier_portal
EVT01051_booked,SHP01051,booked,2026-06-07T09:00:00,dispatch_tms
EVT01051_pickup_confirmed,SHP01051,pickup_confirmed,2026-06-08T10:00:00,dispatch_tms
EVT01051_in_transit,SHP01051,in_transit,2026-06-09T11:00:00,dispatch_tms
EVT01051_delivered,SHP01051,delivered,2026-06-12T14:00:00,carrier_portal
EVT01052_booked,SHP01052,booked,2026-06-14T12:00:00,dispatch_tms
EVT01052_pickup_confirmed,SHP01052,pickup_confirmed,2026-06-15T13:00:00,dispatch_tms
EVT01052_in_transit,SHP01052,in_transit,2026-06-16T14:00:00,dispatch_tms
EVT01052_delivered,SHP01052,delivered,2026-06-16T14:00:00,carrier_portal
EVT01053_booked,SHP01053,booked,2026-06-21T15:00:00,dispatch_tms
EVT01053_pickup_confirmed,SHP01053,pickup_confirmed,2026-06-22T16:00:00,dispatch_tms
EVT01053_in_transit,SHP01053,in_transit,2026-06-23T17:00:00,dispatch_tms
EVT01053_delivered,SHP01053,delivered,2026-06-24T18:00:00,carrier_portal
EVT01054_booked,SHP01054,booked,2026-06-28T18:00:00,dispatch_tms
EVT01054_pickup_confirmed,SHP01054,pickup_confirmed,2026-06-29T19:00:00,dispatch_tms
EVT01054_in_transit,SHP01054,in_transit,2026-06-30T20:00:00,dispatch_tms
EVT01054_delivered,SHP01054,delivered,2026-07-02T22:00:00,carrier_portal
EVT01055_booked,SHP01055,booked,2026-01-06T21:00:00,dispatch_tms
EVT01055_pickup_confirmed,SHP01055,pickup_confirmed,2026-01-07T22:00:00,dispatch_tms
EVT01055_in_transit,SHP01055,in_transit,2026-01-08T23:00:00,dispatch_tms
EVT01055_delivered,SHP01055,delivered,2026-01-11T02:00:00,carrier_portal
EVT01056_booked,SHP01056,booked,2026-01-13T00:00:00,dispatch_tms
EVT01056_pickup_confirmed,SHP01056,pickup_confirmed,2026-01-14T01:00:00,dispatch_tms
EVT01056_in_transit,SHP01056,in_transit,2026-01-15T02:00:00,dispatch_tms
EVT01056_delivered,SHP01056,delivered,2026-01-15T02:00:00,carrier_portal
EVT01057_booked,SHP01057,booked,2026-01-20T03:00:00,dispatch_tms
EVT01057_pickup_confirmed,SHP01057,pickup_confirmed,2026-01-21T04:00:00,dispatch_tms
EVT01057_in_transit,SHP01057,in_transit,2026-01-22T05:00:00,dispatch_tms
EVT01057_delivered,SHP01057,delivered,2026-01-23T06:00:00,carrier_portal
EVT01058_booked,SHP01058,booked,2026-01-27T06:00:00,dispatch_tms
EVT01058_pickup_confirmed,SHP01058,pickup_confirmed,2026-01-28T07:00:00,dispatch_tms
EVT01058_in_transit,SHP01058,in_transit,2026-01-29T08:00:00,dispatch_tms
EVT01058_delivered,SHP01058,delivered,2026-02-01T11:00:00,carrier_portal
EVT01059_booked,SHP01059,booked,2026-02-03T09:00:00,dispatch_tms
EVT01059_pickup_confirmed,SHP01059,pickup_confirmed,2026-02-04T10:00:00,dispatch_tms
EVT01059_in_transit,SHP01059,in_transit,2026-02-05T11:00:00,dispatch_tms
EVT01059_delivered,SHP01059,delivered,2026-02-08T14:00:00,carrier_portal
EVT01060_booked,SHP01060,booked,2026-02-10T12:00:00,dispatch_tms
EVT01060_pickup_confirmed,SHP01060,pickup_confirmed,2026-02-11T13:00:00,dispatch_tms
EVT01060_in_transit,SHP01060,in_transit,2026-02-12T14:00:00,dispatch_tms
EVT01060_delivered,SHP01060,delivered,2026-02-12T14:00:00,carrier_portal
EVT01061_booked,SHP01061,booked,2026-02-17T15:00:00,dispatch_tms
EVT01061_pickup_confirmed,SHP01061,pickup_confirmed,2026-02-18T16:00:00,dispatch_tms
EVT01061_in_transit,SHP01061,in_transit,2026-02-19T17:00:00,dispatch_tms
EVT01061_delivered,SHP01061,delivered,2026-02-20T18:00:00,carrier_portal
EVT01062_booked,SHP01062,booked,2026-02-24T18:00:00,dispatch_tms
EVT01062_pickup_confirmed,SHP01062,pickup_confirmed,2026-02-25T19:00:00,dispatch_tms
EVT01062_in_transit,SHP01062,in_transit,2026-02-26T20:00:00,dispatch_tms
EVT01062_delivered,SHP01062,delivered,2026-02-28T22:00:00,carrier_portal
EVT01063_booked,SHP01063,booked,2026-03-03T21:00:00,dispatch_tms
EVT01063_pickup_confirmed,SHP01063,pickup_confirmed,2026-03-04T22:00:00,dispatch_tms
EVT01063_in_transit,SHP01063,in_transit,2026-03-05T23:00:00,dispatch_tms
EVT01063_delivered,SHP01063,delivered,2026-03-08T02:00:00,carrier_portal
EVT01064_booked,SHP01064,booked,2026-03-10T00:00:00,dispatch_tms
EVT01064_pickup_confirmed,SHP01064,pickup_confirmed,2026-03-11T01:00:00,dispatch_tms
EVT01064_in_transit,SHP01064,in_transit,2026-03-12T02:00:00,dispatch_tms
EVT01064_delivered,SHP01064,delivered,2026-03-12T02:00:00,carrier_portal
EVT01065_booked,SHP01065,booked,2026-03-17T03:00:00,dispatch_tms
EVT01065_pickup_confirmed,SHP01065,pickup_confirmed,2026-03-18T04:00:00,dispatch_tms
EVT01065_in_transit,SHP01065,in_transit,2026-03-19T05:00:00,dispatch_tms
EVT01065_delivered,SHP01065,delivered,2026-03-20T06:00:00,carrier_portal
EVT01066_booked,SHP01066,booked,2026-03-24T06:00:00,dispatch_tms
EVT01066_pickup_confirmed,SHP01066,pickup_confirmed,2026-03-25T07:00:00,dispatch_tms
EVT01066_in_transit,SHP01066,in_transit,2026-03-26T08:00:00,dispatch_tms
EVT01066_delivered,SHP01066,delivered,2026-03-28T10:00:00,carrier_portal
EVT01067_booked,SHP01067,booked,2026-03-31T09:00:00,dispatch_tms
EVT01067_pickup_confirmed,SHP01067,pickup_confirmed,2026-04-01T10:00:00,dispatch_tms
EVT01067_in_transit,SHP01067,in_transit,2026-04-02T11:00:00,dispatch_tms
EVT01067_delivered,SHP01067,delivered,2026-04-05T14:00:00,carrier_portal
EVT01068_booked,SHP01068,booked,2026-04-07T12:00:00,dispatch_tms
EVT01068_pickup_confirmed,SHP01068,pickup_confirmed,2026-04-08T13:00:00,dispatch_tms
EVT01068_in_transit,SHP01068,in_transit,2026-04-09T14:00:00,dispatch_tms
EVT01068_delivered,SHP01068,delivered,2026-04-09T14:00:00,carrier_portal
EVT01069_booked,SHP01069,booked,2026-04-14T15:00:00,dispatch_tms
EVT01069_pickup_confirmed,SHP01069,pickup_confirmed,2026-04-15T16:00:00,dispatch_tms
EVT01069_in_transit,SHP01069,in_transit,2026-04-16T17:00:00,dispatch_tms
EVT01069_delivered,SHP01069,delivered,2026-04-17T18:00:00,carrier_portal
EVT01070_booked,SHP01070,booked,2026-04-21T18:00:00,dispatch_tms
EVT01070_pickup_confirmed,SHP01070,pickup_confirmed,2026-04-22T19:00:00,dispatch_tms
EVT01070_in_transit,SHP01070,in_transit,2026-04-23T20:00:00,dispatch_tms
EVT01070_delivered,SHP01070,delivered,2026-04-25T22:00:00,carrier_portal
EVT01071_booked,SHP01071,booked,2026-04-28T21:00:00,dispatch_tms
EVT01071_pickup_confirmed,SHP01071,pickup_confirmed,2026-04-29T22:00:00,dispatch_tms
EVT01071_in_transit,SHP01071,in_transit,2026-04-30T23:00:00,dispatch_tms
EVT01071_delivered,SHP01071,delivered,2026-05-03T02:00:00,carrier_portal
EVT01072_booked,SHP01072,booked,2026-05-05T00:00:00,dispatch_tms
EVT01072_pickup_confirmed,SHP01072,pickup_confirmed,2026-05-06T01:00:00,dispatch_tms
EVT01072_in_transit,SHP01072,in_transit,2026-05-07T02:00:00,dispatch_tms
EVT01072_delivered,SHP01072,delivered,2026-05-07T02:00:00,carrier_portal
EVT01073_booked,SHP01073,booked,2026-05-12T03:00:00,dispatch_tms
EVT01073_pickup_confirmed,SHP01073,pickup_confirmed,2026-05-13T04:00:00,dispatch_tms
EVT01073_in_transit,SHP01073,in_transit,2026-05-14T05:00:00,dispatch_tms
EVT01073_delivered,SHP01073,delivered,2026-05-15T06:00:00,carrier_portal
EVT01074_booked,SHP01074,booked,2026-05-19T06:00:00,dispatch_tms
EVT01074_pickup_confirmed,SHP01074,pickup_confirmed,2026-05-20T07:00:00,dispatch_tms
EVT01074_in_transit,SHP01074,in_transit,2026-05-21T08:00:00,dispatch_tms
EVT01074_delivered,SHP01074,delivered,2026-05-23T10:00:00,carrier_portal
EVT01075_booked,SHP01075,booked,2026-05-26T09:00:00,dispatch_tms
EVT01075_pickup_confirmed,SHP01075,pickup_confirmed,2026-05-27T10:00:00,dispatch_tms
EVT01075_in_transit,SHP01075,in_transit,2026-05-28T11:00:00,dispatch_tms
EVT01075_delivered,SHP01075,delivered,2026-05-31T14:00:00,carrier_portal
EVT01076_booked,SHP01076,booked,2026-06-02T12:00:00,dispatch_tms
EVT01076_pickup_confirmed,SHP01076,pickup_confirmed,2026-06-03T13:00:00,dispatch_tms
EVT01076_in_transit,SHP01076,in_transit,2026-06-04T14:00:00,dispatch_tms
EVT01076_delivered,SHP01076,delivered,2026-06-04T14:00:00,carrier_portal
EVT01077_booked,SHP01077,booked,2026-06-09T15:00:00,dispatch_tms
EVT01077_pickup_confirmed,SHP01077,pickup_confirmed,2026-06-10T16:00:00,dispatch_tms
EVT01077_in_transit,SHP01077,in_transit,2026-06-11T17:00:00,dispatch_tms
EVT01077_delivered,SHP01077,delivered,2026-06-12T18:00:00,carrier_portal
EVT01078_booked,SHP01078,booked,2026-06-16T18:00:00,dispatch_tms
EVT01078_pickup_confirmed,SHP01078,pickup_confirmed,2026-06-17T19:00:00,dispatch_tms
EVT01078_in_transit,SHP01078,in_transit,2026-06-18T20:00:00,dispatch_tms
EVT01078_delivered,SHP01078,delivered,2026-06-20T22:00:00,carrier_portal
EVT01079_booked,SHP01079,booked,2026-06-23T21:00:00,dispatch_tms
EVT01079_pickup_confirmed,SHP01079,pickup_confirmed,2026-06-24T22:00:00,dispatch_tms
EVT01079_in_transit,SHP01079,in_transit,2026-06-25T23:00:00,dispatch_tms
EVT01079_delivered,SHP01079,delivered,2026-06-28T02:00:00,carrier_portal
EVT01080_booked,SHP01080,booked,2026-01-01T00:00:00,dispatch_tms
EVT01080_pickup_confirmed,SHP01080,pickup_confirmed,2026-01-02T01:00:00,dispatch_tms
EVT01080_in_transit,SHP01080,in_transit,2026-01-03T02:00:00,dispatch_tms
EVT01080_delivered,SHP01080,delivered,2026-01-03T02:00:00,carrier_portal
EVT01081_booked,SHP01081,booked,2026-01-08T03:00:00,dispatch_tms
EVT01081_pickup_confirmed,SHP01081,pickup_confirmed,2026-01-09T04:00:00,dispatch_tms
EVT01081_in_transit,SHP01081,in_transit,2026-01-10T05:00:00,dispatch_tms
EVT01081_delivered,SHP01081,delivered,2026-01-11T06:00:00,carrier_portal
EVT01082_booked,SHP01082,booked,2026-01-15T06:00:00,dispatch_tms
EVT01082_pickup_confirmed,SHP01082,pickup_confirmed,2026-01-16T07:00:00,dispatch_tms
EVT01082_in_transit,SHP01082,in_transit,2026-01-17T08:00:00,dispatch_tms
EVT01082_delivered,SHP01082,delivered,2026-01-19T10:00:00,carrier_portal
EVT01083_booked,SHP01083,booked,2026-01-22T09:00:00,dispatch_tms
EVT01083_pickup_confirmed,SHP01083,pickup_confirmed,2026-01-23T10:00:00,dispatch_tms
EVT01083_in_transit,SHP01083,in_transit,2026-01-24T11:00:00,dispatch_tms
EVT01083_delivered,SHP01083,delivered,2026-01-27T14:00:00,carrier_portal
EVT01084_booked,SHP01084,booked,2026-01-29T12:00:00,dispatch_tms
EVT01084_pickup_confirmed,SHP01084,pickup_confirmed,2026-01-30T13:00:00,dispatch_tms
EVT01084_in_transit,SHP01084,in_transit,2026-01-31T14:00:00,dispatch_tms
EVT01084_delivered,SHP01084,delivered,2026-01-31T14:00:00,carrier_portal
EVT01085_booked,SHP01085,booked,2026-02-05T15:00:00,dispatch_tms
EVT01085_pickup_confirmed,SHP01085,pickup_confirmed,2026-02-06T16:00:00,dispatch_tms
EVT01085_in_transit,SHP01085,in_transit,2026-02-07T17:00:00,dispatch_tms
EVT01085_delivered,SHP01085,delivered,2026-02-08T18:00:00,carrier_portal
EVT01086_booked,SHP01086,booked,2026-02-12T18:00:00,dispatch_tms
EVT01086_pickup_confirmed,SHP01086,pickup_confirmed,2026-02-13T19:00:00,dispatch_tms
EVT01086_in_transit,SHP01086,in_transit,2026-02-14T20:00:00,dispatch_tms
EVT01086_delivered,SHP01086,delivered,2026-02-16T22:00:00,carrier_portal
EVT01087_booked,SHP01087,booked,2026-02-19T21:00:00,dispatch_tms
EVT01087_pickup_confirmed,SHP01087,pickup_confirmed,2026-02-20T22:00:00,dispatch_tms
EVT01087_in_transit,SHP01087,in_transit,2026-02-21T23:00:00,dispatch_tms
EVT01087_delivered,SHP01087,delivered,2026-02-24T02:00:00,carrier_portal
EVT01088_booked,SHP01088,booked,2026-02-26T00:00:00,dispatch_tms
EVT01088_pickup_confirmed,SHP01088,pickup_confirmed,2026-02-27T01:00:00,dispatch_tms
EVT01088_in_transit,SHP01088,in_transit,2026-02-28T02:00:00,dispatch_tms
EVT01088_delivered,SHP01088,delivered,2026-02-28T02:00:00,carrier_portal
EVT01089_booked,SHP01089,booked,2026-03-05T03:00:00,dispatch_tms
EVT01089_pickup_confirmed,SHP01089,pickup_confirmed,2026-03-06T04:00:00,dispatch_tms
EVT01089_in_transit,SHP01089,in_transit,2026-03-07T05:00:00,dispatch_tms
EVT01089_delivered,SHP01089,delivered,2026-03-08T06:00:00,carrier_portal
EVT01090_booked,SHP01090,booked,2026-03-12T06:00:00,dispatch_tms
EVT01090_pickup_confirmed,SHP01090,pickup_confirmed,2026-03-13T07:00:00,dispatch_tms
EVT01090_in_transit,SHP01090,in_transit,2026-03-14T08:00:00,dispatch_tms
EVT01090_delivered,SHP01090,delivered,2026-03-16T10:00:00,carrier_portal
EVT01091_booked,SHP01091,booked,2026-03-19T09:00:00,dispatch_tms
EVT01091_pickup_confirmed,SHP01091,pickup_confirmed,2026-03-20T10:00:00,dispatch_tms
EVT01091_in_transit,SHP01091,in_transit,2026-03-21T11:00:00,dispatch_tms
EVT01091_delivered,SHP01091,delivered,2026-03-24T14:00:00,carrier_portal
EVT01092_booked,SHP01092,booked,2026-03-26T12:00:00,dispatch_tms
EVT01092_pickup_confirmed,SHP01092,pickup_confirmed,2026-03-27T13:00:00,dispatch_tms
EVT01092_in_transit,SHP01092,in_transit,2026-03-28T14:00:00,dispatch_tms
EVT01092_delivered,SHP01092,delivered,2026-03-28T14:00:00,carrier_portal
EVT01093_booked,SHP01093,booked,2026-04-02T15:00:00,dispatch_tms
EVT01093_pickup_confirmed,SHP01093,pickup_confirmed,2026-04-03T16:00:00,dispatch_tms
EVT01093_in_transit,SHP01093,in_transit,2026-04-04T17:00:00,dispatch_tms
EVT01093_delivered,SHP01093,delivered,2026-04-05T18:00:00,carrier_portal
EVT01094_booked,SHP01094,booked,2026-04-09T18:00:00,dispatch_tms
EVT01094_pickup_confirmed,SHP01094,pickup_confirmed,2026-04-10T19:00:00,dispatch_tms
EVT01094_in_transit,SHP01094,in_transit,2026-04-11T20:00:00,dispatch_tms
EVT01094_delivered,SHP01094,delivered,2026-04-13T22:00:00,carrier_portal
EVT01095_booked,SHP01095,booked,2026-04-16T21:00:00,dispatch_tms
EVT01095_pickup_confirmed,SHP01095,pickup_confirmed,2026-04-17T22:00:00,dispatch_tms
EVT01095_in_transit,SHP01095,in_transit,2026-04-18T23:00:00,dispatch_tms
EVT01095_delivered,SHP01095,delivered,2026-04-21T02:00:00,carrier_portal
EVT01096_booked,SHP01096,booked,2026-04-23T00:00:00,dispatch_tms
EVT01096_pickup_confirmed,SHP01096,pickup_confirmed,2026-04-24T01:00:00,dispatch_tms
EVT01096_in_transit,SHP01096,in_transit,2026-04-25T02:00:00,dispatch_tms
EVT01096_delivered,SHP01096,delivered,2026-04-25T02:00:00,carrier_portal
EVT01097_booked,SHP01097,booked,2026-04-30T03:00:00,dispatch_tms
EVT01097_pickup_confirmed,SHP01097,pickup_confirmed,2026-05-01T04:00:00,dispatch_tms
EVT01097_in_transit,SHP01097,in_transit,2026-05-02T05:00:00,dispatch_tms
EVT01097_delivered,SHP01097,delivered,2026-05-03T06:00:00,carrier_portal
EVT01098_booked,SHP01098,booked,2026-05-07T06:00:00,dispatch_tms
EVT01098_pickup_confirmed,SHP01098,pickup_confirmed,2026-05-08T07:00:00,dispatch_tms
EVT01098_in_transit,SHP01098,in_transit,2026-05-09T08:00:00,dispatch_tms
EVT01098_delivered,SHP01098,delivered,2026-05-11T10:00:00,carrier_portal
EVT01099_booked,SHP01099,booked,2026-05-14T09:00:00,dispatch_tms
EVT01099_pickup_confirmed,SHP01099,pickup_confirmed,2026-05-15T10:00:00,dispatch_tms
EVT01099_in_transit,SHP01099,in_transit,2026-05-16T11:00:00,dispatch_tms
EVT01099_delivered,SHP01099,delivered,2026-05-19T14:00:00,carrier_portal
EVT01100_booked,SHP01100,booked,2026-05-21T12:00:00,dispatch_tms
EVT01100_pickup_confirmed,SHP01100,pickup_confirmed,2026-05-22T13:00:00,dispatch_tms
EVT01100_in_transit,SHP01100,in_transit,2026-05-23T14:00:00,dispatch_tms
EVT01100_delivered,SHP01100,delivered,2026-05-23T14:00:00,carrier_portal
EVT01101_booked,SHP01101,booked,2026-05-28T15:00:00,dispatch_tms
EVT01101_pickup_confirmed,SHP01101,pickup_confirmed,2026-05-29T16:00:00,dispatch_tms
EVT01101_in_transit,SHP01101,in_transit,2026-05-30T17:00:00,dispatch_tms
EVT01101_delivered,SHP01101,delivered,2026-05-31T18:00:00,carrier_portal
EVT01102_booked,SHP01102,booked,2026-06-04T18:00:00,dispatch_tms
EVT01102_pickup_confirmed,SHP01102,pickup_confirmed,2026-06-05T19:00:00,dispatch_tms
EVT01102_in_transit,SHP01102,in_transit,2026-06-06T20:00:00,dispatch_tms
EVT01102_delivered,SHP01102,delivered,2026-06-08T22:00:00,carrier_portal
EVT01103_booked,SHP01103,booked,2026-06-11T21:00:00,dispatch_tms
EVT01103_pickup_confirmed,SHP01103,pickup_confirmed,2026-06-12T22:00:00,dispatch_tms
EVT01103_in_transit,SHP01103,in_transit,2026-06-13T23:00:00,dispatch_tms
EVT01103_delivered,SHP01103,delivered,2026-06-16T02:00:00,carrier_portal
EVT01104_booked,SHP01104,booked,2026-06-18T00:00:00,dispatch_tms
EVT01104_pickup_confirmed,SHP01104,pickup_confirmed,2026-06-19T01:00:00,dispatch_tms
EVT01104_in_transit,SHP01104,in_transit,2026-06-20T02:00:00,dispatch_tms
EVT01104_delivered,SHP01104,delivered,2026-06-20T02:00:00,carrier_portal
EVT01105_booked,SHP01105,booked,2026-06-25T03:00:00,dispatch_tms
EVT01105_pickup_confirmed,SHP01105,pickup_confirmed,2026-06-26T04:00:00,dispatch_tms
EVT01105_in_transit,SHP01105,in_transit,2026-06-27T05:00:00,dispatch_tms
EVT01105_delivered,SHP01105,delivered,2026-06-28T06:00:00,carrier_portal
EVT01106_booked,SHP01106,booked,2026-01-03T06:00:00,dispatch_tms
EVT01106_pickup_confirmed,SHP01106,pickup_confirmed,2026-01-04T07:00:00,dispatch_tms
EVT01106_in_transit,SHP01106,in_transit,2026-01-05T08:00:00,dispatch_tms
EVT01106_delivered,SHP01106,delivered,2026-01-07T10:00:00,carrier_portal
EVT01107_booked,SHP01107,booked,2026-01-10T09:00:00,dispatch_tms
EVT01107_pickup_confirmed,SHP01107,pickup_confirmed,2026-01-11T10:00:00,dispatch_tms
EVT01107_in_transit,SHP01107,in_transit,2026-01-12T11:00:00,dispatch_tms
EVT01107_delivered,SHP01107,delivered,2026-01-15T14:00:00,carrier_portal
EVT01108_booked,SHP01108,booked,2026-01-17T12:00:00,dispatch_tms
EVT01108_pickup_confirmed,SHP01108,pickup_confirmed,2026-01-18T13:00:00,dispatch_tms
EVT01108_in_transit,SHP01108,in_transit,2026-01-19T14:00:00,dispatch_tms
EVT01108_delivered,SHP01108,delivered,2026-01-19T14:00:00,carrier_portal
EVT01109_booked,SHP01109,booked,2026-01-24T15:00:00,dispatch_tms
EVT01109_pickup_confirmed,SHP01109,pickup_confirmed,2026-01-25T16:00:00,dispatch_tms
EVT01109_in_transit,SHP01109,in_transit,2026-01-26T17:00:00,dispatch_tms
EVT01109_delivered,SHP01109,delivered,2026-01-27T18:00:00,carrier_portal
EVT01110_booked,SHP01110,booked,2026-01-31T18:00:00,dispatch_tms
EVT01110_pickup_confirmed,SHP01110,pickup_confirmed,2026-02-01T19:00:00,dispatch_tms
EVT01110_in_transit,SHP01110,in_transit,2026-02-02T20:00:00,dispatch_tms
EVT01110_delivered,SHP01110,delivered,2026-02-04T22:00:00,carrier_portal
EVT01111_booked,SHP01111,booked,2026-02-07T21:00:00,dispatch_tms
EVT01111_pickup_confirmed,SHP01111,pickup_confirmed,2026-02-08T22:00:00,dispatch_tms
EVT01111_in_transit,SHP01111,in_transit,2026-02-09T23:00:00,dispatch_tms
EVT01111_delivered,SHP01111,delivered,2026-02-12T02:00:00,carrier_portal
EVT01112_booked,SHP01112,booked,2026-02-14T00:00:00,dispatch_tms
EVT01112_pickup_confirmed,SHP01112,pickup_confirmed,2026-02-15T01:00:00,dispatch_tms
EVT01112_in_transit,SHP01112,in_transit,2026-02-16T02:00:00,dispatch_tms
EVT01112_delivered,SHP01112,delivered,2026-02-16T02:00:00,carrier_portal
EVT01113_booked,SHP01113,booked,2026-02-21T03:00:00,dispatch_tms
EVT01113_pickup_confirmed,SHP01113,pickup_confirmed,2026-02-22T04:00:00,dispatch_tms
EVT01113_in_transit,SHP01113,in_transit,2026-02-23T05:00:00,dispatch_tms
EVT01113_delivered,SHP01113,delivered,2026-02-24T06:00:00,carrier_portal
EVT01114_booked,SHP01114,booked,2026-02-28T06:00:00,dispatch_tms
EVT01114_pickup_confirmed,SHP01114,pickup_confirmed,2026-03-01T07:00:00,dispatch_tms
EVT01114_in_transit,SHP01114,in_transit,2026-03-02T08:00:00,dispatch_tms
EVT01114_delivered,SHP01114,delivered,2026-03-04T10:00:00,carrier_portal
EVT01115_booked,SHP01115,booked,2026-03-07T09:00:00,dispatch_tms
EVT01115_pickup_confirmed,SHP01115,pickup_confirmed,2026-03-08T10:00:00,dispatch_tms
EVT01115_in_transit,SHP01115,in_transit,2026-03-09T11:00:00,dispatch_tms
EVT01115_delivered,SHP01115,delivered,2026-03-12T14:00:00,carrier_portal
EVT01116_booked,SHP01116,booked,2026-03-14T12:00:00,dispatch_tms
EVT01116_pickup_confirmed,SHP01116,pickup_confirmed,2026-03-15T13:00:00,dispatch_tms
EVT01116_in_transit,SHP01116,in_transit,2026-03-16T14:00:00,dispatch_tms
EVT01116_delivered,SHP01116,delivered,2026-03-16T14:00:00,carrier_portal
EVT01117_booked,SHP01117,booked,2026-03-21T15:00:00,dispatch_tms
EVT01117_pickup_confirmed,SHP01117,pickup_confirmed,2026-03-22T16:00:00,dispatch_tms
EVT01117_in_transit,SHP01117,in_transit,2026-03-23T17:00:00,dispatch_tms
EVT01117_delivered,SHP01117,delivered,2026-03-24T18:00:00,carrier_portal
EVT01118_booked,SHP01118,booked,2026-03-28T18:00:00,dispatch_tms
EVT01118_pickup_confirmed,SHP01118,pickup_confirmed,2026-03-29T19:00:00,dispatch_tms
EVT01118_in_transit,SHP01118,in_transit,2026-03-30T20:00:00,dispatch_tms
EVT01118_delivered,SHP01118,delivered,2026-04-01T22:00:00,carrier_portal
EVT01119_booked,SHP01119,booked,2026-04-04T21:00:00,dispatch_tms
EVT01119_pickup_confirmed,SHP01119,pickup_confirmed,2026-04-05T22:00:00,dispatch_tms
EVT01119_in_transit,SHP01119,in_transit,2026-04-06T23:00:00,dispatch_tms
EVT01119_delivered,SHP01119,delivered,2026-04-10T03:00:00,carrier_portal
EVT01120_booked,SHP01120,booked,2026-04-11T00:00:00,dispatch_tms
EVT01120_pickup_confirmed,SHP01120,pickup_confirmed,2026-04-12T01:00:00,dispatch_tms
EVT01120_in_transit,SHP01120,in_transit,2026-04-13T02:00:00,dispatch_tms
EVT01120_delivered,SHP01120,delivered,2026-04-13T02:00:00,carrier_portal
EVT01121_booked,SHP01121,booked,2026-04-18T03:00:00,dispatch_tms
EVT01121_pickup_confirmed,SHP01121,pickup_confirmed,2026-04-19T04:00:00,dispatch_tms
EVT01121_in_transit,SHP01121,in_transit,2026-04-20T05:00:00,dispatch_tms
EVT01121_delivered,SHP01121,delivered,2026-04-21T06:00:00,carrier_portal
EVT01122_booked,SHP01122,booked,2026-04-25T06:00:00,dispatch_tms
EVT01122_pickup_confirmed,SHP01122,pickup_confirmed,2026-04-26T07:00:00,dispatch_tms
EVT01122_in_transit,SHP01122,in_transit,2026-04-27T08:00:00,dispatch_tms
EVT01122_delivered,SHP01122,delivered,2026-04-29T10:00:00,carrier_portal
EVT01123_booked,SHP01123,booked,2026-05-02T09:00:00,dispatch_tms
EVT01123_pickup_confirmed,SHP01123,pickup_confirmed,2026-05-03T10:00:00,dispatch_tms
EVT01123_in_transit,SHP01123,in_transit,2026-05-04T11:00:00,dispatch_tms
EVT01123_delivered,SHP01123,delivered,2026-05-07T14:00:00,carrier_portal
EVT01124_booked,SHP01124,booked,2026-05-09T12:00:00,dispatch_tms
EVT01124_pickup_confirmed,SHP01124,pickup_confirmed,2026-05-10T13:00:00,dispatch_tms
EVT01124_in_transit,SHP01124,in_transit,2026-05-11T14:00:00,dispatch_tms
EVT01124_delivered,SHP01124,delivered,2026-05-11T14:00:00,carrier_portal
EVT01125_booked,SHP01125,booked,2026-05-16T15:00:00,dispatch_tms
EVT01125_pickup_confirmed,SHP01125,pickup_confirmed,2026-05-17T16:00:00,dispatch_tms
EVT01125_in_transit,SHP01125,in_transit,2026-05-18T17:00:00,dispatch_tms
EVT01125_delivered,SHP01125,delivered,2026-05-19T18:00:00,carrier_portal
EVT01126_booked,SHP01126,booked,2026-05-23T18:00:00,dispatch_tms
EVT01126_pickup_confirmed,SHP01126,pickup_confirmed,2026-05-24T19:00:00,dispatch_tms
EVT01126_in_transit,SHP01126,in_transit,2026-05-25T20:00:00,dispatch_tms
EVT01126_delivered,SHP01126,delivered,2026-05-27T22:00:00,carrier_portal
EVT01127_booked,SHP01127,booked,2026-05-30T21:00:00,dispatch_tms
EVT01127_pickup_confirmed,SHP01127,pickup_confirmed,2026-05-31T22:00:00,dispatch_tms
EVT01127_in_transit,SHP01127,in_transit,2026-06-01T23:00:00,dispatch_tms
EVT01127_delivered,SHP01127,delivered,2026-06-05T03:00:00,carrier_portal
EVT01128_booked,SHP01128,booked,2026-06-06T00:00:00,dispatch_tms
EVT01128_pickup_confirmed,SHP01128,pickup_confirmed,2026-06-07T01:00:00,dispatch_tms
EVT01128_in_transit,SHP01128,in_transit,2026-06-08T02:00:00,dispatch_tms
EVT01128_delivered,SHP01128,delivered,2026-06-08T02:00:00,carrier_portal
EVT01129_booked,SHP01129,booked,2026-06-13T03:00:00,dispatch_tms
EVT01129_pickup_confirmed,SHP01129,pickup_confirmed,2026-06-14T04:00:00,dispatch_tms
EVT01129_in_transit,SHP01129,in_transit,2026-06-15T05:00:00,dispatch_tms
EVT01129_delivered,SHP01129,delivered,2026-06-16T06:00:00,carrier_portal
EVT01130_booked,SHP01130,booked,2026-06-20T06:00:00,dispatch_tms
EVT01130_pickup_confirmed,SHP01130,pickup_confirmed,2026-06-21T07:00:00,dispatch_tms
EVT01130_in_transit,SHP01130,in_transit,2026-06-22T08:00:00,dispatch_tms
EVT01130_delivered,SHP01130,delivered,2026-06-24T10:00:00,carrier_portal
EVT01131_booked,SHP01131,booked,2026-06-27T09:00:00,dispatch_tms
EVT01131_pickup_confirmed,SHP01131,pickup_confirmed,2026-06-28T10:00:00,dispatch_tms
EVT01131_in_transit,SHP01131,in_transit,2026-06-29T11:00:00,dispatch_tms
EVT01131_delivered,SHP01131,delivered,2026-07-02T14:00:00,carrier_portal
EVT01132_booked,SHP01132,booked,2026-01-05T12:00:00,dispatch_tms
EVT01132_pickup_confirmed,SHP01132,pickup_confirmed,2026-01-06T13:00:00,dispatch_tms
EVT01132_in_transit,SHP01132,in_transit,2026-01-07T14:00:00,dispatch_tms
EVT01132_delivered,SHP01132,delivered,2026-01-07T14:00:00,carrier_portal
EVT01133_booked,SHP01133,booked,2026-01-12T15:00:00,dispatch_tms
EVT01133_pickup_confirmed,SHP01133,pickup_confirmed,2026-01-13T16:00:00,dispatch_tms
EVT01133_in_transit,SHP01133,in_transit,2026-01-14T17:00:00,dispatch_tms
EVT01133_delivered,SHP01133,delivered,2026-01-15T18:00:00,carrier_portal
EVT01134_booked,SHP01134,booked,2026-01-19T18:00:00,dispatch_tms
EVT01134_pickup_confirmed,SHP01134,pickup_confirmed,2026-01-20T19:00:00,dispatch_tms
EVT01134_in_transit,SHP01134,in_transit,2026-01-21T20:00:00,dispatch_tms
EVT01134_delivered,SHP01134,delivered,2026-01-23T22:00:00,carrier_portal
EVT01135_booked,SHP01135,booked,2026-01-26T21:00:00,dispatch_tms
EVT01135_pickup_confirmed,SHP01135,pickup_confirmed,2026-01-27T22:00:00,dispatch_tms
EVT01135_in_transit,SHP01135,in_transit,2026-01-28T23:00:00,dispatch_tms
EVT01135_delivered,SHP01135,delivered,2026-01-31T02:00:00,carrier_portal
EVT01136_booked,SHP01136,booked,2026-02-02T00:00:00,dispatch_tms
EVT01136_pickup_confirmed,SHP01136,pickup_confirmed,2026-02-03T01:00:00,dispatch_tms
EVT01136_in_transit,SHP01136,in_transit,2026-02-04T02:00:00,dispatch_tms
EVT01136_delivered,SHP01136,delivered,2026-02-05T03:00:00,carrier_portal
EVT01137_booked,SHP01137,booked,2026-02-09T03:00:00,dispatch_tms
EVT01137_pickup_confirmed,SHP01137,pickup_confirmed,2026-02-10T04:00:00,dispatch_tms
EVT01137_in_transit,SHP01137,in_transit,2026-02-11T05:00:00,dispatch_tms
EVT01137_delivered,SHP01137,delivered,2026-02-12T06:00:00,carrier_portal
EVT01138_booked,SHP01138,booked,2026-02-16T06:00:00,dispatch_tms
EVT01138_pickup_confirmed,SHP01138,pickup_confirmed,2026-02-17T07:00:00,dispatch_tms
EVT01138_in_transit,SHP01138,in_transit,2026-02-18T08:00:00,dispatch_tms
EVT01138_delivered,SHP01138,delivered,2026-02-20T10:00:00,carrier_portal
EVT01139_booked,SHP01139,booked,2026-02-23T09:00:00,dispatch_tms
EVT01139_pickup_confirmed,SHP01139,pickup_confirmed,2026-02-24T10:00:00,dispatch_tms
EVT01139_in_transit,SHP01139,in_transit,2026-02-25T11:00:00,dispatch_tms
EVT01139_delivered,SHP01139,delivered,2026-02-28T14:00:00,carrier_portal
EVT01140_booked,SHP01140,booked,2026-03-02T12:00:00,dispatch_tms
EVT01140_pickup_confirmed,SHP01140,pickup_confirmed,2026-03-03T13:00:00,dispatch_tms
EVT01140_in_transit,SHP01140,in_transit,2026-03-04T14:00:00,dispatch_tms
EVT01140_delivered,SHP01140,delivered,2026-03-04T14:00:00,carrier_portal
EVT01141_booked,SHP01141,booked,2026-03-09T15:00:00,dispatch_tms
EVT01141_pickup_confirmed,SHP01141,pickup_confirmed,2026-03-10T16:00:00,dispatch_tms
EVT01141_in_transit,SHP01141,in_transit,2026-03-11T17:00:00,dispatch_tms
EVT01141_delivered,SHP01141,delivered,2026-03-12T18:00:00,carrier_portal
EVT01142_booked,SHP01142,booked,2026-03-16T18:00:00,dispatch_tms
EVT01142_pickup_confirmed,SHP01142,pickup_confirmed,2026-03-17T19:00:00,dispatch_tms
EVT01142_in_transit,SHP01142,in_transit,2026-03-18T20:00:00,dispatch_tms
EVT01142_delivered,SHP01142,delivered,2026-03-20T22:00:00,carrier_portal
EVT01143_booked,SHP01143,booked,2026-03-23T21:00:00,dispatch_tms
EVT01143_pickup_confirmed,SHP01143,pickup_confirmed,2026-03-24T22:00:00,dispatch_tms
EVT01143_in_transit,SHP01143,in_transit,2026-03-25T23:00:00,dispatch_tms
EVT01143_delivered,SHP01143,delivered,2026-03-28T02:00:00,carrier_portal
EVT01144_booked,SHP01144,booked,2026-03-30T00:00:00,dispatch_tms
EVT01144_pickup_confirmed,SHP01144,pickup_confirmed,2026-03-31T01:00:00,dispatch_tms
EVT01144_in_transit,SHP01144,in_transit,2026-04-01T02:00:00,dispatch_tms
EVT01144_delivered,SHP01144,delivered,2026-04-01T02:00:00,carrier_portal
EVT01145_booked,SHP01145,booked,2026-04-06T03:00:00,dispatch_tms
EVT01145_pickup_confirmed,SHP01145,pickup_confirmed,2026-04-07T04:00:00,dispatch_tms
EVT01145_in_transit,SHP01145,in_transit,2026-04-08T05:00:00,dispatch_tms
EVT01145_delivered,SHP01145,delivered,2026-04-09T06:00:00,carrier_portal
EVT01146_booked,SHP01146,booked,2026-04-13T06:00:00,dispatch_tms
EVT01146_pickup_confirmed,SHP01146,pickup_confirmed,2026-04-14T07:00:00,dispatch_tms
EVT01146_in_transit,SHP01146,in_transit,2026-04-15T08:00:00,dispatch_tms
EVT01146_delivered,SHP01146,delivered,2026-04-17T10:00:00,carrier_portal
EVT01147_booked,SHP01147,booked,2026-04-20T09:00:00,dispatch_tms
EVT01147_pickup_confirmed,SHP01147,pickup_confirmed,2026-04-21T10:00:00,dispatch_tms
EVT01147_in_transit,SHP01147,in_transit,2026-04-22T11:00:00,dispatch_tms
EVT01147_delivered,SHP01147,delivered,2026-04-25T14:00:00,carrier_portal
EVT01148_booked,SHP01148,booked,2026-04-27T12:00:00,dispatch_tms
EVT01148_pickup_confirmed,SHP01148,pickup_confirmed,2026-04-28T13:00:00,dispatch_tms
EVT01148_in_transit,SHP01148,in_transit,2026-04-29T14:00:00,dispatch_tms
EVT01148_delivered,SHP01148,delivered,2026-04-29T14:00:00,carrier_portal
EVT01149_booked,SHP01149,booked,2026-05-04T15:00:00,dispatch_tms
EVT01149_pickup_confirmed,SHP01149,pickup_confirmed,2026-05-05T16:00:00,dispatch_tms
EVT01149_in_transit,SHP01149,in_transit,2026-05-06T17:00:00,dispatch_tms
EVT01149_delivered,SHP01149,delivered,2026-05-07T18:00:00,carrier_portal
EVT01150_booked,SHP01150,booked,2026-05-11T18:00:00,dispatch_tms
EVT01150_pickup_confirmed,SHP01150,pickup_confirmed,2026-05-12T19:00:00,dispatch_tms
EVT01150_in_transit,SHP01150,in_transit,2026-05-13T20:00:00,dispatch_tms
EVT01150_delivered,SHP01150,delivered,2026-05-15T22:00:00,carrier_portal
EVT01151_booked,SHP01151,booked,2026-05-18T21:00:00,dispatch_tms
EVT01151_pickup_confirmed,SHP01151,pickup_confirmed,2026-05-19T22:00:00,dispatch_tms
EVT01151_in_transit,SHP01151,in_transit,2026-05-20T23:00:00,dispatch_tms
EVT01151_delivered,SHP01151,delivered,2026-05-23T02:00:00,carrier_portal
EVT01152_booked,SHP01152,booked,2026-05-25T00:00:00,dispatch_tms
EVT01152_pickup_confirmed,SHP01152,pickup_confirmed,2026-05-26T01:00:00,dispatch_tms
EVT01152_in_transit,SHP01152,in_transit,2026-05-27T02:00:00,dispatch_tms
EVT01152_delivered,SHP01152,delivered,2026-05-27T02:00:00,carrier_portal
EVT01153_booked,SHP01153,booked,2026-06-01T03:00:00,dispatch_tms
EVT01153_pickup_confirmed,SHP01153,pickup_confirmed,2026-06-02T04:00:00,dispatch_tms
EVT01153_in_transit,SHP01153,in_transit,2026-06-03T05:00:00,dispatch_tms
EVT01153_delivered,SHP01153,delivered,2026-06-04T06:00:00,carrier_portal
EVT01154_booked,SHP01154,booked,2026-06-08T06:00:00,dispatch_tms
EVT01154_pickup_confirmed,SHP01154,pickup_confirmed,2026-06-09T07:00:00,dispatch_tms
EVT01154_in_transit,SHP01154,in_transit,2026-06-10T08:00:00,dispatch_tms
EVT01154_delivered,SHP01154,delivered,2026-06-13T11:00:00,carrier_portal
EVT01155_booked,SHP01155,booked,2026-06-15T09:00:00,dispatch_tms
EVT01155_pickup_confirmed,SHP01155,pickup_confirmed,2026-06-16T10:00:00,dispatch_tms
EVT01155_in_transit,SHP01155,in_transit,2026-06-17T11:00:00,dispatch_tms
EVT01155_delivered,SHP01155,delivered,2026-06-20T14:00:00,carrier_portal
EVT01156_booked,SHP01156,booked,2026-06-22T12:00:00,dispatch_tms
EVT01156_pickup_confirmed,SHP01156,pickup_confirmed,2026-06-23T13:00:00,dispatch_tms
EVT01156_in_transit,SHP01156,in_transit,2026-06-24T14:00:00,dispatch_tms
EVT01156_delivered,SHP01156,delivered,2026-06-24T14:00:00,carrier_portal
EVT01157_booked,SHP01157,booked,2026-06-29T15:00:00,dispatch_tms
EVT01157_pickup_confirmed,SHP01157,pickup_confirmed,2026-06-30T16:00:00,dispatch_tms
EVT01157_in_transit,SHP01157,in_transit,2026-07-01T17:00:00,dispatch_tms
EVT01157_delivered,SHP01157,delivered,2026-07-02T18:00:00,carrier_portal
EVT01158_booked,SHP01158,booked,2026-01-07T18:00:00,dispatch_tms
EVT01158_pickup_confirmed,SHP01158,pickup_confirmed,2026-01-08T19:00:00,dispatch_tms
EVT01158_in_transit,SHP01158,in_transit,2026-01-09T20:00:00,dispatch_tms
EVT01158_delivered,SHP01158,delivered,2026-01-11T22:00:00,carrier_portal
EVT01159_booked,SHP01159,booked,2026-01-14T21:00:00,dispatch_tms
EVT01159_pickup_confirmed,SHP01159,pickup_confirmed,2026-01-15T22:00:00,dispatch_tms
EVT01159_in_transit,SHP01159,in_transit,2026-01-16T23:00:00,dispatch_tms
EVT01159_delivered,SHP01159,delivered,2026-01-20T03:00:00,carrier_portal
EVT01160_booked,SHP01160,booked,2026-01-21T00:00:00,dispatch_tms
EVT01160_pickup_confirmed,SHP01160,pickup_confirmed,2026-01-22T01:00:00,dispatch_tms
EVT01160_in_transit,SHP01160,in_transit,2026-01-23T02:00:00,dispatch_tms
EVT01160_delivered,SHP01160,delivered,2026-01-23T02:00:00,carrier_portal
EVT01161_booked,SHP01161,booked,2026-01-28T03:00:00,dispatch_tms
EVT01161_pickup_confirmed,SHP01161,pickup_confirmed,2026-01-29T04:00:00,dispatch_tms
EVT01161_in_transit,SHP01161,in_transit,2026-01-30T05:00:00,dispatch_tms
EVT01161_delivered,SHP01161,delivered,2026-01-31T06:00:00,carrier_portal
EVT01162_booked,SHP01162,booked,2026-02-04T06:00:00,dispatch_tms
EVT01162_pickup_confirmed,SHP01162,pickup_confirmed,2026-02-05T07:00:00,dispatch_tms
EVT01162_in_transit,SHP01162,in_transit,2026-02-06T08:00:00,dispatch_tms
EVT01162_delivered,SHP01162,delivered,2026-02-08T10:00:00,carrier_portal
EVT01163_booked,SHP01163,booked,2026-02-11T09:00:00,dispatch_tms
EVT01163_pickup_confirmed,SHP01163,pickup_confirmed,2026-02-12T10:00:00,dispatch_tms
EVT01163_in_transit,SHP01163,in_transit,2026-02-13T11:00:00,dispatch_tms
EVT01163_delivered,SHP01163,delivered,2026-02-17T15:00:00,carrier_portal
EVT01164_booked,SHP01164,booked,2026-02-18T12:00:00,dispatch_tms
EVT01164_pickup_confirmed,SHP01164,pickup_confirmed,2026-02-19T13:00:00,dispatch_tms
EVT01164_in_transit,SHP01164,in_transit,2026-02-20T14:00:00,dispatch_tms
EVT01164_delivered,SHP01164,delivered,2026-02-20T14:00:00,carrier_portal
EVT01165_booked,SHP01165,booked,2026-02-25T15:00:00,dispatch_tms
EVT01165_pickup_confirmed,SHP01165,pickup_confirmed,2026-02-26T16:00:00,dispatch_tms
EVT01165_in_transit,SHP01165,in_transit,2026-02-27T17:00:00,dispatch_tms
EVT01165_delivered,SHP01165,delivered,2026-02-28T18:00:00,carrier_portal
EVT01166_booked,SHP01166,booked,2026-03-04T18:00:00,dispatch_tms
EVT01166_pickup_confirmed,SHP01166,pickup_confirmed,2026-03-05T19:00:00,dispatch_tms
EVT01166_in_transit,SHP01166,in_transit,2026-03-06T20:00:00,dispatch_tms
EVT01166_delivered,SHP01166,delivered,2026-03-09T23:00:00,carrier_portal
EVT01167_booked,SHP01167,booked,2026-03-11T21:00:00,dispatch_tms
EVT01167_pickup_confirmed,SHP01167,pickup_confirmed,2026-03-12T22:00:00,dispatch_tms
EVT01167_in_transit,SHP01167,in_transit,2026-03-13T23:00:00,dispatch_tms
EVT01167_delivered,SHP01167,delivered,2026-03-16T02:00:00,carrier_portal
EVT01168_booked,SHP01168,booked,2026-03-18T00:00:00,dispatch_tms
EVT01168_pickup_confirmed,SHP01168,pickup_confirmed,2026-03-19T01:00:00,dispatch_tms
EVT01168_in_transit,SHP01168,in_transit,2026-03-20T02:00:00,dispatch_tms
EVT01168_delivered,SHP01168,delivered,2026-03-20T02:00:00,carrier_portal
EVT01169_booked,SHP01169,booked,2026-03-25T03:00:00,dispatch_tms
EVT01169_pickup_confirmed,SHP01169,pickup_confirmed,2026-03-26T04:00:00,dispatch_tms
EVT01169_in_transit,SHP01169,in_transit,2026-03-27T05:00:00,dispatch_tms
EVT01169_delivered,SHP01169,delivered,2026-03-28T06:00:00,carrier_portal
EVT01170_booked,SHP01170,booked,2026-04-01T06:00:00,dispatch_tms
EVT01170_pickup_confirmed,SHP01170,pickup_confirmed,2026-04-02T07:00:00,dispatch_tms
EVT01170_in_transit,SHP01170,in_transit,2026-04-03T08:00:00,dispatch_tms
EVT01170_delivered,SHP01170,delivered,2026-04-05T10:00:00,carrier_portal
EVT01171_booked,SHP01171,booked,2026-04-08T09:00:00,dispatch_tms
EVT01171_pickup_confirmed,SHP01171,pickup_confirmed,2026-04-09T10:00:00,dispatch_tms
EVT01171_in_transit,SHP01171,in_transit,2026-04-10T11:00:00,dispatch_tms
EVT01171_delivered,SHP01171,delivered,2026-04-13T14:00:00,carrier_portal
EVT01172_booked,SHP01172,booked,2026-04-15T12:00:00,dispatch_tms
EVT01172_pickup_confirmed,SHP01172,pickup_confirmed,2026-04-16T13:00:00,dispatch_tms
EVT01172_in_transit,SHP01172,in_transit,2026-04-17T14:00:00,dispatch_tms
EVT01172_delivered,SHP01172,delivered,2026-04-17T14:00:00,carrier_portal
EVT01173_booked,SHP01173,booked,2026-04-22T15:00:00,dispatch_tms
EVT01173_pickup_confirmed,SHP01173,pickup_confirmed,2026-04-23T16:00:00,dispatch_tms
EVT01173_in_transit,SHP01173,in_transit,2026-04-24T17:00:00,dispatch_tms
EVT01173_delivered,SHP01173,delivered,2026-04-25T18:00:00,carrier_portal
EVT01174_booked,SHP01174,booked,2026-04-29T18:00:00,dispatch_tms
EVT01174_pickup_confirmed,SHP01174,pickup_confirmed,2026-04-30T19:00:00,dispatch_tms
EVT01174_in_transit,SHP01174,in_transit,2026-05-01T20:00:00,dispatch_tms
EVT01174_delivered,SHP01174,delivered,2026-05-03T22:00:00,carrier_portal
EVT01175_booked,SHP01175,booked,2026-05-06T21:00:00,dispatch_tms
EVT01175_pickup_confirmed,SHP01175,pickup_confirmed,2026-05-07T22:00:00,dispatch_tms
EVT01175_in_transit,SHP01175,in_transit,2026-05-08T23:00:00,dispatch_tms
EVT01175_delivered,SHP01175,delivered,2026-05-11T02:00:00,carrier_portal
EVT01176_booked,SHP01176,booked,2026-05-13T00:00:00,dispatch_tms
EVT01176_pickup_confirmed,SHP01176,pickup_confirmed,2026-05-14T01:00:00,dispatch_tms
EVT01176_in_transit,SHP01176,in_transit,2026-05-15T02:00:00,dispatch_tms
EVT01176_delivered,SHP01176,delivered,2026-05-15T02:00:00,carrier_portal
EVT01177_booked,SHP01177,booked,2026-05-20T03:00:00,dispatch_tms
EVT01177_pickup_confirmed,SHP01177,pickup_confirmed,2026-05-21T04:00:00,dispatch_tms
EVT01177_in_transit,SHP01177,in_transit,2026-05-22T05:00:00,dispatch_tms
EVT01177_delivered,SHP01177,delivered,2026-05-23T06:00:00,carrier_portal
EVT01178_booked,SHP01178,booked,2026-05-27T06:00:00,dispatch_tms
EVT01178_pickup_confirmed,SHP01178,pickup_confirmed,2026-05-28T07:00:00,dispatch_tms
EVT01178_in_transit,SHP01178,in_transit,2026-05-29T08:00:00,dispatch_tms
EVT01178_delivered,SHP01178,delivered,2026-05-31T10:00:00,carrier_portal
EVT01179_booked,SHP01179,booked,2026-06-03T09:00:00,dispatch_tms
EVT01179_pickup_confirmed,SHP01179,pickup_confirmed,2026-06-04T10:00:00,dispatch_tms
EVT01179_in_transit,SHP01179,in_transit,2026-06-05T11:00:00,dispatch_tms
EVT01179_delivered,SHP01179,delivered,2026-06-08T14:00:00,carrier_portal
EVT01180_booked,SHP01180,booked,2026-06-10T12:00:00,dispatch_tms
EVT01180_pickup_confirmed,SHP01180,pickup_confirmed,2026-06-11T13:00:00,dispatch_tms
EVT01180_in_transit,SHP01180,in_transit,2026-06-12T14:00:00,dispatch_tms
EVT01180_delivered,SHP01180,delivered,2026-06-12T14:00:00,carrier_portal
EVT01181_booked,SHP01181,booked,2026-06-17T15:00:00,dispatch_tms
EVT01181_pickup_confirmed,SHP01181,pickup_confirmed,2026-06-18T16:00:00,dispatch_tms
EVT01181_in_transit,SHP01181,in_transit,2026-06-19T17:00:00,dispatch_tms
EVT01181_delivered,SHP01181,delivered,2026-06-21T19:00:00,carrier_portal
EVT01182_booked,SHP01182,booked,2026-06-24T18:00:00,dispatch_tms
EVT01182_pickup_confirmed,SHP01182,pickup_confirmed,2026-06-25T19:00:00,dispatch_tms
EVT01182_in_transit,SHP01182,in_transit,2026-06-26T20:00:00,dispatch_tms
EVT01182_delivered,SHP01182,delivered,2026-06-28T22:00:00,carrier_portal
EVT01183_booked,SHP01183,booked,2026-01-02T21:00:00,dispatch_tms
EVT01183_pickup_confirmed,SHP01183,pickup_confirmed,2026-01-03T22:00:00,dispatch_tms
EVT01183_in_transit,SHP01183,in_transit,2026-01-04T23:00:00,dispatch_tms
EVT01183_delivered,SHP01183,delivered,2026-01-07T02:00:00,carrier_portal
EVT01184_booked,SHP01184,booked,2026-01-09T00:00:00,dispatch_tms
EVT01184_pickup_confirmed,SHP01184,pickup_confirmed,2026-01-10T01:00:00,dispatch_tms
EVT01184_in_transit,SHP01184,in_transit,2026-01-11T02:00:00,dispatch_tms
EVT01184_delivered,SHP01184,delivered,2026-01-11T02:00:00,carrier_portal
EVT01185_booked,SHP01185,booked,2026-01-16T03:00:00,dispatch_tms
EVT01185_pickup_confirmed,SHP01185,pickup_confirmed,2026-01-17T04:00:00,dispatch_tms
EVT01185_in_transit,SHP01185,in_transit,2026-01-18T05:00:00,dispatch_tms
EVT01185_delivered,SHP01185,delivered,2026-01-19T06:00:00,carrier_portal
EVT01186_booked,SHP01186,booked,2026-01-23T06:00:00,dispatch_tms
EVT01186_pickup_confirmed,SHP01186,pickup_confirmed,2026-01-24T07:00:00,dispatch_tms
EVT01186_in_transit,SHP01186,in_transit,2026-01-25T08:00:00,dispatch_tms
EVT01186_delivered,SHP01186,delivered,2026-01-27T10:00:00,carrier_portal
EVT01187_booked,SHP01187,booked,2026-01-30T09:00:00,dispatch_tms
EVT01187_pickup_confirmed,SHP01187,pickup_confirmed,2026-01-31T10:00:00,dispatch_tms
EVT01187_in_transit,SHP01187,in_transit,2026-02-01T11:00:00,dispatch_tms
EVT01187_delivered,SHP01187,delivered,2026-02-04T14:00:00,carrier_portal
EVT01188_booked,SHP01188,booked,2026-02-06T12:00:00,dispatch_tms
EVT01188_pickup_confirmed,SHP01188,pickup_confirmed,2026-02-07T13:00:00,dispatch_tms
EVT01188_in_transit,SHP01188,in_transit,2026-02-08T14:00:00,dispatch_tms
EVT01188_delivered,SHP01188,delivered,2026-02-09T15:00:00,carrier_portal
EVT01189_booked,SHP01189,booked,2026-02-13T15:00:00,dispatch_tms
EVT01189_pickup_confirmed,SHP01189,pickup_confirmed,2026-02-14T16:00:00,dispatch_tms
EVT01189_in_transit,SHP01189,in_transit,2026-02-15T17:00:00,dispatch_tms
EVT01189_delivered,SHP01189,delivered,2026-02-16T18:00:00,carrier_portal
EVT01190_booked,SHP01190,booked,2026-02-20T18:00:00,dispatch_tms
EVT01190_pickup_confirmed,SHP01190,pickup_confirmed,2026-02-21T19:00:00,dispatch_tms
EVT01190_in_transit,SHP01190,in_transit,2026-02-22T20:00:00,dispatch_tms
EVT01190_delivered,SHP01190,delivered,2026-02-24T22:00:00,carrier_portal
EVT01191_booked,SHP01191,booked,2026-02-27T21:00:00,dispatch_tms
EVT01191_pickup_confirmed,SHP01191,pickup_confirmed,2026-02-28T22:00:00,dispatch_tms
EVT01191_in_transit,SHP01191,in_transit,2026-03-01T23:00:00,dispatch_tms
EVT01191_delivered,SHP01191,delivered,2026-03-04T02:00:00,carrier_portal
EVT01192_booked,SHP01192,booked,2026-03-06T00:00:00,dispatch_tms
EVT01192_pickup_confirmed,SHP01192,pickup_confirmed,2026-03-07T01:00:00,dispatch_tms
EVT01192_in_transit,SHP01192,in_transit,2026-03-08T02:00:00,dispatch_tms
EVT01192_delivered,SHP01192,delivered,2026-03-09T03:00:00,carrier_portal
EVT01193_booked,SHP01193,booked,2026-03-13T03:00:00,dispatch_tms
EVT01193_pickup_confirmed,SHP01193,pickup_confirmed,2026-03-14T04:00:00,dispatch_tms
EVT01193_in_transit,SHP01193,in_transit,2026-03-15T05:00:00,dispatch_tms
EVT01193_delivered,SHP01193,delivered,2026-03-16T06:00:00,carrier_portal
EVT01194_booked,SHP01194,booked,2026-03-20T06:00:00,dispatch_tms
EVT01194_pickup_confirmed,SHP01194,pickup_confirmed,2026-03-21T07:00:00,dispatch_tms
EVT01194_in_transit,SHP01194,in_transit,2026-03-22T08:00:00,dispatch_tms
EVT01194_delivered,SHP01194,delivered,2026-03-24T10:00:00,carrier_portal
EVT01195_booked,SHP01195,booked,2026-03-27T09:00:00,dispatch_tms
EVT01195_pickup_confirmed,SHP01195,pickup_confirmed,2026-03-28T10:00:00,dispatch_tms
EVT01195_in_transit,SHP01195,in_transit,2026-03-29T11:00:00,dispatch_tms
EVT01195_delivered,SHP01195,delivered,2026-04-01T14:00:00,carrier_portal
EVT01196_booked,SHP01196,booked,2026-04-03T12:00:00,dispatch_tms
EVT01196_pickup_confirmed,SHP01196,pickup_confirmed,2026-04-04T13:00:00,dispatch_tms
EVT01196_in_transit,SHP01196,in_transit,2026-04-05T14:00:00,dispatch_tms
EVT01196_delivered,SHP01196,delivered,2026-04-05T14:00:00,carrier_portal
EVT01197_booked,SHP01197,booked,2026-04-10T15:00:00,dispatch_tms
EVT01197_pickup_confirmed,SHP01197,pickup_confirmed,2026-04-11T16:00:00,dispatch_tms
EVT01197_in_transit,SHP01197,in_transit,2026-04-12T17:00:00,dispatch_tms
EVT01197_delivered,SHP01197,delivered,2026-04-13T18:00:00,carrier_portal
EVT01198_booked,SHP01198,booked,2026-04-17T18:00:00,dispatch_tms
EVT01198_pickup_confirmed,SHP01198,pickup_confirmed,2026-04-18T19:00:00,dispatch_tms
EVT01198_in_transit,SHP01198,in_transit,2026-04-19T20:00:00,dispatch_tms
EVT01198_delivered,SHP01198,delivered,2026-04-21T22:00:00,carrier_portal
EVT01199_booked,SHP01199,booked,2026-04-24T21:00:00,dispatch_tms
EVT01199_pickup_confirmed,SHP01199,pickup_confirmed,2026-04-25T22:00:00,dispatch_tms
EVT01199_in_transit,SHP01199,in_transit,2026-04-26T23:00:00,dispatch_tms
EVT01199_delivered,SHP01199,delivered,2026-04-29T02:00:00,carrier_portal
EVT01200_booked,SHP01200,booked,2026-05-01T00:00:00,dispatch_tms
EVT01200_pickup_confirmed,SHP01200,pickup_confirmed,2026-05-02T01:00:00,dispatch_tms
EVT01200_in_transit,SHP01200,in_transit,2026-05-03T02:00:00,dispatch_tms
EVT01200_delivered,SHP01200,delivered,2026-05-03T02:00:00,carrier_portal
