shipment_id,booked_date,carrier_id,origin,destination,region,planned_delivery_date,actual_delivery_date,miles,linehaul_usd,eta_missing_flag,pod_missing_flag,on_time_flag
SHP00001,2026-01-08,CAR001,Tucson,Las Vegas,West,2026-01-11,2026-01-11,414,984.94,0,0,1
SHP00002,2026-01-15,CAR002,Phoenix,Dallas,Southwest,2026-01-19,2026-01-19,1065,2447.37,0,0,1
SHP00003,2026-01-22,CAR003,Phoenix,Salt Lake City,West,2026-01-27,2026-01-27,664,1414.27,0,0,1
SHP00004,2026-01-29,CAR004,Scottsdale,Denver,Southwest,2026-01-31,2026-01-31,918,2049.76,0,0,1
SHP00005,2026-02-05,CAR005,Phoenix,Los Angeles,West,2026-02-08,2026-02-08,371,837.34,0,0,1
SHP00006,2026-02-12,CAR001,Tucson,Las Vegas,West,2026-02-16,2026-02-16,414,978.31,0,0,1
SHP00007,2026-02-19,CAR002,Phoenix,Dallas,Southwest,2026-02-24,2026-02-24,1065,2399.31,0,0,1
SHP00008,2026-02-26,CAR003,Phoenix,Salt Lake City,West,2026-02-28,2026-03-01,664,1279.77,0,0,0
SHP00009,2026-03-05,CAR004,Scottsdale,Denver,Southwest,2026-03-08,2026-03-08,918,1719.55,0,0,1
SHP00010,2026-03-12,CAR005,Phoenix,Los Angeles,West,2026-03-16,2026-03-16,371,781.46,0,0,1
SHP00011,2026-03-19,CAR001,Tucson,Las Vegas,West,2026-03-24,2026-03-24,414,752.42,0,0,1
SHP00012,2026-03-26,CAR002,Phoenix,Dallas,Southwest,2026-03-28,2026-03-28,1065,1968.07,0,0,1
SHP00013,2026-04-02,CAR003,Phoenix,Salt Lake City,West,2026-04-05,2026-04-05,664,1289.69,0,0,1
SHP00014,2026-04-09,CAR004,Scottsdale,Denver,Southwest,2026-04-13,2026-04-13,918,2015.83,0,0,1
SHP00015,2026-04-16,CAR005,Phoenix,Los Angeles,West,2026-04-21,2026-04-21,371,771.23,0,0,1
SHP00016,2026-04-23,CAR001,Tucson,Las Vegas,West,2026-04-25,2026-04-25,414,880.82,0,0,1
SHP00017,2026-04-30,CAR002,Phoenix,Dallas,Southwest,2026-05-03,2026-05-03,1065,1959.12,0,0,1
SHP00018,2026-05-07,CAR003,Phoenix,Salt Lake City,West,2026-05-11,2026-05-11,664,1179.65,0,0,1
SHP00019,2026-05-14,CAR004,Scottsdale,Denver,Southwest,2026-05-19,2026-05-19,918,1988.79,0,0,1
SHP00020,2026-05-21,CAR005,Phoenix,Los Angeles,West,2026-05-23,2026-05-23,371,883.38,0,0,1
SHP00021,2026-05-28,CAR001,Tucson,Las Vegas,West,2026-05-31,2026-05-31,414,892.83,0,0,1
SHP00022,2026-06-04,CAR002,Phoenix,Dallas,Southwest,2026-06-08,2026-06-08,1065,2241.49,0,0,1
SHP00023,2026-06-11,CAR003,Phoenix,Salt Lake City,West,2026-06-16,2026-06-16,664,1491.29,0,0,1
SHP00024,2026-06-18,CAR004,Scottsdale,Denver,Southwest,2026-06-20,2026-06-20,918,1810.76,0,0,1
SHP00025,2026-06-25,CAR005,Phoenix,Los Angeles,West,2026-06-28,2026-06-28,371,696.87,0,0,1
SHP00026,2026-01-03,CAR001,Tucson,Las Vegas,West,2026-01-07,2026-01-08,414,862.44,0,0,0
SHP00027,2026-01-10,CAR002,Phoenix,Dallas,Southwest,2026-01-15,2026-01-15,1065,2296.66,0,0,1
SHP00028,2026-01-17,CAR003,Phoenix,Salt Lake City,West,2026-01-19,2026-01-19,664,1526.12,0,0,1
SHP00029,2026-01-24,CAR004,Scottsdale,Denver,Southwest,2026-01-27,2026-01-27,918,1671.32,0,0,1
SHP00030,2026-01-31,CAR005,Phoenix,Los Angeles,West,2026-02-04,2026-02-04,371,779.32,0,0,1
SHP00031,2026-02-07,CAR001,Tucson,Las Vegas,West,2026-02-12,2026-02-12,414,922.83,0,0,1
SHP00032,2026-02-14,CAR002,Phoenix,Dallas,Southwest,2026-02-16,2026-02-16,1065,2440.12,0,0,1
SHP00033,2026-02-21,CAR003,Phoenix,Salt Lake City,West,2026-02-24,2026-02-24,664,1318.0,0,0,1
SHP00034,2026-02-28,CAR004,Scottsdale,Denver,Southwest,2026-03-04,2026-03-04,918,1628.52,0,0,1
SHP00035,2026-03-07,CAR005,Phoenix,Los Angeles,West,2026-03-12,2026-03-12,371,847.91,0,0,1
SHP00036,2026-03-14,CAR001,Tucson,Las Vegas,West,2026-03-16,2026-03-16,414,911.61,0,0,1
SHP00037,2026-03-21,CAR002,Phoenix,Dallas,Southwest,2026-03-24,2026-03-24,1065,1976.91,0,0,1
SHP00038,2026-03-28,CAR003,Phoenix,Salt Lake City,West,2026-04-01,2026-04-01,664,1344.02,0,0,1
SHP00039,2026-04-04,CAR004,Scottsdale,Denver,Southwest,2026-04-09,2026-04-09,918,2014.65,0,0,1
SHP00040,2026-04-11,CAR005,Phoenix,Los Angeles,West,2026-04-13,2026-04-13,371,654.07,0,0,1
SHP00041,2026-04-18,CAR001,Tucson,Las Vegas,West,2026-04-21,2026-04-21,414,865.96,0,0,1
SHP00042,2026-04-25,CAR002,Phoenix,Dallas,Southwest,2026-04-29,2026-04-29,1065,1926.7,0,0,1
SHP00043,2026-05-02,CAR003,Phoenix,Salt Lake City,West,2026-05-07,2026-05-07,664,1550.21,0,0,1
SHP00044,2026-05-09,CAR004,Scottsdale,Denver,Southwest,2026-05-11,2026-05-11,918,2170.67,0,0,1
SHP00045,2026-05-16,CAR005,Phoenix,Los Angeles,West,2026-05-19,2026-05-19,371,778.0,0,0,1
SHP00046,2026-05-23,CAR001,Tucson,Las Vegas,West,2026-05-27,2026-05-27,414,888.77,0,0,1
SHP00047,2026-05-30,CAR002,Phoenix,Dallas,Southwest,2026-06-04,2026-06-04,1065,2394.17,0,0,1
SHP00048,2026-06-06,CAR003,Phoenix,Salt Lake City,West,2026-06-08,2026-06-08,664,1451.11,0,0,1
SHP00049,2026-06-13,CAR004,Scottsdale,Denver,Southwest,2026-06-16,2026-06-16,918,1970.35,0,0,1
SHP00050,2026-06-20,CAR005,Phoenix,Los Angeles,West,2026-06-24,2026-06-24,371,695.3,0,0,1
SHP00051,2026-06-27,CAR001,Tucson,Las Vegas,West,2026-07-02,2026-07-02,414,820.59,0,0,1
SHP00052,2026-01-05,CAR002,Phoenix,Dallas,Southwest,2026-01-07,2026-01-07,1065,2189.72,0,0,1
SHP00053,2026-01-12,CAR003,Phoenix,Salt Lake City,West,2026-01-15,2026-01-15,664,1308.09,0,0,1
SHP00054,2026-01-19,CAR004,Scottsdale,Denver,Southwest,2026-01-23,2026-01-23,918,2119.17,0,0,1
SHP00055,2026-01-26,CAR005,Phoenix,Los Angeles,West,2026-01-31,2026-01-31,371,865.18,0,0,1
SHP00056,2026-02-02,CAR001,Tucson,Las Vegas,West,2026-02-04,2026-02-04,414,795.32,0,0,1
SHP00057,2026-02-09,CAR002,Phoenix,Dallas,Southwest,2026-02-12,2026-02-12,1065,2062.24,0,0,1
SHP00058,2026-02-16,CAR003,Phoenix,Salt Lake City,West,2026-02-20,2026-02-20,664,1551.15,0,0,1
SHP00059,2026-02-23,CAR004,Scottsdale,Denver,Southwest,2026-02-28,2026-02-28,918,1943.8,0,0,1
SHP00060,2026-03-02,CAR005,Phoenix,Los Angeles,West,2026-03-04,2026-03-04,371,650.82,0,0,1
SHP00061,2026-03-09,CAR001,Tucson,Las Vegas,West,2026-03-12,2026-03-12,414,850.44,0,0,1
SHP00062,2026-03-16,CAR002,Phoenix,Dallas,Southwest,2026-03-20,2026-03-21,1065,1923.78,0,0,0
SHP00063,2026-03-23,CAR003,Phoenix,Salt Lake City,West,2026-03-28,2026-03-28,664,1537.25,0,0,1
SHP00064,2026-03-30,CAR004,Scottsdale,Denver,Southwest,2026-04-01,2026-04-01,918,1682.12,0,0,1
SHP00065,2026-04-06,CAR005,Phoenix,Los Angeles,West,2026-04-09,2026-04-09,371,707.31,0,0,1
SHP00066,2026-04-13,CAR001,Tucson,Las Vegas,West,2026-04-17,2026-04-17,414,748.92,0,0,1
SHP00067,2026-04-20,CAR002,Phoenix,Dallas,Southwest,2026-04-25,2026-04-25,1065,2068.19,1,0,1
SHP00068,2026-04-27,CAR003,Phoenix,Salt Lake City,West,2026-04-29,2026-04-29,664,1522.93,0,0,1
SHP00069,2026-05-04,CAR004,Scottsdale,Denver,Southwest,2026-05-07,2026-05-07,918,2171.7,0,0,1
SHP00070,2026-05-11,CAR005,Phoenix,Los Angeles,West,2026-05-15,2026-05-15,371,706.2,0,0,1
SHP00071,2026-05-18,CAR001,Tucson,Las Vegas,West,2026-05-23,2026-05-23,414,958.38,0,0,1
SHP00072,2026-05-25,CAR002,Phoenix,Dallas,Southwest,2026-05-27,2026-05-28,1065,2348.23,0,0,0
SHP00073,2026-06-01,CAR003,Phoenix,Salt Lake City,West,2026-06-04,2026-06-04,664,1234.68,0,0,1
SHP00074,2026-06-08,CAR004,Scottsdale,Denver,Southwest,2026-06-12,2026-06-12,918,2068.56,0,0,1
SHP00075,2026-06-15,CAR005,Phoenix,Los Angeles,West,2026-06-20,2026-06-20,371,872.63,0,0,1
SHP00076,2026-06-22,CAR001,Tucson,Las Vegas,West,2026-06-24,2026-06-24,414,813.46,0,0,1
SHP00077,2026-06-29,CAR002,Phoenix,Dallas,Southwest,2026-07-02,2026-07-02,1065,2292.95,0,0,1
SHP00078,2026-01-07,CAR003,Phoenix,Salt Lake City,West,2026-01-11,2026-01-11,664,1322.0,0,0,1
SHP00079,2026-01-14,CAR004,Scottsdale,Denver,Southwest,2026-01-19,2026-01-19,918,2035.66,0,0,1
SHP00080,2026-01-21,CAR005,Phoenix,Los Angeles,West,2026-01-23,2026-01-24,371,740.4,0,0,0
SHP00081,2026-01-28,CAR001,Tucson,Las Vegas,West,2026-01-31,2026-01-31,414,902.86,0,0,1
SHP00082,2026-02-04,CAR002,Phoenix,Dallas,Southwest,2026-02-08,2026-02-08,1065,2505.95,0,0,1
SHP00083,2026-02-11,CAR003,Phoenix,Salt Lake City,West,2026-02-16,2026-02-16,664,1559.65,0,1,1
SHP00084,2026-02-18,CAR004,Scottsdale,Denver,Southwest,2026-02-20,2026-02-20,918,1788.85,0,0,1
SHP00085,2026-02-25,CAR005,Phoenix,Los Angeles,West,2026-02-28,2026-02-28,371,882.96,0,0,1
SHP00086,2026-03-04,CAR001,Tucson,Las Vegas,West,2026-03-08,2026-03-08,414,958.58,0,0,1
SHP00087,2026-03-11,CAR002,Phoenix,Dallas,Southwest,2026-03-16,2026-03-17,1065,1874.74,0,0,0
SHP00088,2026-03-18,CAR003,Phoenix,Salt Lake City,West,2026-03-20,2026-03-20,664,1445.49,0,0,1
SHP00089,2026-03-25,CAR004,Scottsdale,Denver,Southwest,2026-03-28,2026-03-28,918,2134.54,0,0,1
SHP00090,2026-04-01,CAR005,Phoenix,Los Angeles,West,2026-04-05,2026-04-05,371,806.04,0,0,1
SHP00091,2026-04-08,CAR001,Tucson,Las Vegas,West,2026-04-13,2026-04-13,414,978.75,0,0,1
SHP00092,2026-04-15,CAR002,Phoenix,Dallas,Southwest,2026-04-17,2026-04-17,1065,2355.28,0,0,1
SHP00093,2026-04-22,CAR003,Phoenix,Salt Lake City,West,2026-04-25,2026-04-25,664,1252.67,0,0,1
SHP00094,2026-04-29,CAR004,Scottsdale,Denver,Southwest,2026-05-03,2026-05-03,918,1730.04,0,0,1
SHP00095,2026-05-06,CAR005,Phoenix,Los Angeles,West,2026-05-11,2026-05-11,371,650.85,0,0,1
SHP00096,2026-05-13,CAR001,Tucson,Las Vegas,West,2026-05-15,2026-05-15,414,904.67,0,0,1
SHP00097,2026-05-20,CAR002,Phoenix,Dallas,Southwest,2026-05-23,2026-05-23,1065,2479.21,0,0,1
SHP00098,2026-05-27,CAR003,Phoenix,Salt Lake City,West,2026-05-31,2026-05-31,664,1405.18,0,0,1
SHP00099,2026-06-03,CAR004,Scottsdale,Denver,Southwest,2026-06-08,2026-06-08,918,1661.96,0,0,1
SHP00100,2026-06-10,CAR005,Phoenix,Los Angeles,West,2026-06-12,2026-06-12,371,742.43,0,0,1
SHP00101,2026-06-17,CAR001,Tucson,Las Vegas,West,2026-06-20,2026-06-20,414,909.12,0,0,1
SHP00102,2026-06-24,CAR002,Phoenix,Dallas,Southwest,2026-06-28,2026-06-28,1065,2299.8,0,0,1
SHP00103,2026-01-02,CAR003,Phoenix,Salt Lake City,West,2026-01-07,2026-01-07,664,1305.94,0,0,1
SHP00104,2026-01-09,CAR004,Scottsdale,Denver,Southwest,2026-01-11,2026-01-11,918,1893.35,0,0,1
SHP00105,2026-01-16,CAR005,Phoenix,Los Angeles,West,2026-01-19,2026-01-19,371,794.89,0,0,1
SHP00106,2026-01-23,CAR001,Tucson,Las Vegas,West,2026-01-27,2026-01-27,414,795.9,0,0,1
SHP00107,2026-01-30,CAR002,Phoenix,Dallas,Southwest,2026-02-04,2026-02-04,1065,2377.03,0,0,1
SHP00108,2026-02-06,CAR003,Phoenix,Salt Lake City,West,2026-02-08,2026-02-08,664,1452.51,0,0,1
SHP00109,2026-02-13,CAR004,Scottsdale,Denver,Southwest,2026-02-16,2026-02-16,918,1737.67,0,0,1
SHP00110,2026-02-20,CAR005,Phoenix,Los Angeles,West,2026-02-24,2026-02-24,371,811.81,0,0,1
SHP00111,2026-02-27,CAR001,Tucson,Las Vegas,West,2026-03-04,2026-03-04,414,828.46,0,0,1
SHP00112,2026-03-06,CAR002,Phoenix,Dallas,Southwest,2026-03-08,2026-03-08,1065,1977.2,0,0,1
SHP00113,2026-03-13,CAR003,Phoenix,Salt Lake City,West,2026-03-16,2026-03-16,664,1178.84,0,0,1
SHP00114,2026-03-20,CAR004,Scottsdale,Denver,Southwest,2026-03-24,2026-03-24,918,1908.66,0,0,1
SHP00115,2026-03-27,CAR005,Phoenix,Los Angeles,West,2026-04-01,2026-04-01,371,860.71,0,0,1
SHP00116,2026-04-03,CAR001,Tucson,Las Vegas,West,2026-04-05,2026-04-05,414,977.57,0,0,1
SHP00117,2026-04-10,CAR002,Phoenix,Dallas,Southwest,2026-04-13,2026-04-13,1065,2321.99,0,0,1
SHP00118,2026-04-17,CAR003,Phoenix,Salt Lake City,West,2026-04-21,2026-04-21,664,1499.43,0,0,1
SHP00119,2026-04-24,CAR004,Scottsdale,Denver,Southwest,2026-04-29,2026-04-29,918,2053.81,0,0,1
SHP00120,2026-05-01,CAR005,Phoenix,Los Angeles,West,2026-05-03,2026-05-03,371,835.91,0,0,1
SHP00121,2026-05-08,CAR001,Tucson,Las Vegas,West,2026-05-11,2026-05-11,414,837.58,0,0,1
SHP00122,2026-05-15,CAR002,Phoenix,Dallas,Southwest,2026-05-19,2026-05-19,1065,2365.49,0,0,1
SHP00123,2026-05-22,CAR003,Phoenix,Salt Lake City,West,2026-05-27,2026-05-27,664,1518.13,0,0,1
SHP00124,2026-05-29,CAR004,Scottsdale,Denver,Southwest,2026-05-31,2026-06-01,918,1889.4,0,0,0
SHP00125,2026-06-05,CAR005,Phoenix,Los Angeles,West,2026-06-08,2026-06-08,371,864.64,0,0,1
SHP00126,2026-06-12,CAR001,Tucson,Las Vegas,West,2026-06-16,2026-06-16,414,892.7,0,0,1
SHP00127,2026-06-19,CAR002,Phoenix,Dallas,Southwest,2026-06-24,2026-06-24,1065,2552.57,0,0,1
SHP00128,2026-06-26,CAR003,Phoenix,Salt Lake City,West,2026-06-28,2026-06-28,664,1346.08,0,0,1
SHP00129,2026-01-04,CAR004,Scottsdale,Denver,Southwest,2026-01-07,2026-01-07,918,1977.84,0,0,1
SHP00130,2026-01-11,CAR005,Phoenix,Los Angeles,West,2026-01-15,2026-01-15,371,763.37,0,0,1
SHP00131,2026-01-18,CAR001,Tucson,Las Vegas,West,2026-01-23,2026-01-23,414,951.96,0,0,1
SHP00132,2026-01-25,CAR002,Phoenix,Dallas,Southwest,2026-01-27,2026-01-27,1065,2115.1,0,0,1
SHP00133,2026-02-01,CAR003,Phoenix,Salt Lake City,West,2026-02-04,2026-02-04,664,1510.78,0,0,1
SHP00134,2026-02-08,CAR004,Scottsdale,Denver,Southwest,2026-02-12,2026-02-12,918,1614.16,1,0,1
SHP00135,2026-02-15,CAR005,Phoenix,Los Angeles,West,2026-02-20,2026-02-20,371,761.7,0,0,1
SHP00136,2026-02-22,CAR001,Tucson,Las Vegas,West,2026-02-24,2026-02-24,414,895.45,0,0,1
SHP00137,2026-03-01,CAR002,Phoenix,Dallas,Southwest,2026-03-04,2026-03-04,1065,2407.68,0,0,1
SHP00138,2026-03-08,CAR003,Phoenix,Salt Lake City,West,2026-03-12,2026-03-12,664,1437.55,0,0,1
SHP00139,2026-03-15,CAR004,Scottsdale,Denver,Southwest,2026-03-20,2026-03-20,918,1774.95,0,0,1
SHP00140,2026-03-22,CAR005,Phoenix,Los Angeles,West,2026-03-24,2026-03-24,371,819.34,0,0,1
SHP00141,2026-03-29,CAR001,Tucson,Las Vegas,West,2026-04-01,2026-04-01,414,984.66,0,0,1
SHP00142,2026-04-05,CAR002,Phoenix,Dallas,Southwest,2026-04-09,2026-04-09,1065,2072.43,0,0,1
SHP00143,2026-04-12,CAR003,Phoenix,Salt Lake City,West,2026-04-17,2026-04-17,664,1511.94,0,0,1
SHP00144,2026-04-19,CAR004,Scottsdale,Denver,Southwest,2026-04-21,2026-04-21,918,1689.88,0,0,1
SHP00145,2026-04-26,CAR005,Phoenix,Los Angeles,West,2026-04-29,2026-04-29,371,730.26,0,0,1
SHP00146,2026-05-03,CAR001,Tucson,Las Vegas,West,2026-05-07,2026-05-07,414,796.22,0,0,1
SHP00147,2026-05-10,CAR002,Phoenix,Dallas,Southwest,2026-05-15,2026-05-15,1065,2035.92,0,0,1
SHP00148,2026-05-17,CAR003,Phoenix,Salt Lake City,West,2026-05-19,2026-05-19,664,1341.5,0,0,1
SHP00149,2026-05-24,CAR004,Scottsdale,Denver,Southwest,2026-05-27,2026-05-27,918,1751.85,0,0,1
SHP00150,2026-05-31,CAR005,Phoenix,Los Angeles,West,2026-06-04,2026-06-04,371,880.86,0,0,1
SHP00151,2026-06-07,CAR001,Tucson,Las Vegas,West,2026-06-12,2026-06-12,414,815.1,0,0,1
SHP00152,2026-06-14,CAR002,Phoenix,Dallas,Southwest,2026-06-16,2026-06-16,1065,2528.82,0,0,1
SHP00153,2026-06-21,CAR003,Phoenix,Salt Lake City,West,2026-06-24,2026-06-24,664,1248.47,0,0,1
SHP00154,2026-06-28,CAR004,Scottsdale,Denver,Southwest,2026-07-02,2026-07-02,918,1955.21,0,0,1
SHP00155,2026-01-06,CAR005,Phoenix,Los Angeles,West,2026-01-11,2026-01-11,371,729.68,0,0,1
SHP00156,2026-01-13,CAR001,Tucson,Las Vegas,West,2026-01-15,2026-01-15,414,981.56,0,0,1
SHP00157,2026-01-20,CAR002,Phoenix,Dallas,Southwest,2026-01-23,2026-01-23,1065,2537.53,0,0,1
SHP00158,2026-01-27,CAR003,Phoenix,Salt Lake City,West,2026-01-31,2026-01-31,664,1353.04,0,0,1
SHP00159,2026-02-03,CAR004,Scottsdale,Denver,Southwest,2026-02-08,2026-02-08,918,2165.28,0,0,1
SHP00160,2026-02-10,CAR005,Phoenix,Los Angeles,West,2026-02-12,2026-02-12,371,753.69,0,0,1
SHP00161,2026-02-17,CAR001,Tucson,Las Vegas,West,2026-02-20,2026-02-20,414,889.02,0,0,1
SHP00162,2026-02-24,CAR002,Phoenix,Dallas,Southwest,2026-02-28,2026-02-28,1065,2086.39,0,0,1
SHP00163,2026-03-03,CAR003,Phoenix,Salt Lake City,West,2026-03-08,2026-03-09,664,1328.1,0,0,0
SHP00164,2026-03-10,CAR004,Scottsdale,Denver,Southwest,2026-03-12,2026-03-12,918,1677.97,0,0,1
SHP00165,2026-03-17,CAR005,Phoenix,Los Angeles,West,2026-03-20,2026-03-20,371,827.92,0,0,1
SHP00166,2026-03-24,CAR001,Tucson,Las Vegas,West,2026-03-28,2026-03-28,414,810.31,0,1,1
SHP00167,2026-03-31,CAR002,Phoenix,Dallas,Southwest,2026-04-05,2026-04-05,1065,2238.85,0,0,1
SHP00168,2026-04-07,CAR003,Phoenix,Salt Lake City,West,2026-04-09,2026-04-09,664,1417.83,0,0,1
SHP00169,2026-04-14,CAR004,Scottsdale,Denver,Southwest,2026-04-17,2026-04-17,918,1839.44,0,0,1
SHP00170,2026-04-21,CAR005,Phoenix,Los Angeles,West,2026-04-25,2026-04-25,371,775.47,0,0,1
SHP00171,2026-04-28,CAR001,Tucson,Las Vegas,West,2026-05-03,2026-05-03,414,871.34,0,0,1
SHP00172,2026-05-05,CAR002,Phoenix,Dallas,Southwest,2026-05-07,2026-05-07,1065,2313.52,0,0,1
SHP00173,2026-05-12,CAR003,Phoenix,Salt Lake City,West,2026-05-15,2026-05-15,664,1329.35,0,0,1
SHP00174,2026-05-19,CAR004,Scottsdale,Denver,Southwest,2026-05-23,2026-05-23,918,1967.49,0,0,1
SHP00175,2026-05-26,CAR005,Phoenix,Los Angeles,West,2026-05-31,2026-06-01,371,687.96,0,0,0
SHP00176,2026-06-02,CAR001,Tucson,Las Vegas,West,2026-06-04,2026-06-04,414,741.57,0,0,1
SHP00177,2026-06-09,CAR002,Phoenix,Dallas,Southwest,2026-06-12,2026-06-13,1065,2545.25,0,0,0
SHP00178,2026-06-16,CAR003,Phoenix,Salt Lake City,West,2026-06-20,2026-06-20,664,1574.24,0,0,1
SHP00179,2026-06-23,CAR004,Scottsdale,Denver,Southwest,2026-06-28,2026-06-28,918,1667.05,0,0,1
SHP00180,2026-01-01,CAR005,Phoenix,Los Angeles,West,2026-01-03,2026-01-03,371,803.18,0,0,1
SHP00181,2026-01-08,CAR001,Tucson,Las Vegas,West,2026-01-11,2026-01-11,414,941.65,0,0,1
SHP00182,2026-01-15,CAR002,Phoenix,Dallas,Southwest,2026-01-19,2026-01-19,1065,2192.96,0,0,1
SHP00183,2026-01-22,CAR003,Phoenix,Salt Lake City,West,2026-01-27,2026-01-27,664,1350.15,0,0,1
SHP00184,2026-01-29,CAR004,Scottsdale,Denver,Southwest,2026-01-31,2026-01-31,918,1951.12,0,0,1
SHP00185,2026-02-05,CAR005,Phoenix,Los Angeles,West,2026-02-08,2026-02-08,371,787.54,0,0,1
SHP00186,2026-02-12,CAR001,Tucson,Las Vegas,West,2026-02-16,2026-02-16,414,893.21,0,0,1
SHP00187,2026-02-19,CAR002,Phoenix,Dallas,Southwest,2026-02-24,2026-02-24,1065,2188.35,0,0,1
SHP00188,2026-02-26,CAR003,Phoenix,Salt Lake City,West,2026-02-28,2026-02-28,664,1181.62,0,0,1
SHP00189,2026-03-05,CAR004,Scottsdale,Denver,Southwest,2026-03-08,2026-03-08,918,1719.14,0,0,1
SHP00190,2026-03-12,CAR005,Phoenix,Los Angeles,West,2026-03-16,2026-03-16,371,676.56,0,0,1
SHP00191,2026-03-19,CAR001,Tucson,Las Vegas,West,2026-03-24,2026-03-24,414,746.15,0,0,1
SHP00192,2026-03-26,CAR002,Phoenix,Dallas,Southwest,2026-03-28,2026-03-29,1065,2530.27,0,0,0
SHP00193,2026-04-02,CAR003,Phoenix,Salt Lake City,West,2026-04-05,2026-04-05,664,1244.77,0,0,1
SHP00194,2026-04-09,CAR004,Scottsdale,Denver,Southwest,2026-04-13,2026-04-13,918,2063.3,0,0,1
SHP00195,2026-04-16,CAR005,Phoenix,Los Angeles,West,2026-04-21,2026-04-21,371,877.14,0,0,1
SHP00196,2026-04-23,CAR001,Tucson,Las Vegas,West,2026-04-25,2026-04-25,414,982.86,0,0,1
SHP00197,2026-04-30,CAR002,Phoenix,Dallas,Southwest,2026-05-03,2026-05-03,1065,2533.5,0,0,1
SHP00198,2026-05-07,CAR003,Phoenix,Salt Lake City,West,2026-05-11,2026-05-11,664,1484.19,0,0,1
SHP00199,2026-05-14,CAR004,Scottsdale,Denver,Southwest,2026-05-19,2026-05-19,918,1999.08,0,0,1
SHP00200,2026-05-21,CAR005,Phoenix,Los Angeles,West,2026-05-23,2026-05-23,371,801.97,0,0,1
SHP00201,2026-05-28,CAR001,Tucson,Las Vegas,West,2026-05-31,2026-05-31,414,858.25,1,0,1
SHP00202,2026-06-04,CAR002,Phoenix,Dallas,Southwest,2026-06-08,2026-06-08,1065,2397.61,0,0,1
SHP00203,2026-06-11,CAR003,Phoenix,Salt Lake City,West,2026-06-16,2026-06-16,664,1456.48,0,0,1
SHP00204,2026-06-18,CAR004,Scottsdale,Denver,Southwest,2026-06-20,2026-06-20,918,1660.39,0,0,1
SHP00205,2026-06-25,CAR005,Phoenix,Los Angeles,West,2026-06-28,2026-06-28,371,713.32,0,0,1
SHP00206,2026-01-03,CAR001,Tucson,Las Vegas,West,2026-01-07,2026-01-07,414,972.53,0,0,1
SHP00207,2026-01-10,CAR002,Phoenix,Dallas,Southwest,2026-01-15,2026-01-15,1065,2285.05,0,0,1
SHP00208,2026-01-17,CAR003,Phoenix,Salt Lake City,West,2026-01-19,2026-01-20,664,1208.75,0,0,0
SHP00209,2026-01-24,CAR004,Scottsdale,Denver,Southwest,2026-01-27,2026-01-27,918,1648.36,0,0,1
SHP00210,2026-01-31,CAR005,Phoenix,Los Angeles,West,2026-02-04,2026-02-05,371,881.09,0,0,0
SHP00211,2026-02-07,CAR001,Tucson,Las Vegas,West,2026-02-12,2026-02-12,414,742.7,0,0,1
SHP00212,2026-02-14,CAR002,Phoenix,Dallas,Southwest,2026-02-16,2026-02-16,1065,2132.64,0,0,1
SHP00213,2026-02-21,CAR003,Phoenix,Salt Lake City,West,2026-02-24,2026-02-24,664,1280.52,0,0,1
SHP00214,2026-02-28,CAR004,Scottsdale,Denver,Southwest,2026-03-04,2026-03-05,918,2011.77,0,0,0
SHP00215,2026-03-07,CAR005,Phoenix,Los Angeles,West,2026-03-12,2026-03-12,371,708.78,0,0,1
SHP00216,2026-03-14,CAR001,Tucson,Las Vegas,West,2026-03-16,2026-03-16,414,788.11,0,0,1
SHP00217,2026-03-21,CAR002,Phoenix,Dallas,Southwest,2026-03-24,2026-03-24,1065,2497.57,0,0,1
SHP00218,2026-03-28,CAR003,Phoenix,Salt Lake City,West,2026-04-01,2026-04-01,664,1430.63,0,0,1
SHP00219,2026-04-04,CAR004,Scottsdale,Denver,Southwest,2026-04-09,2026-04-09,918,1964.99,0,0,1
SHP00220,2026-04-11,CAR005,Phoenix,Los Angeles,West,2026-04-13,2026-04-13,371,769.04,0,0,1
SHP00221,2026-04-18,CAR001,Tucson,Las Vegas,West,2026-04-21,2026-04-21,414,781.96,0,0,1
SHP00222,2026-04-25,CAR002,Phoenix,Dallas,Southwest,2026-04-29,2026-04-30,1065,2488.32,0,0,0
SHP00223,2026-05-02,CAR003,Phoenix,Salt Lake City,West,2026-05-07,2026-05-08,664,1530.65,0,0,0
SHP00224,2026-05-09,CAR004,Scottsdale,Denver,Southwest,2026-05-11,2026-05-11,918,1734.54,0,0,1
SHP00225,2026-05-16,CAR005,Phoenix,Los Angeles,West,2026-05-19,2026-05-19,371,670.06,0,0,1
SHP00226,2026-05-23,CAR001,Tucson,Las Vegas,West,2026-05-27,2026-05-27,414,882.04,0,0,1
SHP00227,2026-05-30,CAR002,Phoenix,Dallas,Southwest,2026-06-04,2026-06-04,1065,2455.86,0,0,1
SHP00228,2026-06-06,CAR003,Phoenix,Salt Lake City,West,2026-06-08,2026-06-09,664,1218.4,0,0,0
SHP00229,2026-06-13,CAR004,Scottsdale,Denver,Southwest,2026-06-16,2026-06-16,918,2046.33,0,0,1
SHP00230,2026-06-20,CAR005,Phoenix,Los Angeles,West,2026-06-24,2026-06-24,371,867.67,0,0,1
SHP00231,2026-06-27,CAR001,Tucson,Las Vegas,West,2026-07-02,2026-07-02,414,881.44,0,0,1
SHP00232,2026-01-05,CAR002,Phoenix,Dallas,Southwest,2026-01-07,2026-01-07,1065,1947.14,0,0,1
SHP00233,2026-01-12,CAR003,Phoenix,Salt Lake City,West,2026-01-15,2026-01-15,664,1449.02,0,0,1
SHP00234,2026-01-19,CAR004,Scottsdale,Denver,Southwest,2026-01-23,2026-01-23,918,1795.9,0,0,1
SHP00235,2026-01-26,CAR005,Phoenix,Los Angeles,West,2026-01-31,2026-01-31,371,829.45,0,0,1
SHP00236,2026-02-02,CAR001,Tucson,Las Vegas,West,2026-02-04,2026-02-04,414,812.31,0,0,1
SHP00237,2026-02-09,CAR002,Phoenix,Dallas,Southwest,2026-02-12,2026-02-12,1065,1966.04,0,0,1
SHP00238,2026-02-16,CAR003,Phoenix,Salt Lake City,West,2026-02-20,2026-02-20,664,1324.21,0,0,1
SHP00239,2026-02-23,CAR004,Scottsdale,Denver,Southwest,2026-02-28,2026-02-28,918,1749.24,0,0,1
SHP00240,2026-03-02,CAR005,Phoenix,Los Angeles,West,2026-03-04,2026-03-04,371,689.87,0,0,1
SHP00241,2026-03-09,CAR001,Tucson,Las Vegas,West,2026-03-12,2026-03-12,414,938.18,0,0,1
SHP00242,2026-03-16,CAR002,Phoenix,Dallas,Southwest,2026-03-20,2026-03-20,1065,2476.15,0,0,1
SHP00243,2026-03-23,CAR003,Phoenix,Salt Lake City,West,2026-03-28,2026-03-28,664,1552.15,0,0,1
SHP00244,2026-03-30,CAR004,Scottsdale,Denver,Southwest,2026-04-01,2026-04-01,918,2201.5,0,0,1
SHP00245,2026-04-06,CAR005,Phoenix,Los Angeles,West,2026-04-09,2026-04-09,371,798.27,0,0,1
SHP00246,2026-04-13,CAR001,Tucson,Las Vegas,West,2026-04-17,2026-04-17,414,797.58,0,0,1
SHP00247,2026-04-20,CAR002,Phoenix,Dallas,Southwest,2026-04-25,2026-04-25,1065,2253.68,0,0,1
SHP00248,2026-04-27,CAR003,Phoenix,Salt Lake City,West,2026-04-29,2026-04-29,664,1275.35,0,0,1
SHP00249,2026-05-04,CAR004,Scottsdale,Denver,Southwest,2026-05-07,2026-05-07,918,2010.23,0,1,1
SHP00250,2026-05-11,CAR005,Phoenix,Los Angeles,West,2026-05-15,2026-05-15,371,727.55,0,0,1
SHP00251,2026-05-18,CAR001,Tucson,Las Vegas,West,2026-05-23,2026-05-23,414,874.72,0,0,1
SHP00252,2026-05-25,CAR002,Phoenix,Dallas,Southwest,2026-05-27,2026-05-28,1065,2072.16,0,0,0
SHP00253,2026-06-01,CAR003,Phoenix,Salt Lake City,West,2026-06-04,2026-06-04,664,1307.76,0,0,1
SHP00254,2026-06-08,CAR004,Scottsdale,Denver,Southwest,2026-06-12,2026-06-12,918,1848.28,0,0,1
SHP00255,2026-06-15,CAR005,Phoenix,Los Angeles,West,2026-06-20,2026-06-20,371,846.68,0,0,1
SHP00256,2026-06-22,CAR001,Tucson,Las Vegas,West,2026-06-24,2026-06-24,414,748.49,0,0,1
SHP00257,2026-06-29,CAR002,Phoenix,Dallas,Southwest,2026-07-02,2026-07-03,1065,2520.9,0,0,0
SHP00258,2026-01-07,CAR003,Phoenix,Salt Lake City,West,2026-01-11,2026-01-11,664,1571.81,0,0,1
SHP00259,2026-01-14,CAR004,Scottsdale,Denver,Southwest,2026-01-19,2026-01-20,918,1811.95,0,0,0
SHP00260,2026-01-21,CAR005,Phoenix,Los Angeles,West,2026-01-23,2026-01-23,371,776.24,0,0,1
SHP00261,2026-01-28,CAR001,Tucson,Las Vegas,West,2026-01-31,2026-01-31,414,838.92,0,0,1
SHP00262,2026-02-04,CAR002,Phoenix,Dallas,Southwest,2026-02-08,2026-02-08,1065,1966.2,0,0,1
SHP00263,2026-02-11,CAR003,Phoenix,Salt Lake City,West,2026-02-16,2026-02-16,664,1427.56,0,0,1
SHP00264,2026-02-18,CAR004,Scottsdale,Denver,Southwest,2026-02-20,2026-02-20,918,1693.61,0,0,1
SHP00265,2026-02-25,CAR005,Phoenix,Los Angeles,West,2026-02-28,2026-02-28,371,881.42,0,0,1
SHP00266,2026-03-04,CAR001,Tucson,Las Vegas,West,2026-03-08,2026-03-08,414,739.08,0,0,1
SHP00267,2026-03-11,CAR002,Phoenix,Dallas,Southwest,2026-03-16,2026-03-17,1065,2479.66,0,0,0
SHP00268,2026-03-18,CAR003,Phoenix,Salt Lake City,West,2026-03-20,2026-03-20,664,1416.02,1,0,1
SHP00269,2026-03-25,CAR004,Scottsdale,Denver,Southwest,2026-03-28,2026-03-28,918,2040.88,0,0,1
SHP00270,2026-04-01,CAR005,Phoenix,Los Angeles,West,2026-04-05,2026-04-05,371,754.87,0,0,1
SHP00271,2026-04-08,CAR001,Tucson,Las Vegas,West,2026-04-13,2026-04-13,414,825.53,0,0,1
SHP00272,2026-04-15,CAR002,Phoenix,Dallas,Southwest,2026-04-17,2026-04-17,1065,2108.95,0,0,1
SHP00273,2026-04-22,CAR003,Phoenix,Salt Lake City,West,2026-04-25,2026-04-25,664,1258.31,0,0,1
SHP00274,2026-04-29,CAR004,Scottsdale,Denver,Southwest,2026-05-03,2026-05-03,918,2057.51,0,0,1
SHP00275,2026-05-06,CAR005,Phoenix,Los Angeles,West,2026-05-11,2026-05-11,371,698.52,0,0,1
SHP00276,2026-05-13,CAR001,Tucson,Las Vegas,West,2026-05-15,2026-05-15,414,805.27,0,0,1
SHP00277,2026-05-20,CAR002,Phoenix,Dallas,Southwest,2026-05-23,2026-05-23,1065,2276.76,0,0,1
SHP00278,2026-05-27,CAR003,Phoenix,Salt Lake City,West,2026-05-31,2026-05-31,664,1432.87,0,0,1
SHP00279,2026-06-03,CAR004,Scottsdale,Denver,Southwest,2026-06-08,2026-06-08,918,1633.77,0,0,1
SHP00280,2026-06-10,CAR005,Phoenix,Los Angeles,West,2026-06-12,2026-06-12,371,812.46,0,0,1
SHP00281,2026-06-17,CAR001,Tucson,Las Vegas,West,2026-06-20,2026-06-20,414,815.25,0,0,1
SHP00282,2026-06-24,CAR002,Phoenix,Dallas,Southwest,2026-06-28,2026-06-28,1065,2002.19,0,0,1
SHP00283,2026-01-02,CAR003,Phoenix,Salt Lake City,West,2026-01-07,2026-01-07,664,1536.95,0,0,1
SHP00284,2026-01-09,CAR004,Scottsdale,Denver,Southwest,2026-01-11,2026-01-11,918,1776.34,0,0,1
SHP00285,2026-01-16,CAR005,Phoenix,Los Angeles,West,2026-01-19,2026-01-19,371,689.93,0,0,1
SHP00286,2026-01-23,CAR001,Tucson,Las Vegas,West,2026-01-27,2026-01-27,414,904.92,0,0,1
SHP00287,2026-01-30,CAR002,Phoenix,Dallas,Southwest,2026-02-04,2026-02-04,1065,2212.25,0,0,1
SHP00288,2026-02-06,CAR003,Phoenix,Salt Lake City,West,2026-02-08,2026-02-08,664,1408.7,0,0,1
SHP00289,2026-02-13,CAR004,Scottsdale,Denver,Southwest,2026-02-16,2026-02-16,918,1820.44,0,0,1
SHP00290,2026-02-20,CAR005,Phoenix,Los Angeles,West,2026-02-24,2026-02-24,371,783.41,0,0,1
SHP00291,2026-02-27,CAR001,Tucson,Las Vegas,West,2026-03-04,2026-03-04,414,901.48,0,0,1
SHP00292,2026-03-06,CAR002,Phoenix,Dallas,Southwest,2026-03-08,2026-03-09,1065,1977.37,0,0,0
SHP00293,2026-03-13,CAR003,Phoenix,Salt Lake City,West,2026-03-16,2026-03-16,664,1352.84,0,0,1
SHP00294,2026-03-20,CAR004,Scottsdale,Denver,Southwest,2026-03-24,2026-03-24,918,2163.15,0,0,1
SHP00295,2026-03-27,CAR005,Phoenix,Los Angeles,West,2026-04-01,2026-04-01,371,854.24,0,0,1
SHP00296,2026-04-03,CAR001,Tucson,Las Vegas,West,2026-04-05,2026-04-05,414,988.15,0,0,1
SHP00297,2026-04-10,CAR002,Phoenix,Dallas,Southwest,2026-04-13,2026-04-13,1065,2012.9,0,0,1
SHP00298,2026-04-17,CAR003,Phoenix,Salt Lake City,West,2026-04-21,2026-04-21,664,1379.36,0,0,1
SHP00299,2026-04-24,CAR004,Scottsdale,Denver,Southwest,2026-04-29,2026-04-29,918,1905.48,0,0,1
SHP00300,2026-05-01,CAR005,Phoenix,Los Angeles,West,2026-05-03,2026-05-03,371,654.4,0,0,1
SHP00301,2026-05-08,CAR001,Tucson,Las Vegas,West,2026-05-11,2026-05-11,414,770.86,0,0,1
SHP00302,2026-05-15,CAR002,Phoenix,Dallas,Southwest,2026-05-19,2026-05-19,1065,2216.35,0,0,1
SHP00303,2026-05-22,CAR003,Phoenix,Salt Lake City,West,2026-05-27,2026-05-27,664,1193.41,0,0,1
SHP00304,2026-05-29,CAR004,Scottsdale,Denver,Southwest,2026-05-31,2026-05-31,918,2035.15,0,0,1
SHP00305,2026-06-05,CAR005,Phoenix,Los Angeles,West,2026-06-08,2026-06-08,371,782.88,0,0,1
SHP00306,2026-06-12,CAR001,Tucson,Las Vegas,West,2026-06-16,2026-06-16,414,816.78,0,0,1
SHP00307,2026-06-19,CAR002,Phoenix,Dallas,Southwest,2026-06-24,2026-06-24,1065,2312.14,0,0,1
SHP00308,2026-06-26,CAR003,Phoenix,Salt Lake City,West,2026-06-28,2026-06-28,664,1403.77,0,0,1
SHP00309,2026-01-04,CAR004,Scottsdale,Denver,Southwest,2026-01-07,2026-01-07,918,2113.49,0,0,1
SHP00310,2026-01-11,CAR005,Phoenix,Los Angeles,West,2026-01-15,2026-01-15,371,730.65,0,0,1
SHP00311,2026-01-18,CAR001,Tucson,Las Vegas,West,2026-01-23,2026-01-23,414,842.14,0,0,1
SHP00312,2026-01-25,CAR002,Phoenix,Dallas,Southwest,2026-01-27,2026-01-27,1065,2474.86,0,0,1
SHP00313,2026-02-01,CAR003,Phoenix,Salt Lake City,West,2026-02-04,2026-02-04,664,1567.27,0,0,1
SHP00314,2026-02-08,CAR004,Scottsdale,Denver,Southwest,2026-02-12,2026-02-13,918,1619.52,0,0,0
SHP00315,2026-02-15,CAR005,Phoenix,Los Angeles,West,2026-02-20,2026-02-20,371,754.08,0,0,1
SHP00316,2026-02-22,CAR001,Tucson,Las Vegas,West,2026-02-24,2026-02-24,414,875.52,0,0,1
SHP00317,2026-03-01,CAR002,Phoenix,Dallas,Southwest,2026-03-04,2026-03-04,1065,2134.98,0,0,1
SHP00318,2026-03-08,CAR003,Phoenix,Salt Lake City,West,2026-03-12,2026-03-12,664,1520.06,0,0,1
SHP00319,2026-03-15,CAR004,Scottsdale,Denver,Southwest,2026-03-20,2026-03-20,918,2065.52,0,0,1
SHP00320,2026-03-22,CAR005,Phoenix,Los Angeles,West,2026-03-24,2026-03-24,371,828.84,0,0,1
SHP00321,2026-03-29,CAR001,Tucson,Las Vegas,West,2026-04-01,2026-04-02,414,727.57,0,0,0
SHP00322,2026-04-05,CAR002,Phoenix,Dallas,Southwest,2026-04-09,2026-04-09,1065,2397.92,0,0,1
SHP00323,2026-04-12,CAR003,Phoenix,Salt Lake City,West,2026-04-17,2026-04-17,664,1276.68,0,0,1
SHP00324,2026-04-19,CAR004,Scottsdale,Denver,Southwest,2026-04-21,2026-04-22,918,2020.56,0,0,0
SHP00325,2026-04-26,CAR005,Phoenix,Los Angeles,West,2026-04-29,2026-04-29,371,664.66,0,0,1
SHP00326,2026-05-03,CAR001,Tucson,Las Vegas,West,2026-05-07,2026-05-07,414,951.97,0,0,1
SHP00327,2026-05-10,CAR002,Phoenix,Dallas,Southwest,2026-05-15,2026-05-15,1065,2214.49,0,0,1
SHP00328,2026-05-17,CAR003,Phoenix,Salt Lake City,West,2026-05-19,2026-05-19,664,1229.81,0,0,1
SHP00329,2026-05-24,CAR004,Scottsdale,Denver,Southwest,2026-05-27,2026-05-27,918,1848.2,0,0,1
SHP00330,2026-05-31,CAR005,Phoenix,Los Angeles,West,2026-06-04,2026-06-04,371,731.26,0,0,1
SHP00331,2026-06-07,CAR001,Tucson,Las Vegas,West,2026-06-12,2026-06-12,414,812.7,0,0,1
SHP00332,2026-06-14,CAR002,Phoenix,Dallas,Southwest,2026-06-16,2026-06-16,1065,2372.81,0,1,1
SHP00333,2026-06-21,CAR003,Phoenix,Salt Lake City,West,2026-06-24,2026-06-24,664,1290.28,0,0,1
SHP00334,2026-06-28,CAR004,Scottsdale,Denver,Southwest,2026-07-02,2026-07-02,918,1704.99,0,0,1
SHP00335,2026-01-06,CAR005,Phoenix,Los Angeles,West,2026-01-11,2026-01-11,371,729.54,1,0,1
SHP00336,2026-01-13,CAR001,Tucson,Las Vegas,West,2026-01-15,2026-01-15,414,813.14,0,0,1
SHP00337,2026-01-20,CAR002,Phoenix,Dallas,Southwest,2026-01-23,2026-01-23,1065,2284.15,0,0,1
SHP00338,2026-01-27,CAR003,Phoenix,Salt Lake City,West,2026-01-31,2026-01-31,664,1361.39,0,0,1
SHP00339,2026-02-03,CAR004,Scottsdale,Denver,Southwest,2026-02-08,2026-02-08,918,2011.89,0,0,1
SHP00340,2026-02-10,CAR005,Phoenix,Los Angeles,West,2026-02-12,2026-02-12,371,657.59,0,0,1
SHP00341,2026-02-17,CAR001,Tucson,Las Vegas,West,2026-02-20,2026-02-20,414,874.67,0,0,1
SHP00342,2026-02-24,CAR002,Phoenix,Dallas,Southwest,2026-02-28,2026-02-28,1065,2420.88,0,0,1
SHP00343,2026-03-03,CAR003,Phoenix,Salt Lake City,West,2026-03-08,2026-03-08,664,1196.58,0,0,1
SHP00344,2026-03-10,CAR004,Scottsdale,Denver,Southwest,2026-03-12,2026-03-13,918,1867.04,0,0,0
SHP00345,2026-03-17,CAR005,Phoenix,Los Angeles,West,2026-03-20,2026-03-20,371,659.57,0,0,1
SHP00346,2026-03-24,CAR001,Tucson,Las Vegas,West,2026-03-28,2026-03-28,414,820.52,0,0,1
SHP00347,2026-03-31,CAR002,Phoenix,Dallas,Southwest,2026-04-05,2026-04-05,1065,2137.6,0,0,1
SHP00348,2026-04-07,CAR003,Phoenix,Salt Lake City,West,2026-04-09,2026-04-09,664,1465.49,0,0,1
SHP00349,2026-04-14,CAR004,Scottsdale,Denver,Southwest,2026-04-17,2026-04-17,918,2105.64,0,0,1
SHP00350,2026-04-21,CAR005,Phoenix,Los Angeles,West,2026-04-25,2026-04-25,371,765.06,0,0,1
SHP00351,2026-04-28,CAR001,Tucson,Las Vegas,West,2026-05-03,2026-05-03,414,892.58,0,0,1
SHP00352,2026-05-05,CAR002,Phoenix,Dallas,Southwest,2026-05-07,2026-05-07,1065,2197.52,0,0,1
SHP00353,2026-05-12,CAR003,Phoenix,Salt Lake City,West,2026-05-15,2026-05-15,664,1510.14,0,0,1
SHP00354,2026-05-19,CAR004,Scottsdale,Denver,Southwest,2026-05-23,2026-05-23,918,2042.1,0,0,1
SHP00355,2026-05-26,CAR005,Phoenix,Los Angeles,West,2026-05-31,2026-05-31,371,697.65,0,0,1
SHP00356,2026-06-02,CAR001,Tucson,Las Vegas,West,2026-06-04,2026-06-04,414,766.1,0,0,1
SHP00357,2026-06-09,CAR002,Phoenix,Dallas,Southwest,2026-06-12,2026-06-12,1065,2143.51,0,0,1
SHP00358,2026-06-16,CAR003,Phoenix,Salt Lake City,West,2026-06-20,2026-06-20,664,1586.98,0,0,1
SHP00359,2026-06-23,CAR004,Scottsdale,Denver,Southwest,2026-06-28,2026-06-28,918,2194.17,0,0,1
SHP00360,2026-01-01,CAR005,Phoenix,Los Angeles,West,2026-01-03,2026-01-03,371,782.88,0,0,1
SHP00361,2026-01-08,CAR001,Tucson,Las Vegas,West,2026-01-11,2026-01-11,414,862.29,0,0,1
SHP00362,2026-01-15,CAR002,Phoenix,Dallas,Southwest,2026-01-19,2026-01-19,1065,2349.93,0,0,1
SHP00363,2026-01-22,CAR003,Phoenix,Salt Lake City,West,2026-01-27,2026-01-27,664,1496.08,0,0,1
SHP00364,2026-01-29,CAR004,Scottsdale,Denver,Southwest,2026-01-31,2026-01-31,918,2098.27,0,0,1
SHP00365,2026-02-05,CAR005,Phoenix,Los Angeles,West,2026-02-08,2026-02-08,371,761.12,0,0,1
SHP00366,2026-02-12,CAR001,Tucson,Las Vegas,West,2026-02-16,2026-02-16,414,870.35,0,0,1
SHP00367,2026-02-19,CAR002,Phoenix,Dallas,Southwest,2026-02-24,2026-02-24,1065,2030.03,0,0,1
SHP00368,2026-02-26,CAR003,Phoenix,Salt Lake City,West,2026-02-28,2026-02-28,664,1450.1,0,0,1
SHP00369,2026-03-05,CAR004,Scottsdale,Denver,Southwest,2026-03-08,2026-03-08,918,1840.93,0,0,1
SHP00370,2026-03-12,CAR005,Phoenix,Los Angeles,West,2026-03-16,2026-03-16,371,835.75,0,0,1
SHP00371,2026-03-19,CAR001,Tucson,Las Vegas,West,2026-03-24,2026-03-24,414,826.03,0,0,1
SHP00372,2026-03-26,CAR002,Phoenix,Dallas,Southwest,2026-03-28,2026-03-28,1065,1896.0,0,0,1
SHP00373,2026-04-02,CAR003,Phoenix,Salt Lake City,West,2026-04-05,2026-04-05,664,1442.49,0,0,1
SHP00374,2026-04-09,CAR004,Scottsdale,Denver,Southwest,2026-04-13,2026-04-13,918,1609.67,0,0,1
SHP00375,2026-04-16,CAR005,Phoenix,Los Angeles,West,2026-04-21,2026-04-21,371,888.21,0,0,1
SHP00376,2026-04-23,CAR001,Tucson,Las Vegas,West,2026-04-25,2026-04-25,414,893.56,0,0,1
SHP00377,2026-04-30,CAR002,Phoenix,Dallas,Southwest,2026-05-03,2026-05-03,1065,1965.47,0,0,1
SHP00378,2026-05-07,CAR003,Phoenix,Salt Lake City,West,2026-05-11,2026-05-11,664,1475.49,0,0,1
SHP00379,2026-05-14,CAR004,Scottsdale,Denver,Southwest,2026-05-19,2026-05-19,918,1896.28,0,0,1
SHP00380,2026-05-21,CAR005,Phoenix,Los Angeles,West,2026-05-23,2026-05-23,371,812.15,0,0,1
SHP00381,2026-05-28,CAR001,Tucson,Las Vegas,West,2026-05-31,2026-05-31,414,914.62,0,0,1
SHP00382,2026-06-04,CAR002,Phoenix,Dallas,Southwest,2026-06-08,2026-06-08,1065,2137.76,0,0,1
SHP00383,2026-06-11,CAR003,Phoenix,Salt Lake City,West,2026-06-16,2026-06-16,664,1502.69,0,0,1
SHP00384,2026-06-18,CAR004,Scottsdale,Denver,Southwest,2026-06-20,2026-06-20,918,1984.79,0,0,1
SHP00385,2026-06-25,CAR005,Phoenix,Los Angeles,West,2026-06-28,2026-06-28,371,660.37,0,0,1
SHP00386,2026-01-03,CAR001,Tucson,Las Vegas,West,2026-01-07,2026-01-07,414,788.35,0,0,1
SHP00387,2026-01-10,CAR002,Phoenix,Dallas,Southwest,2026-01-15,2026-01-16,1065,1974.85,0,0,0
SHP00388,2026-01-17,CAR003,Phoenix,Salt Lake City,West,2026-01-19,2026-01-19,664,1471.15,0,0,1
SHP00389,2026-01-24,CAR004,Scottsdale,Denver,Southwest,2026-01-27,2026-01-27,918,1718.73,0,0,1
SHP00390,2026-01-31,CAR005,Phoenix,Los Angeles,West,2026-02-04,2026-02-05,371,770.63,0,0,0
SHP00391,2026-02-07,CAR001,Tucson,Las Vegas,West,2026-02-12,2026-02-12,414,888.1,0,0,1
SHP00392,2026-02-14,CAR002,Phoenix,Dallas,Southwest,2026-02-16,2026-02-16,1065,1964.13,0,0,1
SHP00393,2026-02-21,CAR003,Phoenix,Salt Lake City,West,2026-02-24,2026-02-24,664,1443.59,0,0,1
SHP00394,2026-02-28,CAR004,Scottsdale,Denver,Southwest,2026-03-04,2026-03-04,918,1985.72,0,0,1
SHP00395,2026-03-07,CAR005,Phoenix,Los Angeles,West,2026-03-12,2026-03-12,371,691.46,0,0,1
SHP00396,2026-03-14,CAR001,Tucson,Las Vegas,West,2026-03-16,2026-03-16,414,928.41,0,0,1
SHP00397,2026-03-21,CAR002,Phoenix,Dallas,Southwest,2026-03-24,2026-03-24,1065,2053.48,0,0,1
SHP00398,2026-03-28,CAR003,Phoenix,Salt Lake City,West,2026-04-01,2026-04-01,664,1417.29,0,0,1
SHP00399,2026-04-04,CAR004,Scottsdale,Denver,Southwest,2026-04-09,2026-04-09,918,1885.8,0,0,1
SHP00400,2026-04-11,CAR005,Phoenix,Los Angeles,West,2026-04-13,2026-04-13,371,777.1,0,0,1
SHP00401,2026-04-18,CAR001,Tucson,Las Vegas,West,2026-04-21,2026-04-21,414,899.85,0,0,1
SHP00402,2026-04-25,CAR002,Phoenix,Dallas,Southwest,2026-04-29,2026-04-29,1065,1875.43,1,0,1
SHP00403,2026-05-02,CAR003,Phoenix,Salt Lake City,West,2026-05-07,2026-05-07,664,1294.67,0,0,1
SHP00404,2026-05-09,CAR004,Scottsdale,Denver,Southwest,2026-05-11,2026-05-11,918,1662.23,0,0,1
SHP00405,2026-05-16,CAR005,Phoenix,Los Angeles,West,2026-05-19,2026-05-19,371,796.91,0,0,1
SHP00406,2026-05-23,CAR001,Tucson,Las Vegas,West,2026-05-27,2026-05-27,414,931.44,0,0,1
SHP00407,2026-05-30,CAR002,Phoenix,Dallas,Southwest,2026-06-04,2026-06-04,1065,2229.06,0,0,1
SHP00408,2026-06-06,CAR003,Phoenix,Salt Lake City,West,2026-06-08,2026-06-09,664,1515.19,0,0,0
SHP00409,2026-06-13,CAR004,Scottsdale,Denver,Southwest,2026-06-16,2026-06-16,918,1678.34,0,0,1
SHP00410,2026-06-20,CAR005,Phoenix,Los Angeles,West,2026-06-24,2026-06-24,371,765.61,0,0,1
SHP00411,2026-06-27,CAR001,Tucson,Las Vegas,West,2026-07-02,2026-07-02,414,827.49,0,0,1
SHP00412,2026-01-05,CAR002,Phoenix,Dallas,Southwest,2026-01-07,2026-01-07,1065,1892.54,0,0,1
SHP00413,2026-01-12,CAR003,Phoenix,Salt Lake City,West,2026-01-15,2026-01-15,664,1288.58,0,0,1
SHP00414,2026-01-19,CAR004,Scottsdale,Denver,Southwest,2026-01-23,2026-01-23,918,2135.48,0,0,1
SHP00415,2026-01-26,CAR005,Phoenix,Los Angeles,West,2026-01-31,2026-01-31,371,884.36,0,1,1
SHP00416,2026-02-02,CAR001,Tucson,Las Vegas,West,2026-02-04,2026-02-04,414,727.91,0,0,1
SHP00417,2026-02-09,CAR002,Phoenix,Dallas,Southwest,2026-02-12,2026-02-13,1065,2122.32,0,0,0
SHP00418,2026-02-16,CAR003,Phoenix,Salt Lake City,West,2026-02-20,2026-02-20,664,1389.7,0,0,1
SHP00419,2026-02-23,CAR004,Scottsdale,Denver,Southwest,2026-02-28,2026-02-28,918,2132.05,0,0,1
SHP00420,2026-03-02,CAR005,Phoenix,Los Angeles,West,2026-03-04,2026-03-04,371,846.27,0,0,1
SHP00421,2026-03-09,CAR001,Tucson,Las Vegas,West,2026-03-12,2026-03-12,414,883.76,0,0,1
SHP00422,2026-03-16,CAR002,Phoenix,Dallas,Southwest,2026-03-20,2026-03-20,1065,2488.76,0,0,1
SHP00423,2026-03-23,CAR003,Phoenix,Salt Lake City,West,2026-03-28,2026-03-28,664,1591.24,0,0,1
SHP00424,2026-03-30,CAR004,Scottsdale,Denver,Southwest,2026-04-01,2026-04-01,918,1643.93,0,0,1
SHP00425,2026-04-06,CAR005,Phoenix,Los Angeles,West,2026-04-09,2026-04-09,371,766.39,0,0,1
SHP00426,2026-04-13,CAR001,Tucson,Las Vegas,West,2026-04-17,2026-04-17,414,888.16,0,0,1
SHP00427,2026-04-20,CAR002,Phoenix,Dallas,Southwest,2026-04-25,2026-04-25,1065,1891.52,0,0,1
SHP00428,2026-04-27,CAR003,Phoenix,Salt Lake City,West,2026-04-29,2026-04-29,664,1321.64,0,0,1
SHP00429,2026-05-04,CAR004,Scottsdale,Denver,Southwest,2026-05-07,2026-05-07,918,2115.62,0,0,1
SHP00430,2026-05-11,CAR005,Phoenix,Los Angeles,West,2026-05-15,2026-05-15,371,738.29,0,0,1
SHP00431,2026-05-18,CAR001,Tucson,Las Vegas,West,2026-05-23,2026-05-23,414,787.6,0,0,1
SHP00432,2026-05-25,CAR002,Phoenix,Dallas,Southwest,2026-05-27,2026-05-27,1065,1937.72,0,0,1
SHP00433,2026-06-01,CAR003,Phoenix,Salt Lake City,West,2026-06-04,2026-06-04,664,1475.48,0,0,1
SHP00434,2026-06-08,CAR004,Scottsdale,Denver,Southwest,2026-06-12,2026-06-12,918,1942.03,0,0,1
SHP00435,2026-06-15,CAR005,Phoenix,Los Angeles,West,2026-06-20,2026-06-20,371,749.05,0,0,1
SHP00436,2026-06-22,CAR001,Tucson,Las Vegas,West,2026-06-24,2026-06-25,414,967.92,0,0,0
SHP00437,2026-06-29,CAR002,Phoenix,Dallas,Southwest,2026-07-02,2026-07-03,1065,2382.74,0,0,0
SHP00438,2026-01-07,CAR003,Phoenix,Salt Lake City,West,2026-01-11,2026-01-11,664,1237.43,0,0,1
SHP00439,2026-01-14,CAR004,Scottsdale,Denver,Southwest,2026-01-19,2026-01-19,918,1760.9,0,0,1
SHP00440,2026-01-21,CAR005,Phoenix,Los Angeles,West,2026-01-23,2026-01-23,371,794.97,0,0,1
SHP00441,2026-01-28,CAR001,Tucson,Las Vegas,West,2026-01-31,2026-02-01,414,827.04,0,0,0
SHP00442,2026-02-04,CAR002,Phoenix,Dallas,Southwest,2026-02-08,2026-02-08,1065,2051.89,0,0,1
SHP00443,2026-02-11,CAR003,Phoenix,Salt Lake City,West,2026-02-16,2026-02-16,664,1390.31,0,0,1
SHP00444,2026-02-18,CAR004,Scottsdale,Denver,Southwest,2026-02-20,2026-02-20,918,1881.97,0,0,1
SHP00445,2026-02-25,CAR005,Phoenix,Los Angeles,West,2026-02-28,2026-02-28,371,705.44,0,0,1
SHP00446,2026-03-04,CAR001,Tucson,Las Vegas,West,2026-03-08,2026-03-08,414,757.04,0,0,1
SHP00447,2026-03-11,CAR002,Phoenix,Dallas,Southwest,2026-03-16,2026-03-16,1065,2298.64,0,0,1
SHP00448,2026-03-18,CAR003,Phoenix,Salt Lake City,West,2026-03-20,2026-03-20,664,1322.1,0,0,1
SHP00449,2026-03-25,CAR004,Scottsdale,Denver,Southwest,2026-03-28,2026-03-28,918,1649.16,0,0,1
SHP00450,2026-04-01,CAR005,Phoenix,Los Angeles,West,2026-04-05,2026-04-05,371,660.89,0,0,1
SHP00451,2026-04-08,CAR001,Tucson,Las Vegas,West,2026-04-13,2026-04-13,414,973.8,0,0,1
SHP00452,2026-04-15,CAR002,Phoenix,Dallas,Southwest,2026-04-17,2026-04-17,1065,2093.94,0,0,1
SHP00453,2026-04-22,CAR003,Phoenix,Salt Lake City,West,2026-04-25,2026-04-25,664,1370.33,0,0,1
SHP00454,2026-04-29,CAR004,Scottsdale,Denver,Southwest,2026-05-03,2026-05-03,918,1719.65,0,0,1
SHP00455,2026-05-06,CAR005,Phoenix,Los Angeles,West,2026-05-11,2026-05-11,371,705.99,0,0,1
SHP00456,2026-05-13,CAR001,Tucson,Las Vegas,West,2026-05-15,2026-05-15,414,950.93,0,0,1
SHP00457,2026-05-20,CAR002,Phoenix,Dallas,Southwest,2026-05-23,2026-05-23,1065,2238.81,0,0,1
SHP00458,2026-05-27,CAR003,Phoenix,Salt Lake City,West,2026-05-31,2026-05-31,664,1231.14,0,0,1
SHP00459,2026-06-03,CAR004,Scottsdale,Denver,Southwest,2026-06-08,2026-06-09,918,1979.56,0,0,0
SHP00460,2026-06-10,CAR005,Phoenix,Los Angeles,West,2026-06-12,2026-06-12,371,683.45,0,0,1
SHP00461,2026-06-17,CAR001,Tucson,Las Vegas,West,2026-06-20,2026-06-20,414,798.44,0,0,1
SHP00462,2026-06-24,CAR002,Phoenix,Dallas,Southwest,2026-06-28,2026-06-28,1065,2263.48,0,0,1
SHP00463,2026-01-02,CAR003,Phoenix,Salt Lake City,West,2026-01-07,2026-01-07,664,1256.81,0,0,1
SHP00464,2026-01-09,CAR004,Scottsdale,Denver,Southwest,2026-01-11,2026-01-11,918,1960.2,0,0,1
SHP00465,2026-01-16,CAR005,Phoenix,Los Angeles,West,2026-01-19,2026-01-19,371,663.56,0,0,1
SHP00466,2026-01-23,CAR001,Tucson,Las Vegas,West,2026-01-27,2026-01-27,414,752.14,0,0,1
SHP00467,2026-01-30,CAR002,Phoenix,Dallas,Southwest,2026-02-04,2026-02-04,1065,2494.78,0,0,1
SHP00468,2026-02-06,CAR003,Phoenix,Salt Lake City,West,2026-02-08,2026-02-09,664,1577.9,0,0,0
SHP00469,2026-02-13,CAR004,Scottsdale,Denver,Southwest,2026-02-16,2026-02-16,918,1652.88,1,0,1
SHP00470,2026-02-20,CAR005,Phoenix,Los Angeles,West,2026-02-24,2026-02-24,371,772.26,0,0,1
SHP00471,2026-02-27,CAR001,Tucson,Las Vegas,West,2026-03-04,2026-03-04,414,817.02,0,0,1
SHP00472,2026-03-06,CAR002,Phoenix,Dallas,Southwest,2026-03-08,2026-03-08,1065,2481.14,0,0,1
SHP00473,2026-03-13,CAR003,Phoenix,Salt Lake City,West,2026-03-16,2026-03-16,664,1332.74,0,0,1
SHP00474,2026-03-20,CAR004,Scottsdale,Denver,Southwest,2026-03-24,2026-03-24,918,1800.43,0,0,1
SHP00475,2026-03-27,CAR005,Phoenix,Los Angeles,West,2026-04-01,2026-04-01,371,693.85,0,0,1
SHP00476,2026-04-03,CAR001,Tucson,Las Vegas,West,2026-04-05,2026-04-05,414,851.19,0,0,1
SHP00477,2026-04-10,CAR002,Phoenix,Dallas,Southwest,2026-04-13,2026-04-14,1065,2527.33,0,0,0
SHP00478,2026-04-17,CAR003,Phoenix,Salt Lake City,West,2026-04-21,2026-04-21,664,1523.89,0,0,1
SHP00479,2026-04-24,CAR004,Scottsdale,Denver,Southwest,2026-04-29,2026-04-29,918,2101.33,0,0,1
SHP00480,2026-05-01,CAR005,Phoenix,Los Angeles,West,2026-05-03,2026-05-03,371,878.27,0,0,1
SHP00481,2026-05-08,CAR001,Tucson,Las Vegas,West,2026-05-11,2026-05-11,414,831.35,0,0,1
SHP00482,2026-05-15,CAR002,Phoenix,Dallas,Southwest,2026-05-19,2026-05-20,1065,2053.64,0,0,0
SHP00483,2026-05-22,CAR003,Phoenix,Salt Lake City,West,2026-05-27,2026-05-27,664,1448.58,0,0,1
SHP00484,2026-05-29,CAR004,Scottsdale,Denver,Southwest,2026-05-31,2026-05-31,918,2187.06,0,0,1
SHP00485,2026-06-05,CAR005,Phoenix,Los Angeles,West,2026-06-08,2026-06-08,371,699.14,0,0,1
SHP00486,2026-06-12,CAR001,Tucson,Las Vegas,West,2026-06-16,2026-06-16,414,796.39,0,0,1
SHP00487,2026-06-19,CAR002,Phoenix,Dallas,Southwest,2026-06-24,2026-06-24,1065,2030.16,0,0,1
SHP00488,2026-06-26,CAR003,Phoenix,Salt Lake City,West,2026-06-28,2026-06-28,664,1417.52,0,0,1
SHP00489,2026-01-04,CAR004,Scottsdale,Denver,Southwest,2026-01-07,2026-01-07,918,1629.09,0,0,1
SHP00490,2026-01-11,CAR005,Phoenix,Los Angeles,West,2026-01-15,2026-01-15,371,866.78,0,0,1
SHP00491,2026-01-18,CAR001,Tucson,Las Vegas,West,2026-01-23,2026-01-23,414,963.99,0,0,1
SHP00492,2026-01-25,CAR002,Phoenix,Dallas,Southwest,2026-01-27,2026-01-27,1065,2010.67,0,0,1
SHP00493,2026-02-01,CAR003,Phoenix,Salt Lake City,West,2026-02-04,2026-02-04,664,1496.48,0,0,1
SHP00494,2026-02-08,CAR004,Scottsdale,Denver,Southwest,2026-02-12,2026-02-12,918,1770.24,0,0,1
SHP00495,2026-02-15,CAR005,Phoenix,Los Angeles,West,2026-02-20,2026-02-20,371,678.89,0,0,1
SHP00496,2026-02-22,CAR001,Tucson,Las Vegas,West,2026-02-24,2026-02-25,414,741.63,0,0,0
SHP00497,2026-03-01,CAR002,Phoenix,Dallas,Southwest,2026-03-04,2026-03-05,1065,2171.48,0,0,0
SHP00498,2026-03-08,CAR003,Phoenix,Salt Lake City,West,2026-03-12,2026-03-12,664,1362.56,0,1,1
SHP00499,2026-03-15,CAR004,Scottsdale,Denver,Southwest,2026-03-20,2026-03-20,918,1943.32,0,0,1
SHP00500,2026-03-22,CAR005,Phoenix,Los Angeles,West,2026-03-24,2026-03-24,371,861.55,0,0,1
SHP00501,2026-03-29,CAR001,Tucson,Las Vegas,West,2026-04-01,2026-04-01,414,936.17,0,0,1
SHP00502,2026-04-05,CAR002,Phoenix,Dallas,Southwest,2026-04-09,2026-04-09,1065,2340.04,0,0,1
SHP00503,2026-04-12,CAR003,Phoenix,Salt Lake City,West,2026-04-17,2026-04-18,664,1583.39,0,0,0
SHP00504,2026-04-19,CAR004,Scottsdale,Denver,Southwest,2026-04-21,2026-04-21,918,1813.87,0,0,1
SHP00505,2026-04-26,CAR005,Phoenix,Los Angeles,West,2026-04-29,2026-04-29,371,883.32,0,0,1
SHP00506,2026-05-03,CAR001,Tucson,Las Vegas,West,2026-05-07,2026-05-07,414,877.81,0,0,1
SHP00507,2026-05-10,CAR002,Phoenix,Dallas,Southwest,2026-05-15,2026-05-15,1065,2015.73,0,0,1
SHP00508,2026-05-17,CAR003,Phoenix,Salt Lake City,West,2026-05-19,2026-05-19,664,1327.42,0,0,1
SHP00509,2026-05-24,CAR004,Scottsdale,Denver,Southwest,2026-05-27,2026-05-28,918,1998.08,0,0,0
SHP00510,2026-05-31,CAR005,Phoenix,Los Angeles,West,2026-06-04,2026-06-04,371,783.99,0,0,1
SHP00511,2026-06-07,CAR001,Tucson,Las Vegas,West,2026-06-12,2026-06-12,414,858.15,0,0,1
SHP00512,2026-06-14,CAR002,Phoenix,Dallas,Southwest,2026-06-16,2026-06-16,1065,1994.11,0,0,1
SHP00513,2026-06-21,CAR003,Phoenix,Salt Lake City,West,2026-06-24,2026-06-24,664,1232.53,0,0,1
SHP00514,2026-06-28,CAR004,Scottsdale,Denver,Southwest,2026-07-02,2026-07-02,918,2072.82,0,0,1
SHP00515,2026-01-06,CAR005,Phoenix,Los Angeles,West,2026-01-11,2026-01-11,371,712.42,0,0,1
SHP00516,2026-01-13,CAR001,Tucson,Las Vegas,West,2026-01-15,2026-01-15,414,752.51,0,0,1
SHP00517,2026-01-20,CAR002,Phoenix,Dallas,Southwest,2026-01-23,2026-01-23,1065,1986.69,0,0,1
SHP00518,2026-01-27,CAR003,Phoenix,Salt Lake City,West,2026-01-31,2026-02-01,664,1549.46,0,0,0
SHP00519,2026-02-03,CAR004,Scottsdale,Denver,Southwest,2026-02-08,2026-02-08,918,1664.99,0,0,1
SHP00520,2026-02-10,CAR005,Phoenix,Los Angeles,West,2026-02-12,2026-02-12,371,671.83,0,0,1
SHP00521,2026-02-17,CAR001,Tucson,Las Vegas,West,2026-02-20,2026-02-20,414,988.36,0,0,1
SHP00522,2026-02-24,CAR002,Phoenix,Dallas,Southwest,2026-02-28,2026-02-28,1065,2524.58,0,0,1
SHP00523,2026-03-03,CAR003,Phoenix,Salt Lake City,West,2026-03-08,2026-03-08,664,1205.06,0,0,1
SHP00524,2026-03-10,CAR004,Scottsdale,Denver,Southwest,2026-03-12,2026-03-12,918,2138.16,0,0,1
SHP00525,2026-03-17,CAR005,Phoenix,Los Angeles,West,2026-03-20,2026-03-20,371,697.59,0,0,1
SHP00526,2026-03-24,CAR001,Tucson,Las Vegas,West,2026-03-28,2026-03-28,414,917.49,0,0,1
SHP00527,2026-03-31,CAR002,Phoenix,Dallas,Southwest,2026-04-05,2026-04-05,1065,2157.45,0,0,1
SHP00528,2026-04-07,CAR003,Phoenix,Salt Lake City,West,2026-04-09,2026-04-09,664,1507.46,0,0,1
SHP00529,2026-04-14,CAR004,Scottsdale,Denver,Southwest,2026-04-17,2026-04-17,918,1889.34,0,0,1
SHP00530,2026-04-21,CAR005,Phoenix,Los Angeles,West,2026-04-25,2026-04-25,371,839.35,0,0,1
SHP00531,2026-04-28,CAR001,Tucson,Las Vegas,West,2026-05-03,2026-05-03,414,751.54,0,0,1
SHP00532,2026-05-05,CAR002,Phoenix,Dallas,Southwest,2026-05-07,2026-05-07,1065,2265.55,0,0,1
SHP00533,2026-05-12,CAR003,Phoenix,Salt Lake City,West,2026-05-15,2026-05-16,664,1576.14,0,0,0
SHP00534,2026-05-19,CAR004,Scottsdale,Denver,Southwest,2026-05-23,2026-05-23,918,1691.64,0,0,1
SHP00535,2026-05-26,CAR005,Phoenix,Los Angeles,West,2026-05-31,2026-05-31,371,704.16,0,0,1
SHP00536,2026-06-02,CAR001,Tucson,Las Vegas,West,2026-06-04,2026-06-05,414,741.37,1,0,0
SHP00537,2026-06-09,CAR002,Phoenix,Dallas,Southwest,2026-06-12,2026-06-12,1065,2446.31,0,0,1
SHP00538,2026-06-16,CAR003,Phoenix,Salt Lake City,West,2026-06-20,2026-06-20,664,1246.54,0,0,1
SHP00539,2026-06-23,CAR004,Scottsdale,Denver,Southwest,2026-06-28,2026-06-28,918,1921.08,0,0,1
SHP00540,2026-01-01,CAR005,Phoenix,Los Angeles,West,2026-01-03,2026-01-03,371,818.48,0,0,1
SHP00541,2026-01-08,CAR001,Tucson,Las Vegas,West,2026-01-11,2026-01-11,414,954.36,0,0,1
SHP00542,2026-01-15,CAR002,Phoenix,Dallas,Southwest,2026-01-19,2026-01-19,1065,2210.36,0,0,1
SHP00543,2026-01-22,CAR003,Phoenix,Salt Lake City,West,2026-01-27,2026-01-27,664,1309.85,0,0,1
SHP00544,2026-01-29,CAR004,Scottsdale,Denver,Southwest,2026-01-31,2026-01-31,918,2079.42,0,0,1
SHP00545,2026-02-05,CAR005,Phoenix,Los Angeles,West,2026-02-08,2026-02-08,371,790.34,0,0,1
SHP00546,2026-02-12,CAR001,Tucson,Las Vegas,West,2026-02-16,2026-02-16,414,969.19,0,0,1
SHP00547,2026-02-19,CAR002,Phoenix,Dallas,Southwest,2026-02-24,2026-02-25,1065,2524.21,0,0,0
SHP00548,2026-02-26,CAR003,Phoenix,Salt Lake City,West,2026-02-28,2026-02-28,664,1586.61,0,0,1
SHP00549,2026-03-05,CAR004,Scottsdale,Denver,Southwest,2026-03-08,2026-03-08,918,2089.47,0,0,1
SHP00550,2026-03-12,CAR005,Phoenix,Los Angeles,West,2026-03-16,2026-03-16,371,705.55,0,0,1
SHP00551,2026-03-19,CAR001,Tucson,Las Vegas,West,2026-03-24,2026-03-24,414,925.94,0,0,1
SHP00552,2026-03-26,CAR002,Phoenix,Dallas,Southwest,2026-03-28,2026-03-28,1065,1920.16,0,0,1
SHP00553,2026-04-02,CAR003,Phoenix,Salt Lake City,West,2026-04-05,2026-04-05,664,1512.24,0,0,1
SHP00554,2026-04-09,CAR004,Scottsdale,Denver,Southwest,2026-04-13,2026-04-13,918,2164.91,0,0,1
SHP00555,2026-04-16,CAR005,Phoenix,Los Angeles,West,2026-04-21,2026-04-21,371,804.4,0,0,1
SHP00556,2026-04-23,CAR001,Tucson,Las Vegas,West,2026-04-25,2026-04-25,414,930.82,0,0,1
SHP00557,2026-04-30,CAR002,Phoenix,Dallas,Southwest,2026-05-03,2026-05-03,1065,2244.93,0,0,1
SHP00558,2026-05-07,CAR003,Phoenix,Salt Lake City,West,2026-05-11,2026-05-11,664,1182.3,0,0,1
SHP00559,2026-05-14,CAR004,Scottsdale,Denver,Southwest,2026-05-19,2026-05-19,918,1893.71,0,0,1
SHP00560,2026-05-21,CAR005,Phoenix,Los Angeles,West,2026-05-23,2026-05-23,371,821.97,0,0,1
SHP00561,2026-05-28,CAR001,Tucson,Las Vegas,West,2026-05-31,2026-05-31,414,822.04,0,0,1
SHP00562,2026-06-04,CAR002,Phoenix,Dallas,Southwest,2026-06-08,2026-06-08,1065,2303.41,0,0,1
SHP00563,2026-06-11,CAR003,Phoenix,Salt Lake City,West,2026-06-16,2026-06-16,664,1307.68,0,0,1
SHP00564,2026-06-18,CAR004,Scottsdale,Denver,Southwest,2026-06-20,2026-06-20,918,1896.18,0,0,1
SHP00565,2026-06-25,CAR005,Phoenix,Los Angeles,West,2026-06-28,2026-06-28,371,694.65,0,0,1
SHP00566,2026-01-03,CAR001,Tucson,Las Vegas,West,2026-01-07,2026-01-07,414,855.97,0,0,1
SHP00567,2026-01-10,CAR002,Phoenix,Dallas,Southwest,2026-01-15,2026-01-15,1065,2337.69,0,0,1
SHP00568,2026-01-17,CAR003,Phoenix,Salt Lake City,West,2026-01-19,2026-01-19,664,1570.28,0,0,1
SHP00569,2026-01-24,CAR004,Scottsdale,Denver,Southwest,2026-01-27,2026-01-27,918,2045.36,0,0,1
SHP00570,2026-01-31,CAR005,Phoenix,Los Angeles,West,2026-02-04,2026-02-04,371,709.4,0,0,1
SHP00571,2026-02-07,CAR001,Tucson,Las Vegas,West,2026-02-12,2026-02-12,414,841.26,0,0,1
SHP00572,2026-02-14,CAR002,Phoenix,Dallas,Southwest,2026-02-16,2026-02-16,1065,2150.19,0,0,1
SHP00573,2026-02-21,CAR003,Phoenix,Salt Lake City,West,2026-02-24,2026-02-24,664,1252.38,0,0,1
SHP00574,2026-02-28,CAR004,Scottsdale,Denver,Southwest,2026-03-04,2026-03-04,918,1918.09,0,0,1
SHP00575,2026-03-07,CAR005,Phoenix,Los Angeles,West,2026-03-12,2026-03-12,371,714.57,0,0,1
SHP00576,2026-03-14,CAR001,Tucson,Las Vegas,West,2026-03-16,2026-03-16,414,969.26,0,0,1
SHP00577,2026-03-21,CAR002,Phoenix,Dallas,Southwest,2026-03-24,2026-03-24,1065,2170.08,0,0,1
SHP00578,2026-03-28,CAR003,Phoenix,Salt Lake City,West,2026-04-01,2026-04-01,664,1213.14,0,0,1
SHP00579,2026-04-04,CAR004,Scottsdale,Denver,Southwest,2026-04-09,2026-04-09,918,1913.14,0,0,1
SHP00580,2026-04-11,CAR005,Phoenix,Los Angeles,West,2026-04-13,2026-04-13,371,726.42,0,0,1
SHP00581,2026-04-18,CAR001,Tucson,Las Vegas,West,2026-04-21,2026-04-21,414,872.95,0,1,1
SHP00582,2026-04-25,CAR002,Phoenix,Dallas,Southwest,2026-04-29,2026-04-29,1065,2105.64,0,0,1
SHP00583,2026-05-02,CAR003,Phoenix,Salt Lake City,West,2026-05-07,2026-05-07,664,1510.8,0,0,1
SHP00584,2026-05-09,CAR004,Scottsdale,Denver,Southwest,2026-05-11,2026-05-11,918,1707.07,0,0,1
SHP00585,2026-05-16,CAR005,Phoenix,Los Angeles,West,2026-05-19,2026-05-19,371,835.14,0,0,1
SHP00586,2026-05-23,CAR001,Tucson,Las Vegas,West,2026-05-27,2026-05-27,414,831.5,0,0,1
SHP00587,2026-05-30,CAR002,Phoenix,Dallas,Southwest,2026-06-04,2026-06-04,1065,2001.89,0,0,1
SHP00588,2026-06-06,CAR003,Phoenix,Salt Lake City,West,2026-06-08,2026-06-09,664,1448.3,0,0,0
SHP00589,2026-06-13,CAR004,Scottsdale,Denver,Southwest,2026-06-16,2026-06-16,918,2121.56,0,0,1
SHP00590,2026-06-20,CAR005,Phoenix,Los Angeles,West,2026-06-24,2026-06-24,371,665.68,0,0,1
SHP00591,2026-06-27,CAR001,Tucson,Las Vegas,West,2026-07-02,2026-07-02,414,846.12,0,0,1
SHP00592,2026-01-05,CAR002,Phoenix,Dallas,Southwest,2026-01-07,2026-01-08,1065,2343.99,0,0,0
SHP00593,2026-01-12,CAR003,Phoenix,Salt Lake City,West,2026-01-15,2026-01-15,664,1370.68,0,0,1
SHP00594,2026-01-19,CAR004,Scottsdale,Denver,Southwest,2026-01-23,2026-01-24,918,2140.45,0,0,0
SHP00595,2026-01-26,CAR005,Phoenix,Los Angeles,West,2026-01-31,2026-01-31,371,766.69,0,0,1
SHP00596,2026-02-02,CAR001,Tucson,Las Vegas,West,2026-02-04,2026-02-04,414,981.62,0,0,1
SHP00597,2026-02-09,CAR002,Phoenix,Dallas,Southwest,2026-02-12,2026-02-12,1065,1893.51,0,0,1
SHP00598,2026-02-16,CAR003,Phoenix,Salt Lake City,West,2026-02-20,2026-02-20,664,1241.29,0,0,1
SHP00599,2026-02-23,CAR004,Scottsdale,Denver,Southwest,2026-02-28,2026-02-28,918,1996.14,0,0,1
SHP00600,2026-03-02,CAR005,Phoenix,Los Angeles,West,2026-03-04,2026-03-04,371,866.82,0,0,1
SHP00601,2026-03-09,CAR001,Tucson,Las Vegas,West,2026-03-12,2026-03-12,414,769.61,0,0,1
SHP00602,2026-03-16,CAR002,Phoenix,Dallas,Southwest,2026-03-20,2026-03-21,1065,2349.56,0,0,0
SHP00603,2026-03-23,CAR003,Phoenix,Salt Lake City,West,2026-03-28,2026-03-28,664,1210.75,1,0,1
SHP00604,2026-03-30,CAR004,Scottsdale,Denver,Southwest,2026-04-01,2026-04-01,918,2185.45,0,0,1
SHP00605,2026-04-06,CAR005,Phoenix,Los Angeles,West,2026-04-09,2026-04-09,371,663.16,0,0,1
SHP00606,2026-04-13,CAR001,Tucson,Las Vegas,West,2026-04-17,2026-04-17,414,846.3,0,0,1
SHP00607,2026-04-20,CAR002,Phoenix,Dallas,Southwest,2026-04-25,2026-04-25,1065,2069.33,0,0,1
SHP00608,2026-04-27,CAR003,Phoenix,Salt Lake City,West,2026-04-29,2026-04-29,664,1392.39,0,0,1
SHP00609,2026-05-04,CAR004,Scottsdale,Denver,Southwest,2026-05-07,2026-05-07,918,1950.72,0,0,1
SHP00610,2026-05-11,CAR005,Phoenix,Los Angeles,West,2026-05-15,2026-05-15,371,790.91,0,0,1
SHP00611,2026-05-18,CAR001,Tucson,Las Vegas,West,2026-05-23,2026-05-23,414,830.13,0,0,1
SHP00612,2026-05-25,CAR002,Phoenix,Dallas,Southwest,2026-05-27,2026-05-28,1065,2036.67,0,0,0
SHP00613,2026-06-01,CAR003,Phoenix,Salt Lake City,West,2026-06-04,2026-06-04,664,1313.8,0,0,1
SHP00614,2026-06-08,CAR004,Scottsdale,Denver,Southwest,2026-06-12,2026-06-12,918,2039.17,0,0,1
SHP00615,2026-06-15,CAR005,Phoenix,Los Angeles,West,2026-06-20,2026-06-20,371,758.21,0,0,1
SHP00616,2026-06-22,CAR001,Tucson,Las Vegas,West,2026-06-24,2026-06-24,414,954.21,0,0,1
SHP00617,2026-06-29,CAR002,Phoenix,Dallas,Southwest,2026-07-02,2026-07-02,1065,2090.07,0,0,1
SHP00618,2026-01-07,CAR003,Phoenix,Salt Lake City,West,2026-01-11,2026-01-11,664,1335.11,0,0,1
SHP00619,2026-01-14,CAR004,Scottsdale,Denver,Southwest,2026-01-19,2026-01-20,918,2096.76,0,0,0
SHP00620,2026-01-21,CAR005,Phoenix,Los Angeles,West,2026-01-23,2026-01-23,371,863.12,0,0,1
SHP00621,2026-01-28,CAR001,Tucson,Las Vegas,West,2026-01-31,2026-01-31,414,901.92,0,0,1
SHP00622,2026-02-04,CAR002,Phoenix,Dallas,Southwest,2026-02-08,2026-02-09,1065,2384.92,0,0,0
SHP00623,2026-02-11,CAR003,Phoenix,Salt Lake City,West,2026-02-16,2026-02-16,664,1486.59,0,0,1
SHP00624,2026-02-18,CAR004,Scottsdale,Denver,Southwest,2026-02-20,2026-02-20,918,1970.19,0,0,1
SHP00625,2026-02-25,CAR005,Phoenix,Los Angeles,West,2026-02-28,2026-02-28,371,711.84,0,0,1
SHP00626,2026-03-04,CAR001,Tucson,Las Vegas,West,2026-03-08,2026-03-08,414,764.39,0,0,1
SHP00627,2026-03-11,CAR002,Phoenix,Dallas,Southwest,2026-03-16,2026-03-16,1065,2478.72,0,0,1
SHP00628,2026-03-18,CAR003,Phoenix,Salt Lake City,West,2026-03-20,2026-03-20,664,1197.17,0,0,1
SHP00629,2026-03-25,CAR004,Scottsdale,Denver,Southwest,2026-03-28,2026-03-29,918,1836.95,0,0,0
SHP00630,2026-04-01,CAR005,Phoenix,Los Angeles,West,2026-04-05,2026-04-05,371,722.86,0,0,1
SHP00631,2026-04-08,CAR001,Tucson,Las Vegas,West,2026-04-13,2026-04-13,414,888.6,0,0,1
SHP00632,2026-04-15,CAR002,Phoenix,Dallas,Southwest,2026-04-17,2026-04-17,1065,2297.68,0,0,1
SHP00633,2026-04-22,CAR003,Phoenix,Salt Lake City,West,2026-04-25,2026-04-25,664,1243.47,0,0,1
SHP00634,2026-04-29,CAR004,Scottsdale,Denver,Southwest,2026-05-03,2026-05-03,918,2077.89,0,0,1
SHP00635,2026-05-06,CAR005,Phoenix,Los Angeles,West,2026-05-11,2026-05-11,371,861.46,0,0,1
SHP00636,2026-05-13,CAR001,Tucson,Las Vegas,West,2026-05-15,2026-05-15,414,891.22,0,0,1
SHP00637,2026-05-20,CAR002,Phoenix,Dallas,Southwest,2026-05-23,2026-05-23,1065,2201.96,0,0,1
SHP00638,2026-05-27,CAR003,Phoenix,Salt Lake City,West,2026-05-31,2026-06-01,664,1286.44,0,0,0
SHP00639,2026-06-03,CAR004,Scottsdale,Denver,Southwest,2026-06-08,2026-06-08,918,2097.12,0,0,1
SHP00640,2026-06-10,CAR005,Phoenix,Los Angeles,West,2026-06-12,2026-06-12,371,676.52,0,0,1
SHP00641,2026-06-17,CAR001,Tucson,Las Vegas,West,2026-06-20,2026-06-20,414,954.58,0,0,1
SHP00642,2026-06-24,CAR002,Phoenix,Dallas,Southwest,2026-06-28,2026-06-28,1065,2350.62,0,0,1
SHP00643,2026-01-02,CAR003,Phoenix,Salt Lake City,West,2026-01-07,2026-01-07,664,1382.44,0,0,1
SHP00644,2026-01-09,CAR004,Scottsdale,Denver,Southwest,2026-01-11,2026-01-11,918,1939.68,0,0,1
SHP00645,2026-01-16,CAR005,Phoenix,Los Angeles,West,2026-01-19,2026-01-19,371,741.73,0,0,1
SHP00646,2026-01-23,CAR001,Tucson,Las Vegas,West,2026-01-27,2026-01-27,414,732.42,0,0,1
SHP00647,2026-01-30,CAR002,Phoenix,Dallas,Southwest,2026-02-04,2026-02-04,1065,1927.65,0,0,1
SHP00648,2026-02-06,CAR003,Phoenix,Salt Lake City,West,2026-02-08,2026-02-08,664,1405.28,0,0,1
SHP00649,2026-02-13,CAR004,Scottsdale,Denver,Southwest,2026-02-16,2026-02-16,918,2047.31,0,0,1
SHP00650,2026-02-20,CAR005,Phoenix,Los Angeles,West,2026-02-24,2026-02-24,371,728.1,0,0,1
SHP00651,2026-02-27,CAR001,Tucson,Las Vegas,West,2026-03-04,2026-03-04,414,741.44,0,0,1
SHP00652,2026-03-06,CAR002,Phoenix,Dallas,Southwest,2026-03-08,2026-03-08,1065,2548.71,0,0,1
SHP00653,2026-03-13,CAR003,Phoenix,Salt Lake City,West,2026-03-16,2026-03-16,664,1262.35,0,0,1
SHP00654,2026-03-20,CAR004,Scottsdale,Denver,Southwest,2026-03-24,2026-03-24,918,2158.84,0,0,1
SHP00655,2026-03-27,CAR005,Phoenix,Los Angeles,West,2026-04-01,2026-04-01,371,862.63,0,0,1
SHP00656,2026-04-03,CAR001,Tucson,Las Vegas,West,2026-04-05,2026-04-05,414,863.99,0,0,1
SHP00657,2026-04-10,CAR002,Phoenix,Dallas,Southwest,2026-04-13,2026-04-13,1065,2417.72,0,0,1
SHP00658,2026-04-17,CAR003,Phoenix,Salt Lake City,West,2026-04-21,2026-04-22,664,1418.69,0,0,0
SHP00659,2026-04-24,CAR004,Scottsdale,Denver,Southwest,2026-04-29,2026-04-29,918,1677.77,0,0,1
SHP00660,2026-05-01,CAR005,Phoenix,Los Angeles,West,2026-05-03,2026-05-03,371,652.73,0,0,1
SHP00661,2026-05-08,CAR001,Tucson,Las Vegas,West,2026-05-11,2026-05-11,414,887.92,0,0,1
SHP00662,2026-05-15,CAR002,Phoenix,Dallas,Southwest,2026-05-19,2026-05-19,1065,2036.86,0,0,1
SHP00663,2026-05-22,CAR003,Phoenix,Salt Lake City,West,2026-05-27,2026-05-27,664,1517.18,0,0,1
SHP00664,2026-05-29,CAR004,Scottsdale,Denver,Southwest,2026-05-31,2026-05-31,918,1764.03,0,1,1
SHP00665,2026-06-05,CAR005,Phoenix,Los Angeles,West,2026-06-08,2026-06-08,371,666.34,0,0,1
SHP00666,2026-06-12,CAR001,Tucson,Las Vegas,West,2026-06-16,2026-06-16,414,822.4,0,0,1
SHP00667,2026-06-19,CAR002,Phoenix,Dallas,Southwest,2026-06-24,2026-06-24,1065,2037.18,0,0,1
SHP00668,2026-06-26,CAR003,Phoenix,Salt Lake City,West,2026-06-28,2026-06-28,664,1276.68,0,0,1
SHP00669,2026-01-04,CAR004,Scottsdale,Denver,Southwest,2026-01-07,2026-01-07,918,2036.05,0,0,1
SHP00670,2026-01-11,CAR005,Phoenix,Los Angeles,West,2026-01-15,2026-01-15,371,828.21,1,0,1
SHP00671,2026-01-18,CAR001,Tucson,Las Vegas,West,2026-01-23,2026-01-23,414,793.64,0,0,1
SHP00672,2026-01-25,CAR002,Phoenix,Dallas,Southwest,2026-01-27,2026-01-27,1065,2471.79,0,0,1
SHP00673,2026-02-01,CAR003,Phoenix,Salt Lake City,West,2026-02-04,2026-02-04,664,1424.0,0,0,1
SHP00674,2026-02-08,CAR004,Scottsdale,Denver,Southwest,2026-02-12,2026-02-12,918,1921.28,0,0,1
SHP00675,2026-02-15,CAR005,Phoenix,Los Angeles,West,2026-02-20,2026-02-20,371,792.95,0,0,1
SHP00676,2026-02-22,CAR001,Tucson,Las Vegas,West,2026-02-24,2026-02-24,414,866.23,0,0,1
SHP00677,2026-03-01,CAR002,Phoenix,Dallas,Southwest,2026-03-04,2026-03-04,1065,2398.43,0,0,1
SHP00678,2026-03-08,CAR003,Phoenix,Salt Lake City,West,2026-03-12,2026-03-12,664,1177.27,0,0,1
SHP00679,2026-03-15,CAR004,Scottsdale,Denver,Southwest,2026-03-20,2026-03-21,918,2165.41,0,0,0
SHP00680,2026-03-22,CAR005,Phoenix,Los Angeles,West,2026-03-24,2026-03-24,371,767.23,0,0,1
SHP00681,2026-03-29,CAR001,Tucson,Las Vegas,West,2026-04-01,2026-04-01,414,906.18,0,0,1
SHP00682,2026-04-05,CAR002,Phoenix,Dallas,Southwest,2026-04-09,2026-04-09,1065,2276.71,0,0,1
SHP00683,2026-04-12,CAR003,Phoenix,Salt Lake City,West,2026-04-17,2026-04-17,664,1276.38,0,0,1
SHP00684,2026-04-19,CAR004,Scottsdale,Denver,Southwest,2026-04-21,2026-04-21,918,1802.31,0,0,1
SHP00685,2026-04-26,CAR005,Phoenix,Los Angeles,West,2026-04-29,2026-04-29,371,857.65,0,0,1
SHP00686,2026-05-03,CAR001,Tucson,Las Vegas,West,2026-05-07,2026-05-08,414,734.29,0,0,0
SHP00687,2026-05-10,CAR002,Phoenix,Dallas,Southwest,2026-05-15,2026-05-16,1065,2044.42,0,0,0
SHP00688,2026-05-17,CAR003,Phoenix,Salt Lake City,West,2026-05-19,2026-05-19,664,1246.0,0,0,1
SHP00689,2026-05-24,CAR004,Scottsdale,Denver,Southwest,2026-05-27,2026-05-27,918,1650.44,0,0,1
SHP00690,2026-05-31,CAR005,Phoenix,Los Angeles,West,2026-06-04,2026-06-04,371,830.33,0,0,1
SHP00691,2026-06-07,CAR001,Tucson,Las Vegas,West,2026-06-12,2026-06-12,414,979.15,0,0,1
SHP00692,2026-06-14,CAR002,Phoenix,Dallas,Southwest,2026-06-16,2026-06-16,1065,2063.01,0,0,1
SHP00693,2026-06-21,CAR003,Phoenix,Salt Lake City,West,2026-06-24,2026-06-24,664,1543.84,0,0,1
SHP00694,2026-06-28,CAR004,Scottsdale,Denver,Southwest,2026-07-02,2026-07-02,918,1944.45,0,0,1
SHP00695,2026-01-06,CAR005,Phoenix,Los Angeles,West,2026-01-11,2026-01-11,371,887.54,0,0,1
SHP00696,2026-01-13,CAR001,Tucson,Las Vegas,West,2026-01-15,2026-01-15,414,734.8,0,0,1
SHP00697,2026-01-20,CAR002,Phoenix,Dallas,Southwest,2026-01-23,2026-01-23,1065,2316.5,0,0,1
SHP00698,2026-01-27,CAR003,Phoenix,Salt Lake City,West,2026-01-31,2026-01-31,664,1214.6,0,0,1
SHP00699,2026-02-03,CAR004,Scottsdale,Denver,Southwest,2026-02-08,2026-02-08,918,2123.02,0,0,1
SHP00700,2026-02-10,CAR005,Phoenix,Los Angeles,West,2026-02-12,2026-02-13,371,687.97,0,0,0
SHP00701,2026-02-17,CAR001,Tucson,Las Vegas,West,2026-02-20,2026-02-20,414,738.58,0,0,1
SHP00702,2026-02-24,CAR002,Phoenix,Dallas,Southwest,2026-02-28,2026-02-28,1065,2510.77,0,0,1
SHP00703,2026-03-03,CAR003,Phoenix,Salt Lake City,West,2026-03-08,2026-03-08,664,1357.87,0,0,1
SHP00704,2026-03-10,CAR004,Scottsdale,Denver,Southwest,2026-03-12,2026-03-12,918,1893.18,0,0,1
SHP00705,2026-03-17,CAR005,Phoenix,Los Angeles,West,2026-03-20,2026-03-20,371,771.11,0,0,1
SHP00706,2026-03-24,CAR001,Tucson,Las Vegas,West,2026-03-28,2026-03-28,414,791.4,0,0,1
SHP00707,2026-03-31,CAR002,Phoenix,Dallas,Southwest,2026-04-05,2026-04-05,1065,1915.11,0,0,1
SHP00708,2026-04-07,CAR003,Phoenix,Salt Lake City,West,2026-04-09,2026-04-09,664,1317.54,0,0,1
SHP00709,2026-04-14,CAR004,Scottsdale,Denver,Southwest,2026-04-17,2026-04-17,918,2172.2,0,0,1
SHP00710,2026-04-21,CAR005,Phoenix,Los Angeles,West,2026-04-25,2026-04-25,371,888.87,0,0,1
SHP00711,2026-04-28,CAR001,Tucson,Las Vegas,West,2026-05-03,2026-05-04,414,955.07,0,0,0
SHP00712,2026-05-05,CAR002,Phoenix,Dallas,Southwest,2026-05-07,2026-05-07,1065,1982.9,0,0,1
SHP00713,2026-05-12,CAR003,Phoenix,Salt Lake City,West,2026-05-15,2026-05-15,664,1274.16,0,0,1
SHP00714,2026-05-19,CAR004,Scottsdale,Denver,Southwest,2026-05-23,2026-05-23,918,2114.14,0,0,1
SHP00715,2026-05-26,CAR005,Phoenix,Los Angeles,West,2026-05-31,2026-05-31,371,810.83,0,0,1
SHP00716,2026-06-02,CAR001,Tucson,Las Vegas,West,2026-06-04,2026-06-04,414,908.51,0,0,1
SHP00717,2026-06-09,CAR002,Phoenix,Dallas,Southwest,2026-06-12,2026-06-13,1065,2389.96,0,0,0
SHP00718,2026-06-16,CAR003,Phoenix,Salt Lake City,West,2026-06-20,2026-06-20,664,1458.06,0,0,1
SHP00719,2026-06-23,CAR004,Scottsdale,Denver,Southwest,2026-06-28,2026-06-28,918,2021.21,0,0,1
SHP00720,2026-01-01,CAR005,Phoenix,Los Angeles,West,2026-01-03,2026-01-03,371,856.38,0,0,1
SHP00721,2026-01-08,CAR001,Tucson,Las Vegas,West,2026-01-11,2026-01-11,414,898.18,0,0,1
SHP00722,2026-01-15,CAR002,Phoenix,Dallas,Southwest,2026-01-19,2026-01-19,1065,2116.44,0,0,1
SHP00723,2026-01-22,CAR003,Phoenix,Salt Lake City,West,2026-01-27,2026-01-27,664,1314.35,0,0,1
SHP00724,2026-01-29,CAR004,Scottsdale,Denver,Southwest,2026-01-31,2026-01-31,918,1932.42,0,0,1
SHP00725,2026-02-05,CAR005,Phoenix,Los Angeles,West,2026-02-08,2026-02-08,371,862.36,0,0,1
SHP00726,2026-02-12,CAR001,Tucson,Las Vegas,West,2026-02-16,2026-02-16,414,987.34,0,0,1
SHP00727,2026-02-19,CAR002,Phoenix,Dallas,Southwest,2026-02-24,2026-02-24,1065,2149.97,0,0,1
SHP00728,2026-02-26,CAR003,Phoenix,Salt Lake City,West,2026-02-28,2026-02-28,664,1570.66,0,0,1
SHP00729,2026-03-05,CAR004,Scottsdale,Denver,Southwest,2026-03-08,2026-03-08,918,1672.1,0,0,1
SHP00730,2026-03-12,CAR005,Phoenix,Los Angeles,West,2026-03-16,2026-03-17,371,723.14,0,0,0
SHP00731,2026-03-19,CAR001,Tucson,Las Vegas,West,2026-03-24,2026-03-24,414,989.81,0,0,1
SHP00732,2026-03-26,CAR002,Phoenix,Dallas,Southwest,2026-03-28,2026-03-29,1065,2052.46,0,0,0
SHP00733,2026-04-02,CAR003,Phoenix,Salt Lake City,West,2026-04-05,2026-04-05,664,1290.29,0,0,1
SHP00734,2026-04-09,CAR004,Scottsdale,Denver,Southwest,2026-04-13,2026-04-13,918,1730.73,0,0,1
SHP00735,2026-04-16,CAR005,Phoenix,Los Angeles,West,2026-04-21,2026-04-21,371,693.65,0,0,1
SHP00736,2026-04-23,CAR001,Tucson,Las Vegas,West,2026-04-25,2026-04-25,414,972.01,0,0,1
SHP00737,2026-04-30,CAR002,Phoenix,Dallas,Southwest,2026-05-03,2026-05-03,1065,2449.14,1,0,1
SHP00738,2026-05-07,CAR003,Phoenix,Salt Lake City,West,2026-05-11,2026-05-11,664,1325.95,0,0,1
SHP00739,2026-05-14,CAR004,Scottsdale,Denver,Southwest,2026-05-19,2026-05-19,918,2061.56,0,0,1
SHP00740,2026-05-21,CAR005,Phoenix,Los Angeles,West,2026-05-23,2026-05-23,371,810.52,0,0,1
SHP00741,2026-05-28,CAR001,Tucson,Las Vegas,West,2026-05-31,2026-05-31,414,821.82,0,0,1
SHP00742,2026-06-04,CAR002,Phoenix,Dallas,Southwest,2026-06-08,2026-06-08,1065,1977.62,0,0,1
SHP00743,2026-06-11,CAR003,Phoenix,Salt Lake City,West,2026-06-16,2026-06-16,664,1175.27,0,0,1
SHP00744,2026-06-18,CAR004,Scottsdale,Denver,Southwest,2026-06-20,2026-06-21,918,2010.91,0,0,0
SHP00745,2026-06-25,CAR005,Phoenix,Los Angeles,West,2026-06-28,2026-06-28,371,820.3,0,0,1
SHP00746,2026-01-03,CAR001,Tucson,Las Vegas,West,2026-01-07,2026-01-07,414,957.01,0,0,1
SHP00747,2026-01-10,CAR002,Phoenix,Dallas,Southwest,2026-01-15,2026-01-15,1065,2016.62,0,1,1
SHP00748,2026-01-17,CAR003,Phoenix,Salt Lake City,West,2026-01-19,2026-01-19,664,1371.71,0,0,1
SHP00749,2026-01-24,CAR004,Scottsdale,Denver,Southwest,2026-01-27,2026-01-27,918,1767.8,0,0,1
SHP00750,2026-01-31,CAR005,Phoenix,Los Angeles,West,2026-02-04,2026-02-04,371,710.87,0,0,1
SHP00751,2026-02-07,CAR001,Tucson,Las Vegas,West,2026-02-12,2026-02-12,414,764.52,0,0,1
SHP00752,2026-02-14,CAR002,Phoenix,Dallas,Southwest,2026-02-16,2026-02-16,1065,2509.39,0,0,1
SHP00753,2026-02-21,CAR003,Phoenix,Salt Lake City,West,2026-02-24,2026-02-24,664,1592.11,0,0,1
SHP00754,2026-02-28,CAR004,Scottsdale,Denver,Southwest,2026-03-04,2026-03-04,918,1729.35,0,0,1
SHP00755,2026-03-07,CAR005,Phoenix,Los Angeles,West,2026-03-12,2026-03-12,371,656.84,0,0,1
SHP00756,2026-03-14,CAR001,Tucson,Las Vegas,West,2026-03-16,2026-03-16,414,848.73,0,0,1
SHP00757,2026-03-21,CAR002,Phoenix,Dallas,Southwest,2026-03-24,2026-03-24,1065,1898.74,0,0,1
SHP00758,2026-03-28,CAR003,Phoenix,Salt Lake City,West,2026-04-01,2026-04-01,664,1224.09,0,0,1
SHP00759,2026-04-04,CAR004,Scottsdale,Denver,Southwest,2026-04-09,2026-04-09,918,1847.44,0,0,1
SHP00760,2026-04-11,CAR005,Phoenix,Los Angeles,West,2026-04-13,2026-04-13,371,760.53,0,0,1
SHP00761,2026-04-18,CAR001,Tucson,Las Vegas,West,2026-04-21,2026-04-22,414,978.42,0,0,0
SHP00762,2026-04-25,CAR002,Phoenix,Dallas,Southwest,2026-04-29,2026-04-29,1065,2462.29,0,0,1
SHP00763,2026-05-02,CAR003,Phoenix,Salt Lake City,West,2026-05-07,2026-05-07,664,1504.55,0,0,1
SHP00764,2026-05-09,CAR004,Scottsdale,Denver,Southwest,2026-05-11,2026-05-11,918,2012.68,0,0,1
SHP00765,2026-05-16,CAR005,Phoenix,Los Angeles,West,2026-05-19,2026-05-19,371,723.04,0,0,1
SHP00766,2026-05-23,CAR001,Tucson,Las Vegas,West,2026-05-27,2026-05-27,414,820.58,0,0,1
SHP00767,2026-05-30,CAR002,Phoenix,Dallas,Southwest,2026-06-04,2026-06-04,1065,2430.24,0,0,1
SHP00768,2026-06-06,CAR003,Phoenix,Salt Lake City,West,2026-06-08,2026-06-08,664,1382.16,0,0,1
SHP00769,2026-06-13,CAR004,Scottsdale,Denver,Southwest,2026-06-16,2026-06-16,918,2013.19,0,0,1
SHP00770,2026-06-20,CAR005,Phoenix,Los Angeles,West,2026-06-24,2026-06-24,371,843.12,0,0,1
SHP00771,2026-06-27,CAR001,Tucson,Las Vegas,West,2026-07-02,2026-07-02,414,751.68,0,0,1
SHP00772,2026-01-05,CAR002,Phoenix,Dallas,Southwest,2026-01-07,2026-01-07,1065,1993.89,0,0,1
SHP00773,2026-01-12,CAR003,Phoenix,Salt Lake City,West,2026-01-15,2026-01-15,664,1460.83,0,0,1
SHP00774,2026-01-19,CAR004,Scottsdale,Denver,Southwest,2026-01-23,2026-01-23,918,2185.02,0,0,1
SHP00775,2026-01-26,CAR005,Phoenix,Los Angeles,West,2026-01-31,2026-02-01,371,678.77,0,0,0
SHP00776,2026-02-02,CAR001,Tucson,Las Vegas,West,2026-02-04,2026-02-05,414,802.55,0,0,0
SHP00777,2026-02-09,CAR002,Phoenix,Dallas,Southwest,2026-02-12,2026-02-12,1065,1999.16,0,0,1
SHP00778,2026-02-16,CAR003,Phoenix,Salt Lake City,West,2026-02-20,2026-02-20,664,1301.07,0,0,1
SHP00779,2026-02-23,CAR004,Scottsdale,Denver,Southwest,2026-02-28,2026-02-28,918,1656.36,0,0,1
SHP00780,2026-03-02,CAR005,Phoenix,Los Angeles,West,2026-03-04,2026-03-04,371,724.46,0,0,1
SHP00781,2026-03-09,CAR001,Tucson,Las Vegas,West,2026-03-12,2026-03-12,414,959.33,0,0,1
SHP00782,2026-03-16,CAR002,Phoenix,Dallas,Southwest,2026-03-20,2026-03-20,1065,2353.26,0,0,1
SHP00783,2026-03-23,CAR003,Phoenix,Salt Lake City,West,2026-03-28,2026-03-28,664,1593.17,0,0,1
SHP00784,2026-03-30,CAR004,Scottsdale,Denver,Southwest,2026-04-01,2026-04-01,918,2158.57,0,0,1
SHP00785,2026-04-06,CAR005,Phoenix,Los Angeles,West,2026-04-09,2026-04-09,371,803.56,0,0,1
SHP00786,2026-04-13,CAR001,Tucson,Las Vegas,West,2026-04-17,2026-04-17,414,770.98,0,0,1
SHP00787,2026-04-20,CAR002,Phoenix,Dallas,Southwest,2026-04-25,2026-04-25,1065,1987.94,0,0,1
SHP00788,2026-04-27,CAR003,Phoenix,Salt Lake City,West,2026-04-29,2026-04-29,664,1215.41,0,0,1
SHP00789,2026-05-04,CAR004,Scottsdale,Denver,Southwest,2026-05-07,2026-05-07,918,2016.59,0,0,1
SHP00790,2026-05-11,CAR005,Phoenix,Los Angeles,West,2026-05-15,2026-05-16,371,666.41,0,0,0
SHP00791,2026-05-18,CAR001,Tucson,Las Vegas,West,2026-05-23,2026-05-23,414,826.22,0,0,1
SHP00792,2026-05-25,CAR002,Phoenix,Dallas,Southwest,2026-05-27,2026-05-27,1065,2527.99,0,0,1
SHP00793,2026-06-01,CAR003,Phoenix,Salt Lake City,West,2026-06-04,2026-06-04,664,1461.59,0,0,1
SHP00794,2026-06-08,CAR004,Scottsdale,Denver,Southwest,2026-06-12,2026-06-12,918,1983.71,0,0,1
SHP00795,2026-06-15,CAR005,Phoenix,Los Angeles,West,2026-06-20,2026-06-20,371,673.81,0,0,1
SHP00796,2026-06-22,CAR001,Tucson,Las Vegas,West,2026-06-24,2026-06-25,414,776.45,0,0,0
SHP00797,2026-06-29,CAR002,Phoenix,Dallas,Southwest,2026-07-02,2026-07-02,1065,2059.48,0,0,1
SHP00798,2026-01-07,CAR003,Phoenix,Salt Lake City,West,2026-01-11,2026-01-11,664,1549.43,0,0,1
SHP00799,2026-01-14,CAR004,Scottsdale,Denver,Southwest,2026-01-19,2026-01-19,918,2189.62,0,0,1
SHP00800,2026-01-21,CAR005,Phoenix,Los Angeles,West,2026-01-23,2026-01-23,371,881.17,0,0,1
SHP00801,2026-01-28,CAR001,Tucson,Las Vegas,West,2026-01-31,2026-02-01,414,948.12,0,0,0
SHP00802,2026-02-04,CAR002,Phoenix,Dallas,Southwest,2026-02-08,2026-02-09,1065,2551.37,0,0,0
SHP00803,2026-02-11,CAR003,Phoenix,Salt Lake City,West,2026-02-16,2026-02-16,664,1343.35,0,0,1
SHP00804,2026-02-18,CAR004,Scottsdale,Denver,Southwest,2026-02-20,2026-02-20,918,1867.65,1,0,1
SHP00805,2026-02-25,CAR005,Phoenix,Los Angeles,West,2026-02-28,2026-02-28,371,860.63,0,0,1
SHP00806,2026-03-04,CAR001,Tucson,Las Vegas,West,2026-03-08,2026-03-08,414,962.95,0,0,1
SHP00807,2026-03-11,CAR002,Phoenix,Dallas,Southwest,2026-03-16,2026-03-16,1065,2201.55,0,0,1
SHP00808,2026-03-18,CAR003,Phoenix,Salt Lake City,West,2026-03-20,2026-03-20,664,1261.03,0,0,1
SHP00809,2026-03-25,CAR004,Scottsdale,Denver,Southwest,2026-03-28,2026-03-28,918,2032.29,0,0,1
SHP00810,2026-04-01,CAR005,Phoenix,Los Angeles,West,2026-04-05,2026-04-05,371,683.16,0,0,1
SHP00811,2026-04-08,CAR001,Tucson,Las Vegas,West,2026-04-13,2026-04-13,414,885.63,0,0,1
SHP00812,2026-04-15,CAR002,Phoenix,Dallas,Southwest,2026-04-17,2026-04-17,1065,2326.84,0,0,1
SHP00813,2026-04-22,CAR003,Phoenix,Salt Lake City,West,2026-04-25,2026-04-25,664,1573.58,0,0,1
SHP00814,2026-04-29,CAR004,Scottsdale,Denver,Southwest,2026-05-03,2026-05-03,918,1897.81,0,0,1
SHP00815,2026-05-06,CAR005,Phoenix,Los Angeles,West,2026-05-11,2026-05-11,371,747.57,0,0,1
SHP00816,2026-05-13,CAR001,Tucson,Las Vegas,West,2026-05-15,2026-05-15,414,811.77,0,0,1
SHP00817,2026-05-20,CAR002,Phoenix,Dallas,Southwest,2026-05-23,2026-05-23,1065,2303.62,0,0,1
SHP00818,2026-05-27,CAR003,Phoenix,Salt Lake City,West,2026-05-31,2026-05-31,664,1566.55,0,0,1
SHP00819,2026-06-03,CAR004,Scottsdale,Denver,Southwest,2026-06-08,2026-06-08,918,1876.91,0,0,1
SHP00820,2026-06-10,CAR005,Phoenix,Los Angeles,West,2026-06-12,2026-06-13,371,821.1,0,0,0
SHP00821,2026-06-17,CAR001,Tucson,Las Vegas,West,2026-06-20,2026-06-20,414,826.33,0,0,1
SHP00822,2026-06-24,CAR002,Phoenix,Dallas,Southwest,2026-06-28,2026-06-28,1065,2098.83,0,0,1
SHP00823,2026-01-02,CAR003,Phoenix,Salt Lake City,West,2026-01-07,2026-01-07,664,1396.67,0,0,1
SHP00824,2026-01-09,CAR004,Scottsdale,Denver,Southwest,2026-01-11,2026-01-11,918,1900.62,0,0,1
SHP00825,2026-01-16,CAR005,Phoenix,Los Angeles,West,2026-01-19,2026-01-19,371,683.67,0,0,1
SHP00826,2026-01-23,CAR001,Tucson,Las Vegas,West,2026-01-27,2026-01-27,414,928.18,0,0,1
SHP00827,2026-01-30,CAR002,Phoenix,Dallas,Southwest,2026-02-04,2026-02-04,1065,2231.73,0,0,1
SHP00828,2026-02-06,CAR003,Phoenix,Salt Lake City,West,2026-02-08,2026-02-08,664,1351.97,0,0,1
SHP00829,2026-02-13,CAR004,Scottsdale,Denver,Southwest,2026-02-16,2026-02-16,918,1624.58,0,0,1
SHP00830,2026-02-20,CAR005,Phoenix,Los Angeles,West,2026-02-24,2026-02-24,371,769.26,0,1,1
SHP00831,2026-02-27,CAR001,Tucson,Las Vegas,West,2026-03-04,2026-03-04,414,858.21,0,0,1
SHP00832,2026-03-06,CAR002,Phoenix,Dallas,Southwest,2026-03-08,2026-03-08,1065,1902.34,0,0,1
SHP00833,2026-03-13,CAR003,Phoenix,Salt Lake City,West,2026-03-16,2026-03-16,664,1165.92,0,0,1
SHP00834,2026-03-20,CAR004,Scottsdale,Denver,Southwest,2026-03-24,2026-03-24,918,2127.62,0,0,1
SHP00835,2026-03-27,CAR005,Phoenix,Los Angeles,West,2026-04-01,2026-04-01,371,886.02,0,0,1
SHP00836,2026-04-03,CAR001,Tucson,Las Vegas,West,2026-04-05,2026-04-06,414,873.49,0,0,0
SHP00837,2026-04-10,CAR002,Phoenix,Dallas,Southwest,2026-04-13,2026-04-13,1065,2114.45,0,0,1
SHP00838,2026-04-17,CAR003,Phoenix,Salt Lake City,West,2026-04-21,2026-04-21,664,1531.34,0,0,1
SHP00839,2026-04-24,CAR004,Scottsdale,Denver,Southwest,2026-04-29,2026-04-29,918,1789.48,0,0,1
SHP00840,2026-05-01,CAR005,Phoenix,Los Angeles,West,2026-05-03,2026-05-03,371,704.56,0,0,1
SHP00841,2026-05-08,CAR001,Tucson,Las Vegas,West,2026-05-11,2026-05-11,414,939.21,0,0,1
SHP00842,2026-05-15,CAR002,Phoenix,Dallas,Southwest,2026-05-19,2026-05-20,1065,2349.19,0,0,0
SHP00843,2026-05-22,CAR003,Phoenix,Salt Lake City,West,2026-05-27,2026-05-27,664,1365.58,0,0,1
SHP00844,2026-05-29,CAR004,Scottsdale,Denver,Southwest,2026-05-31,2026-05-31,918,1674.04,0,0,1
SHP00845,2026-06-05,CAR005,Phoenix,Los Angeles,West,2026-06-08,2026-06-08,371,717.14,0,0,1
SHP00846,2026-06-12,CAR001,Tucson,Las Vegas,West,2026-06-16,2026-06-16,414,861.6,0,0,1
SHP00847,2026-06-19,CAR002,Phoenix,Dallas,Southwest,2026-06-24,2026-06-25,1065,2204.48,0,0,0
SHP00848,2026-06-26,CAR003,Phoenix,Salt Lake City,West,2026-06-28,2026-06-28,664,1495.03,0,0,1
SHP00849,2026-01-04,CAR004,Scottsdale,Denver,Southwest,2026-01-07,2026-01-07,918,1967.72,0,0,1
SHP00850,2026-01-11,CAR005,Phoenix,Los Angeles,West,2026-01-15,2026-01-15,371,874.77,0,0,1
SHP00851,2026-01-18,CAR001,Tucson,Las Vegas,West,2026-01-23,2026-01-23,414,942.71,0,0,1
SHP00852,2026-01-25,CAR002,Phoenix,Dallas,Southwest,2026-01-27,2026-01-27,1065,2504.24,0,0,1
SHP00853,2026-02-01,CAR003,Phoenix,Salt Lake City,West,2026-02-04,2026-02-04,664,1395.29,0,0,1
SHP00854,2026-02-08,CAR004,Scottsdale,Denver,Southwest,2026-02-12,2026-02-12,918,1974.2,0,0,1
SHP00855,2026-02-15,CAR005,Phoenix,Los Angeles,West,2026-02-20,2026-02-20,371,782.17,0,0,1
SHP00856,2026-02-22,CAR001,Tucson,Las Vegas,West,2026-02-24,2026-02-24,414,991.33,0,0,1
SHP00857,2026-03-01,CAR002,Phoenix,Dallas,Southwest,2026-03-04,2026-03-04,1065,2514.54,0,0,1
SHP00858,2026-03-08,CAR003,Phoenix,Salt Lake City,West,2026-03-12,2026-03-12,664,1215.78,0,0,1
SHP00859,2026-03-15,CAR004,Scottsdale,Denver,Southwest,2026-03-20,2026-03-20,918,1856.45,0,0,1
SHP00860,2026-03-22,CAR005,Phoenix,Los Angeles,West,2026-03-24,2026-03-24,371,671.24,0,0,1
SHP00861,2026-03-29,CAR001,Tucson,Las Vegas,West,2026-04-01,2026-04-01,414,982.78,0,0,1
SHP00862,2026-04-05,CAR002,Phoenix,Dallas,Southwest,2026-04-09,2026-04-09,1065,1993.44,0,0,1
SHP00863,2026-04-12,CAR003,Phoenix,Salt Lake City,West,2026-04-17,2026-04-17,664,1392.78,0,0,1
SHP00864,2026-04-19,CAR004,Scottsdale,Denver,Southwest,2026-04-21,2026-04-21,918,1862.19,0,0,1
SHP00865,2026-04-26,CAR005,Phoenix,Los Angeles,West,2026-04-29,2026-04-29,371,873.81,0,0,1
SHP00866,2026-05-03,CAR001,Tucson,Las Vegas,West,2026-05-07,2026-05-07,414,828.98,0,0,1
SHP00867,2026-05-10,CAR002,Phoenix,Dallas,Southwest,2026-05-15,2026-05-16,1065,2434.02,0,0,0
SHP00868,2026-05-17,CAR003,Phoenix,Salt Lake City,West,2026-05-19,2026-05-19,664,1491.9,0,0,1
SHP00869,2026-05-24,CAR004,Scottsdale,Denver,Southwest,2026-05-27,2026-05-27,918,1635.37,0,0,1
SHP00870,2026-05-31,CAR005,Phoenix,Los Angeles,West,2026-06-04,2026-06-04,371,651.33,0,0,1
SHP00871,2026-06-07,CAR001,Tucson,Las Vegas,West,2026-06-12,2026-06-12,414,850.78,1,0,1
SHP00872,2026-06-14,CAR002,Phoenix,Dallas,Southwest,2026-06-16,2026-06-16,1065,2015.53,0,0,1
SHP00873,2026-06-21,CAR003,Phoenix,Salt Lake City,West,2026-06-24,2026-06-24,664,1224.1,0,0,1
SHP00874,2026-06-28,CAR004,Scottsdale,Denver,Southwest,2026-07-02,2026-07-02,918,2110.73,0,0,1
SHP00875,2026-01-06,CAR005,Phoenix,Los Angeles,West,2026-01-11,2026-01-11,371,682.19,0,0,1
SHP00876,2026-01-13,CAR001,Tucson,Las Vegas,West,2026-01-15,2026-01-15,414,937.87,0,0,1
SHP00877,2026-01-20,CAR002,Phoenix,Dallas,Southwest,2026-01-23,2026-01-24,1065,2050.18,0,0,0
SHP00878,2026-01-27,CAR003,Phoenix,Salt Lake City,West,2026-01-31,2026-02-01,664,1257.97,0,0,0
SHP00879,2026-02-03,CAR004,Scottsdale,Denver,Southwest,2026-02-08,2026-02-08,918,2074.48,0,0,1
SHP00880,2026-02-10,CAR005,Phoenix,Los Angeles,West,2026-02-12,2026-02-12,371,889.58,0,0,1
SHP00881,2026-02-17,CAR001,Tucson,Las Vegas,West,2026-02-20,2026-02-20,414,732.95,0,0,1
SHP00882,2026-02-24,CAR002,Phoenix,Dallas,Southwest,2026-02-28,2026-02-28,1065,2367.15,0,0,1
SHP00883,2026-03-03,CAR003,Phoenix,Salt Lake City,West,2026-03-08,2026-03-08,664,1571.0,0,0,1
SHP00884,2026-03-10,CAR004,Scottsdale,Denver,Southwest,2026-03-12,2026-03-12,918,1987.12,0,0,1
SHP00885,2026-03-17,CAR005,Phoenix,Los Angeles,West,2026-03-20,2026-03-20,371,665.44,0,0,1
SHP00886,2026-03-24,CAR001,Tucson,Las Vegas,West,2026-03-28,2026-03-28,414,854.53,0,0,1
SHP00887,2026-03-31,CAR002,Phoenix,Dallas,Southwest,2026-04-05,2026-04-05,1065,2395.53,0,0,1
SHP00888,2026-04-07,CAR003,Phoenix,Salt Lake City,West,2026-04-09,2026-04-10,664,1541.89,0,0,0
SHP00889,2026-04-14,CAR004,Scottsdale,Denver,Southwest,2026-04-17,2026-04-17,918,2155.71,0,0,1
SHP00890,2026-04-21,CAR005,Phoenix,Los Angeles,West,2026-04-25,2026-04-25,371,826.37,0,0,1
SHP00891,2026-04-28,CAR001,Tucson,Las Vegas,West,2026-05-03,2026-05-03,414,937.58,0,0,1
SHP00892,2026-05-05,CAR002,Phoenix,Dallas,Southwest,2026-05-07,2026-05-07,1065,2239.24,0,0,1
SHP00893,2026-05-12,CAR003,Phoenix,Salt Lake City,West,2026-05-15,2026-05-15,664,1439.71,0,0,1
SHP00894,2026-05-19,CAR004,Scottsdale,Denver,Southwest,2026-05-23,2026-05-23,918,1757.28,0,0,1
SHP00895,2026-05-26,CAR005,Phoenix,Los Angeles,West,2026-05-31,2026-05-31,371,710.67,0,0,1
SHP00896,2026-06-02,CAR001,Tucson,Las Vegas,West,2026-06-04,2026-06-04,414,750.0,0,0,1
SHP00897,2026-06-09,CAR002,Phoenix,Dallas,Southwest,2026-06-12,2026-06-12,1065,2017.18,0,0,1
SHP00898,2026-06-16,CAR003,Phoenix,Salt Lake City,West,2026-06-20,2026-06-20,664,1303.01,0,0,1
SHP00899,2026-06-23,CAR004,Scottsdale,Denver,Southwest,2026-06-28,2026-06-28,918,1820.75,0,0,1
SHP00900,2026-01-01,CAR005,Phoenix,Los Angeles,West,2026-01-03,2026-01-03,371,811.59,0,0,1
SHP00901,2026-01-08,CAR001,Tucson,Las Vegas,West,2026-01-11,2026-01-11,414,927.67,0,0,1
SHP00902,2026-01-15,CAR002,Phoenix,Dallas,Southwest,2026-01-19,2026-01-19,1065,2118.97,0,0,1
SHP00903,2026-01-22,CAR003,Phoenix,Salt Lake City,West,2026-01-27,2026-01-27,664,1237.13,0,0,1
SHP00904,2026-01-29,CAR004,Scottsdale,Denver,Southwest,2026-01-31,2026-01-31,918,1942.74,0,0,1
SHP00905,2026-02-05,CAR005,Phoenix,Los Angeles,West,2026-02-08,2026-02-08,371,736.6,0,0,1
SHP00906,2026-02-12,CAR001,Tucson,Las Vegas,West,2026-02-16,2026-02-16,414,961.2,0,0,1
SHP00907,2026-02-19,CAR002,Phoenix,Dallas,Southwest,2026-02-24,2026-02-24,1065,1923.0,0,0,1
SHP00908,2026-02-26,CAR003,Phoenix,Salt Lake City,West,2026-02-28,2026-02-28,664,1397.73,0,0,1
SHP00909,2026-03-05,CAR004,Scottsdale,Denver,Southwest,2026-03-08,2026-03-08,918,1718.32,0,0,1
SHP00910,2026-03-12,CAR005,Phoenix,Los Angeles,West,2026-03-16,2026-03-16,371,765.36,0,0,1
SHP00911,2026-03-19,CAR001,Tucson,Las Vegas,West,2026-03-24,2026-03-24,414,972.49,0,0,1
SHP00912,2026-03-26,CAR002,Phoenix,Dallas,Southwest,2026-03-28,2026-03-28,1065,2040.73,0,0,1
SHP00913,2026-04-02,CAR003,Phoenix,Salt Lake City,West,2026-04-05,2026-04-05,664,1252.2,0,1,1
SHP00914,2026-04-09,CAR004,Scottsdale,Denver,Southwest,2026-04-13,2026-04-13,918,2002.13,0,0,1
SHP00915,2026-04-16,CAR005,Phoenix,Los Angeles,West,2026-04-21,2026-04-21,371,710.81,0,0,1
SHP00916,2026-04-23,CAR001,Tucson,Las Vegas,West,2026-04-25,2026-04-25,414,756.49,0,0,1
SHP00917,2026-04-30,CAR002,Phoenix,Dallas,Southwest,2026-05-03,2026-05-03,1065,1885.67,0,0,1
SHP00918,2026-05-07,CAR003,Phoenix,Salt Lake City,West,2026-05-11,2026-05-11,664,1238.02,0,0,1
SHP00919,2026-05-14,CAR004,Scottsdale,Denver,Southwest,2026-05-19,2026-05-19,918,2026.09,0,0,1
SHP00920,2026-05-21,CAR005,Phoenix,Los Angeles,West,2026-05-23,2026-05-23,371,665.15,0,0,1
SHP00921,2026-05-28,CAR001,Tucson,Las Vegas,West,2026-05-31,2026-05-31,414,810.32,0,0,1
SHP00922,2026-06-04,CAR002,Phoenix,Dallas,Southwest,2026-06-08,2026-06-09,1065,1878.94,0,0,0
SHP00923,2026-06-11,CAR003,Phoenix,Salt Lake City,West,2026-06-16,2026-06-16,664,1456.4,0,0,1
SHP00924,2026-06-18,CAR004,Scottsdale,Denver,Southwest,2026-06-20,2026-06-20,918,1998.02,0,0,1
SHP00925,2026-06-25,CAR005,Phoenix,Los Angeles,West,2026-06-28,2026-06-28,371,834.17,0,0,1
SHP00926,2026-01-03,CAR001,Tucson,Las Vegas,West,2026-01-07,2026-01-07,414,985.12,0,0,1
SHP00927,2026-01-10,CAR002,Phoenix,Dallas,Southwest,2026-01-15,2026-01-15,1065,2294.76,0,0,1
SHP00928,2026-01-17,CAR003,Phoenix,Salt Lake City,West,2026-01-19,2026-01-19,664,1360.16,0,0,1
SHP00929,2026-01-24,CAR004,Scottsdale,Denver,Southwest,2026-01-27,2026-01-27,918,1679.42,0,0,1
SHP00930,2026-01-31,CAR005,Phoenix,Los Angeles,West,2026-02-04,2026-02-04,371,724.07,0,0,1
SHP00931,2026-02-07,CAR001,Tucson,Las Vegas,West,2026-02-12,2026-02-12,414,747.02,0,0,1
SHP00932,2026-02-14,CAR002,Phoenix,Dallas,Southwest,2026-02-16,2026-02-16,1065,2068.02,0,0,1
SHP00933,2026-02-21,CAR003,Phoenix,Salt Lake City,West,2026-02-24,2026-02-25,664,1567.48,0,0,0
SHP00934,2026-02-28,CAR004,Scottsdale,Denver,Southwest,2026-03-04,2026-03-04,918,1823.32,0,0,1
SHP00935,2026-03-07,CAR005,Phoenix,Los Angeles,West,2026-03-12,2026-03-12,371,858.55,0,0,1
SHP00936,2026-03-14,CAR001,Tucson,Las Vegas,West,2026-03-16,2026-03-17,414,873.31,0,0,0
SHP00937,2026-03-21,CAR002,Phoenix,Dallas,Southwest,2026-03-24,2026-03-24,1065,2435.91,0,0,1
SHP00938,2026-03-28,CAR003,Phoenix,Salt Lake City,West,2026-04-01,2026-04-01,664,1425.19,1,0,1
SHP00939,2026-04-04,CAR004,Scottsdale,Denver,Southwest,2026-04-09,2026-04-09,918,1905.09,0,0,1
SHP00940,2026-04-11,CAR005,Phoenix,Los Angeles,West,2026-04-13,2026-04-13,371,657.11,0,0,1
SHP00941,2026-04-18,CAR001,Tucson,Las Vegas,West,2026-04-21,2026-04-21,414,784.71,0,0,1
SHP00942,2026-04-25,CAR002,Phoenix,Dallas,Southwest,2026-04-29,2026-04-29,1065,2255.26,0,0,1
SHP00943,2026-05-02,CAR003,Phoenix,Salt Lake City,West,2026-05-07,2026-05-07,664,1510.43,0,0,1
SHP00944,2026-05-09,CAR004,Scottsdale,Denver,Southwest,2026-05-11,2026-05-11,918,1887.46,0,0,1
SHP00945,2026-05-16,CAR005,Phoenix,Los Angeles,West,2026-05-19,2026-05-19,371,865.81,0,0,1
SHP00946,2026-05-23,CAR001,Tucson,Las Vegas,West,2026-05-27,2026-05-27,414,843.95,0,0,1
SHP00947,2026-05-30,CAR002,Phoenix,Dallas,Southwest,2026-06-04,2026-06-04,1065,2485.96,0,0,1
SHP00948,2026-06-06,CAR003,Phoenix,Salt Lake City,West,2026-06-08,2026-06-08,664,1475.82,0,0,1
SHP00949,2026-06-13,CAR004,Scottsdale,Denver,Southwest,2026-06-16,2026-06-16,918,2023.0,0,0,1
SHP00950,2026-06-20,CAR005,Phoenix,Los Angeles,West,2026-06-24,2026-06-24,371,885.9,0,0,1
SHP00951,2026-06-27,CAR001,Tucson,Las Vegas,West,2026-07-02,2026-07-02,414,930.65,0,0,1
SHP00952,2026-01-05,CAR002,Phoenix,Dallas,Southwest,2026-01-07,2026-01-07,1065,2507.85,0,0,1
SHP00953,2026-01-12,CAR003,Phoenix,Salt Lake City,West,2026-01-15,2026-01-15,664,1536.79,0,0,1
SHP00954,2026-01-19,CAR004,Scottsdale,Denver,Southwest,2026-01-23,2026-01-23,918,2149.0,0,0,1
SHP00955,2026-01-26,CAR005,Phoenix,Los Angeles,West,2026-01-31,2026-01-31,371,701.08,0,0,1
SHP00956,2026-02-02,CAR001,Tucson,Las Vegas,West,2026-02-04,2026-02-04,414,830.23,0,0,1
SHP00957,2026-02-09,CAR002,Phoenix,Dallas,Southwest,2026-02-12,2026-02-12,1065,2073.95,0,0,1
SHP00958,2026-02-16,CAR003,Phoenix,Salt Lake City,West,2026-02-20,2026-02-20,664,1251.04,0,0,1
SHP00959,2026-02-23,CAR004,Scottsdale,Denver,Southwest,2026-02-28,2026-02-28,918,2089.38,0,0,1
SHP00960,2026-03-02,CAR005,Phoenix,Los Angeles,West,2026-03-04,2026-03-04,371,760.15,0,0,1
SHP00961,2026-03-09,CAR001,Tucson,Las Vegas,West,2026-03-12,2026-03-12,414,981.61,0,0,1
SHP00962,2026-03-16,CAR002,Phoenix,Dallas,Southwest,2026-03-20,2026-03-20,1065,2422.87,0,0,1
SHP00963,2026-03-23,CAR003,Phoenix,Salt Lake City,West,2026-03-28,2026-03-28,664,1345.21,0,0,1
SHP00964,2026-03-30,CAR004,Scottsdale,Denver,Southwest,2026-04-01,2026-04-01,918,1865.51,0,0,1
SHP00965,2026-04-06,CAR005,Phoenix,Los Angeles,West,2026-04-09,2026-04-10,371,849.11,0,0,0
SHP00966,2026-04-13,CAR001,Tucson,Las Vegas,West,2026-04-17,2026-04-17,414,953.47,0,0,1
SHP00967,2026-04-20,CAR002,Phoenix,Dallas,Southwest,2026-04-25,2026-04-25,1065,2554.18,0,0,1
SHP00968,2026-04-27,CAR003,Phoenix,Salt Lake City,West,2026-04-29,2026-04-29,664,1518.86,0,0,1
SHP00969,2026-05-04,CAR004,Scottsdale,Denver,Southwest,2026-05-07,2026-05-07,918,1975.26,0,0,1
SHP00970,2026-05-11,CAR005,Phoenix,Los Angeles,West,2026-05-15,2026-05-15,371,771.38,0,0,1
SHP00971,2026-05-18,CAR001,Tucson,Las Vegas,West,2026-05-23,2026-05-23,414,742.16,0,0,1
SHP00972,2026-05-25,CAR002,Phoenix,Dallas,Southwest,2026-05-27,2026-05-27,1065,2053.49,0,0,1
SHP00973,2026-06-01,CAR003,Phoenix,Salt Lake City,West,2026-06-04,2026-06-04,664,1436.54,0,0,1
SHP00974,2026-06-08,CAR004,Scottsdale,Denver,Southwest,2026-06-12,2026-06-12,918,2107.28,0,0,1
SHP00975,2026-06-15,CAR005,Phoenix,Los Angeles,West,2026-06-20,2026-06-20,371,836.92,0,0,1
SHP00976,2026-06-22,CAR001,Tucson,Las Vegas,West,2026-06-24,2026-06-24,414,865.32,0,0,1
SHP00977,2026-06-29,CAR002,Phoenix,Dallas,Southwest,2026-07-02,2026-07-02,1065,2233.59,0,0,1
SHP00978,2026-01-07,CAR003,Phoenix,Salt Lake City,West,2026-01-11,2026-01-11,664,1406.96,0,0,1
SHP00979,2026-01-14,CAR004,Scottsdale,Denver,Southwest,2026-01-19,2026-01-19,918,2042.26,0,0,1
SHP00980,2026-01-21,CAR005,Phoenix,Los Angeles,West,2026-01-23,2026-01-23,371,770.37,0,0,1
SHP00981,2026-01-28,CAR001,Tucson,Las Vegas,West,2026-01-31,2026-01-31,414,906.41,0,0,1
SHP00982,2026-02-04,CAR002,Phoenix,Dallas,Southwest,2026-02-08,2026-02-08,1065,1972.96,0,0,1
SHP00983,2026-02-11,CAR003,Phoenix,Salt Lake City,West,2026-02-16,2026-02-16,664,1385.54,0,0,1
SHP00984,2026-02-18,CAR004,Scottsdale,Denver,Southwest,2026-02-20,2026-02-20,918,1848.35,0,0,1
SHP00985,2026-02-25,CAR005,Phoenix,Los Angeles,West,2026-02-28,2026-02-28,371,717.82,0,0,1
SHP00986,2026-03-04,CAR001,Tucson,Las Vegas,West,2026-03-08,2026-03-08,414,922.81,0,0,1
SHP00987,2026-03-11,CAR002,Phoenix,Dallas,Southwest,2026-03-16,2026-03-16,1065,2289.22,0,0,1
SHP00988,2026-03-18,CAR003,Phoenix,Salt Lake City,West,2026-03-20,2026-03-20,664,1267.08,0,0,1
SHP00989,2026-03-25,CAR004,Scottsdale,Denver,Southwest,2026-03-28,2026-03-28,918,2115.8,0,0,1
SHP00990,2026-04-01,CAR005,Phoenix,Los Angeles,West,2026-04-05,2026-04-05,371,776.3,0,0,1
SHP00991,2026-04-08,CAR001,Tucson,Las Vegas,West,2026-04-13,2026-04-13,414,842.59,0,0,1
SHP00992,2026-04-15,CAR002,Phoenix,Dallas,Southwest,2026-04-17,2026-04-17,1065,2415.76,0,0,1
SHP00993,2026-04-22,CAR003,Phoenix,Salt Lake City,West,2026-04-25,2026-04-25,664,1326.24,0,0,1
SHP00994,2026-04-29,CAR004,Scottsdale,Denver,Southwest,2026-05-03,2026-05-03,918,1681.18,0,0,1
SHP00995,2026-05-06,CAR005,Phoenix,Los Angeles,West,2026-05-11,2026-05-11,371,649.99,0,0,1
SHP00996,2026-05-13,CAR001,Tucson,Las Vegas,West,2026-05-15,2026-05-15,414,968.57,0,1,1
SHP00997,2026-05-20,CAR002,Phoenix,Dallas,Southwest,2026-05-23,2026-05-23,1065,2362.29,0,0,1
SHP00998,2026-05-27,CAR003,Phoenix,Salt Lake City,West,2026-05-31,2026-05-31,664,1481.78,0,0,1
SHP00999,2026-06-03,CAR004,Scottsdale,Denver,Southwest,2026-06-08,2026-06-08,918,1643.6,0,0,1
SHP01000,2026-06-10,CAR005,Phoenix,Los Angeles,West,2026-06-12,2026-06-12,371,691.32,0,0,1
SHP01001,2026-06-17,CAR001,Tucson,Las Vegas,West,2026-06-20,2026-06-20,414,960.17,0,0,1
SHP01002,2026-06-24,CAR002,Phoenix,Dallas,Southwest,2026-06-28,2026-06-28,1065,2283.17,0,0,1
SHP01003,2026-01-02,CAR003,Phoenix,Salt Lake City,West,2026-01-07,2026-01-07,664,1283.67,0,0,1
SHP01004,2026-01-09,CAR004,Scottsdale,Denver,Southwest,2026-01-11,2026-01-12,918,2182.76,0,0,0
SHP01005,2026-01-16,CAR005,Phoenix,Los Angeles,West,2026-01-19,2026-01-19,371,888.0,1,0,1
SHP01006,2026-01-23,CAR001,Tucson,Las Vegas,West,2026-01-27,2026-01-27,414,885.58,0,0,1
SHP01007,2026-01-30,CAR002,Phoenix,Dallas,Southwest,2026-02-04,2026-02-05,1065,2434.12,0,0,0
SHP01008,2026-02-06,CAR003,Phoenix,Salt Lake City,West,2026-02-08,2026-02-08,664,1357.07,0,0,1
SHP01009,2026-02-13,CAR004,Scottsdale,Denver,Southwest,2026-02-16,2026-02-16,918,1730.63,0,0,1
SHP01010,2026-02-20,CAR005,Phoenix,Los Angeles,West,2026-02-24,2026-02-24,371,750.39,0,0,1
SHP01011,2026-02-27,CAR001,Tucson,Las Vegas,West,2026-03-04,2026-03-04,414,814.99,0,0,1
SHP01012,2026-03-06,CAR002,Phoenix,Dallas,Southwest,2026-03-08,2026-03-08,1065,1985.72,0,0,1
SHP01013,2026-03-13,CAR003,Phoenix,Salt Lake City,West,2026-03-16,2026-03-16,664,1557.32,0,0,1
SHP01014,2026-03-20,CAR004,Scottsdale,Denver,Southwest,2026-03-24,2026-03-24,918,2196.23,0,0,1
SHP01015,2026-03-27,CAR005,Phoenix,Los Angeles,West,2026-04-01,2026-04-01,371,888.21,0,0,1
SHP01016,2026-04-03,CAR001,Tucson,Las Vegas,West,2026-04-05,2026-04-05,414,918.84,0,0,1
SHP01017,2026-04-10,CAR002,Phoenix,Dallas,Southwest,2026-04-13,2026-04-13,1065,2417.58,0,0,1
SHP01018,2026-04-17,CAR003,Phoenix,Salt Lake City,West,2026-04-21,2026-04-21,664,1492.78,0,0,1
SHP01019,2026-04-24,CAR004,Scottsdale,Denver,Southwest,2026-04-29,2026-04-30,918,1892.46,0,0,0
SHP01020,2026-05-01,CAR005,Phoenix,Los Angeles,West,2026-05-03,2026-05-04,371,871.14,0,0,0
SHP01021,2026-05-08,CAR001,Tucson,Las Vegas,West,2026-05-11,2026-05-11,414,976.12,0,0,1
SHP01022,2026-05-15,CAR002,Phoenix,Dallas,Southwest,2026-05-19,2026-05-19,1065,2518.88,0,0,1
SHP01023,2026-05-22,CAR003,Phoenix,Salt Lake City,West,2026-05-27,2026-05-27,664,1285.71,0,0,1
SHP01024,2026-05-29,CAR004,Scottsdale,Denver,Southwest,2026-05-31,2026-05-31,918,1855.36,0,0,1
SHP01025,2026-06-05,CAR005,Phoenix,Los Angeles,West,2026-06-08,2026-06-08,371,836.0,0,0,1
SHP01026,2026-06-12,CAR001,Tucson,Las Vegas,West,2026-06-16,2026-06-16,414,972.79,0,0,1
SHP01027,2026-06-19,CAR002,Phoenix,Dallas,Southwest,2026-06-24,2026-06-25,1065,2339.5,0,0,0
SHP01028,2026-06-26,CAR003,Phoenix,Salt Lake City,West,2026-06-28,2026-06-28,664,1188.82,0,0,1
SHP01029,2026-01-04,CAR004,Scottsdale,Denver,Southwest,2026-01-07,2026-01-08,918,1998.39,0,0,0
SHP01030,2026-01-11,CAR005,Phoenix,Los Angeles,West,2026-01-15,2026-01-15,371,868.24,0,0,1
SHP01031,2026-01-18,CAR001,Tucson,Las Vegas,West,2026-01-23,2026-01-23,414,736.02,0,0,1
SHP01032,2026-01-25,CAR002,Phoenix,Dallas,Southwest,2026-01-27,2026-01-27,1065,1945.55,0,0,1
SHP01033,2026-02-01,CAR003,Phoenix,Salt Lake City,West,2026-02-04,2026-02-04,664,1466.43,0,0,1
SHP01034,2026-02-08,CAR004,Scottsdale,Denver,Southwest,2026-02-12,2026-02-12,918,2088.51,0,0,1
SHP01035,2026-02-15,CAR005,Phoenix,Los Angeles,West,2026-02-20,2026-02-21,371,759.14,0,0,0
SHP01036,2026-02-22,CAR001,Tucson,Las Vegas,West,2026-02-24,2026-02-25,414,977.79,0,0,0
SHP01037,2026-03-01,CAR002,Phoenix,Dallas,Southwest,2026-03-04,2026-03-04,1065,2530.83,0,0,1
SHP01038,2026-03-08,CAR003,Phoenix,Salt Lake City,West,2026-03-12,2026-03-12,664,1252.42,0,0,1
SHP01039,2026-03-15,CAR004,Scottsdale,Denver,Southwest,2026-03-20,2026-03-20,918,1995.1,0,0,1
SHP01040,2026-03-22,CAR005,Phoenix,Los Angeles,West,2026-03-24,2026-03-24,371,738.18,0,0,1
SHP01041,2026-03-29,CAR001,Tucson,Las Vegas,West,2026-04-01,2026-04-01,414,748.21,0,0,1
SHP01042,2026-04-05,CAR002,Phoenix,Dallas,Southwest,2026-04-09,2026-04-09,1065,2234.57,0,0,1
SHP01043,2026-04-12,CAR003,Phoenix,Salt Lake City,West,2026-04-17,2026-04-17,664,1424.26,0,0,1
SHP01044,2026-04-19,CAR004,Scottsdale,Denver,Southwest,2026-04-21,2026-04-22,918,2012.67,0,0,0
SHP01045,2026-04-26,CAR005,Phoenix,Los Angeles,West,2026-04-29,2026-04-29,371,704.33,0,0,1
SHP01046,2026-05-03,CAR001,Tucson,Las Vegas,West,2026-05-07,2026-05-07,414,772.94,0,0,1
SHP01047,2026-05-10,CAR002,Phoenix,Dallas,Southwest,2026-05-15,2026-05-15,1065,2531.71,0,0,1
SHP01048,2026-05-17,CAR003,Phoenix,Salt Lake City,West,2026-05-19,2026-05-19,664,1434.95,0,0,1
SHP01049,2026-05-24,CAR004,Scottsdale,Denver,Southwest,2026-05-27,2026-05-27,918,1832.2,0,0,1
SHP01050,2026-05-31,CAR005,Phoenix,Los Angeles,West,2026-06-04,2026-06-04,371,808.53,0,0,1
SHP01051,2026-06-07,CAR001,Tucson,Las Vegas,West,2026-06-12,2026-06-12,414,902.02,0,0,1
SHP01052,2026-06-14,CAR002,Phoenix,Dallas,Southwest,2026-06-16,2026-06-16,1065,1884.76,0,0,1
SHP01053,2026-06-21,CAR003,Phoenix,Salt Lake City,West,2026-06-24,2026-06-24,664,1164.57,0,0,1
SHP01054,2026-06-28,CAR004,Scottsdale,Denver,Southwest,2026-07-02,2026-07-02,918,1984.09,0,0,1
SHP01055,2026-01-06,CAR005,Phoenix,Los Angeles,West,2026-01-11,2026-01-11,371,753.57,0,0,1
SHP01056,2026-01-13,CAR001,Tucson,Las Vegas,West,2026-01-15,2026-01-15,414,830.03,0,0,1
SHP01057,2026-01-20,CAR002,Phoenix,Dallas,Southwest,2026-01-23,2026-01-23,1065,2029.53,0,0,1
SHP01058,2026-01-27,CAR003,Phoenix,Salt Lake City,West,2026-01-31,2026-02-01,664,1180.87,0,0,0
SHP01059,2026-02-03,CAR004,Scottsdale,Denver,Southwest,2026-02-08,2026-02-08,918,2195.77,0,0,1
SHP01060,2026-02-10,CAR005,Phoenix,Los Angeles,West,2026-02-12,2026-02-12,371,792.86,0,0,1
SHP01061,2026-02-17,CAR001,Tucson,Las Vegas,West,2026-02-20,2026-02-20,414,861.98,0,0,1
SHP01062,2026-02-24,CAR002,Phoenix,Dallas,Southwest,2026-02-28,2026-02-28,1065,2457.63,0,0,1
SHP01063,2026-03-03,CAR003,Phoenix,Salt Lake City,West,2026-03-08,2026-03-08,664,1353.04,0,0,1
SHP01064,2026-03-10,CAR004,Scottsdale,Denver,Southwest,2026-03-12,2026-03-12,918,1991.63,0,0,1
SHP01065,2026-03-17,CAR005,Phoenix,Los Angeles,West,2026-03-20,2026-03-20,371,721.37,0,0,1
SHP01066,2026-03-24,CAR001,Tucson,Las Vegas,West,2026-03-28,2026-03-28,414,977.44,0,0,1
SHP01067,2026-03-31,CAR002,Phoenix,Dallas,Southwest,2026-04-05,2026-04-05,1065,2178.11,0,0,1
SHP01068,2026-04-07,CAR003,Phoenix,Salt Lake City,West,2026-04-09,2026-04-09,664,1384.23,0,0,1
SHP01069,2026-04-14,CAR004,Scottsdale,Denver,Southwest,2026-04-17,2026-04-17,918,1831.06,0,0,1
SHP01070,2026-04-21,CAR005,Phoenix,Los Angeles,West,2026-04-25,2026-04-25,371,737.39,0,0,1
SHP01071,2026-04-28,CAR001,Tucson,Las Vegas,West,2026-05-03,2026-05-03,414,900.35,0,0,1
SHP01072,2026-05-05,CAR002,Phoenix,Dallas,Southwest,2026-05-07,2026-05-07,1065,2062.14,1,0,1
SHP01073,2026-05-12,CAR003,Phoenix,Salt Lake City,West,2026-05-15,2026-05-15,664,1544.99,0,0,1
SHP01074,2026-05-19,CAR004,Scottsdale,Denver,Southwest,2026-05-23,2026-05-23,918,1940.05,0,0,1
SHP01075,2026-05-26,CAR005,Phoenix,Los Angeles,West,2026-05-31,2026-05-31,371,881.2,0,0,1
SHP01076,2026-06-02,CAR001,Tucson,Las Vegas,West,2026-06-04,2026-06-04,414,962.01,0,0,1
SHP01077,2026-06-09,CAR002,Phoenix,Dallas,Southwest,2026-06-12,2026-06-12,1065,2333.65,0,0,1
SHP01078,2026-06-16,CAR003,Phoenix,Salt Lake City,West,2026-06-20,2026-06-20,664,1544.0,0,0,1
SHP01079,2026-06-23,CAR004,Scottsdale,Denver,Southwest,2026-06-28,2026-06-28,918,1614.49,0,1,1
SHP01080,2026-01-01,CAR005,Phoenix,Los Angeles,West,2026-01-03,2026-01-03,371,760.99,0,0,1
SHP01081,2026-01-08,CAR001,Tucson,Las Vegas,West,2026-01-11,2026-01-11,414,824.18,0,0,1
SHP01082,2026-01-15,CAR002,Phoenix,Dallas,Southwest,2026-01-19,2026-01-19,1065,2036.01,0,0,1
SHP01083,2026-01-22,CAR003,Phoenix,Salt Lake City,West,2026-01-27,2026-01-27,664,1274.0,0,0,1
SHP01084,2026-01-29,CAR004,Scottsdale,Denver,Southwest,2026-01-31,2026-01-31,918,1981.94,0,0,1
SHP01085,2026-02-05,CAR005,Phoenix,Los Angeles,West,2026-02-08,2026-02-08,371,746.71,0,0,1
SHP01086,2026-02-12,CAR001,Tucson,Las Vegas,West,2026-02-16,2026-02-16,414,954.26,0,0,1
SHP01087,2026-02-19,CAR002,Phoenix,Dallas,Southwest,2026-02-24,2026-02-24,1065,2269.91,0,0,1
SHP01088,2026-02-26,CAR003,Phoenix,Salt Lake City,West,2026-02-28,2026-02-28,664,1440.81,0,0,1
SHP01089,2026-03-05,CAR004,Scottsdale,Denver,Southwest,2026-03-08,2026-03-08,918,1823.33,0,0,1
SHP01090,2026-03-12,CAR005,Phoenix,Los Angeles,West,2026-03-16,2026-03-16,371,730.74,0,0,1
SHP01091,2026-03-19,CAR001,Tucson,Las Vegas,West,2026-03-24,2026-03-24,414,980.45,0,0,1
SHP01092,2026-03-26,CAR002,Phoenix,Dallas,Southwest,2026-03-28,2026-03-28,1065,2106.52,0,0,1
SHP01093,2026-04-02,CAR003,Phoenix,Salt Lake City,West,2026-04-05,2026-04-05,664,1389.95,0,0,1
SHP01094,2026-04-09,CAR004,Scottsdale,Denver,Southwest,2026-04-13,2026-04-13,918,1626.91,0,0,1
SHP01095,2026-04-16,CAR005,Phoenix,Los Angeles,West,2026-04-21,2026-04-21,371,650.03,0,0,1
SHP01096,2026-04-23,CAR001,Tucson,Las Vegas,West,2026-04-25,2026-04-25,414,823.87,0,0,1
SHP01097,2026-04-30,CAR002,Phoenix,Dallas,Southwest,2026-05-03,2026-05-03,1065,2211.94,0,0,1
SHP01098,2026-05-07,CAR003,Phoenix,Salt Lake City,West,2026-05-11,2026-05-11,664,1491.61,0,0,1
SHP01099,2026-05-14,CAR004,Scottsdale,Denver,Southwest,2026-05-19,2026-05-19,918,1623.96,0,0,1
SHP01100,2026-05-21,CAR005,Phoenix,Los Angeles,West,2026-05-23,2026-05-23,371,840.45,0,0,1
SHP01101,2026-05-28,CAR001,Tucson,Las Vegas,West,2026-05-31,2026-05-31,414,893.01,0,0,1
SHP01102,2026-06-04,CAR002,Phoenix,Dallas,Southwest,2026-06-08,2026-06-08,1065,2386.36,0,0,1
SHP01103,2026-06-11,CAR003,Phoenix,Salt Lake City,West,2026-06-16,2026-06-16,664,1267.04,0,0,1
SHP01104,2026-06-18,CAR004,Scottsdale,Denver,Southwest,2026-06-20,2026-06-20,918,2065.66,0,0,1
SHP01105,2026-06-25,CAR005,Phoenix,Los Angeles,West,2026-06-28,2026-06-28,371,739.97,0,0,1
SHP01106,2026-01-03,CAR001,Tucson,Las Vegas,West,2026-01-07,2026-01-07,414,753.98,0,0,1
SHP01107,2026-01-10,CAR002,Phoenix,Dallas,Southwest,2026-01-15,2026-01-15,1065,2505.99,0,0,1
SHP01108,2026-01-17,CAR003,Phoenix,Salt Lake City,West,2026-01-19,2026-01-19,664,1263.47,0,0,1
SHP01109,2026-01-24,CAR004,Scottsdale,Denver,Southwest,2026-01-27,2026-01-27,918,2199.95,0,0,1
SHP01110,2026-01-31,CAR005,Phoenix,Los Angeles,West,2026-02-04,2026-02-04,371,699.09,0,0,1
SHP01111,2026-02-07,CAR001,Tucson,Las Vegas,West,2026-02-12,2026-02-12,414,821.25,0,0,1
SHP01112,2026-02-14,CAR002,Phoenix,Dallas,Southwest,2026-02-16,2026-02-16,1065,2150.36,0,0,1
SHP01113,2026-02-21,CAR003,Phoenix,Salt Lake City,West,2026-02-24,2026-02-24,664,1166.83,0,0,1
SHP01114,2026-02-28,CAR004,Scottsdale,Denver,Southwest,2026-03-04,2026-03-04,918,2098.77,0,0,1
SHP01115,2026-03-07,CAR005,Phoenix,Los Angeles,West,2026-03-12,2026-03-12,371,686.41,0,0,1
SHP01116,2026-03-14,CAR001,Tucson,Las Vegas,West,2026-03-16,2026-03-16,414,743.7,0,0,1
SHP01117,2026-03-21,CAR002,Phoenix,Dallas,Southwest,2026-03-24,2026-03-24,1065,2350.13,0,0,1
SHP01118,2026-03-28,CAR003,Phoenix,Salt Lake City,West,2026-04-01,2026-04-01,664,1509.42,0,0,1
SHP01119,2026-04-04,CAR004,Scottsdale,Denver,Southwest,2026-04-09,2026-04-10,918,1843.63,0,0,0
SHP01120,2026-04-11,CAR005,Phoenix,Los Angeles,West,2026-04-13,2026-04-13,371,850.98,0,0,1
SHP01121,2026-04-18,CAR001,Tucson,Las Vegas,West,2026-04-21,2026-04-21,414,907.84,0,0,1
SHP01122,2026-04-25,CAR002,Phoenix,Dallas,Southwest,2026-04-29,2026-04-29,1065,2109.84,0,0,1
SHP01123,2026-05-02,CAR003,Phoenix,Salt Lake City,West,2026-05-07,2026-05-07,664,1272.62,0,0,1
SHP01124,2026-05-09,CAR004,Scottsdale,Denver,Southwest,2026-05-11,2026-05-11,918,1810.66,0,0,1
SHP01125,2026-05-16,CAR005,Phoenix,Los Angeles,West,2026-05-19,2026-05-19,371,795.42,0,0,1
SHP01126,2026-05-23,CAR001,Tucson,Las Vegas,West,2026-05-27,2026-05-27,414,732.8,0,0,1
SHP01127,2026-05-30,CAR002,Phoenix,Dallas,Southwest,2026-06-04,2026-06-05,1065,2374.76,0,0,0
SHP01128,2026-06-06,CAR003,Phoenix,Salt Lake City,West,2026-06-08,2026-06-08,664,1548.44,0,0,1
SHP01129,2026-06-13,CAR004,Scottsdale,Denver,Southwest,2026-06-16,2026-06-16,918,1924.13,0,0,1
SHP01130,2026-06-20,CAR005,Phoenix,Los Angeles,West,2026-06-24,2026-06-24,371,875.84,0,0,1
SHP01131,2026-06-27,CAR001,Tucson,Las Vegas,West,2026-07-02,2026-07-02,414,826.94,0,0,1
SHP01132,2026-01-05,CAR002,Phoenix,Dallas,Southwest,2026-01-07,2026-01-07,1065,2332.54,0,0,1
SHP01133,2026-01-12,CAR003,Phoenix,Salt Lake City,West,2026-01-15,2026-01-15,664,1317.78,0,0,1
SHP01134,2026-01-19,CAR004,Scottsdale,Denver,Southwest,2026-01-23,2026-01-23,918,1914.79,0,0,1
SHP01135,2026-01-26,CAR005,Phoenix,Los Angeles,West,2026-01-31,2026-01-31,371,702.0,0,0,1
SHP01136,2026-02-02,CAR001,Tucson,Las Vegas,West,2026-02-04,2026-02-05,414,824.31,0,0,0
SHP01137,2026-02-09,CAR002,Phoenix,Dallas,Southwest,2026-02-12,2026-02-12,1065,2135.1,0,0,1
SHP01138,2026-02-16,CAR003,Phoenix,Salt Lake City,West,2026-02-20,2026-02-20,664,1584.69,0,0,1
SHP01139,2026-02-23,CAR004,Scottsdale,Denver,Southwest,2026-02-28,2026-02-28,918,1803.76,1,0,1
SHP01140,2026-03-02,CAR005,Phoenix,Los Angeles,West,2026-03-04,2026-03-04,371,725.79,0,0,1
SHP01141,2026-03-09,CAR001,Tucson,Las Vegas,West,2026-03-12,2026-03-12,414,787.13,0,0,1
SHP01142,2026-03-16,CAR002,Phoenix,Dallas,Southwest,2026-03-20,2026-03-20,1065,1874.97,0,0,1
SHP01143,2026-03-23,CAR003,Phoenix,Salt Lake City,West,2026-03-28,2026-03-28,664,1192.52,0,0,1
SHP01144,2026-03-30,CAR004,Scottsdale,Denver,Southwest,2026-04-01,2026-04-01,918,1695.55,0,0,1
SHP01145,2026-04-06,CAR005,Phoenix,Los Angeles,West,2026-04-09,2026-04-09,371,841.2,0,0,1
SHP01146,2026-04-13,CAR001,Tucson,Las Vegas,West,2026-04-17,2026-04-17,414,735.48,0,0,1
SHP01147,2026-04-20,CAR002,Phoenix,Dallas,Southwest,2026-04-25,2026-04-25,1065,2538.26,0,0,1
SHP01148,2026-04-27,CAR003,Phoenix,Salt Lake City,West,2026-04-29,2026-04-29,664,1488.36,0,0,1
SHP01149,2026-05-04,CAR004,Scottsdale,Denver,Southwest,2026-05-07,2026-05-07,918,2190.67,0,0,1
SHP01150,2026-05-11,CAR005,Phoenix,Los Angeles,West,2026-05-15,2026-05-15,371,670.32,0,0,1
SHP01151,2026-05-18,CAR001,Tucson,Las Vegas,West,2026-05-23,2026-05-23,414,848.55,0,0,1
SHP01152,2026-05-25,CAR002,Phoenix,Dallas,Southwest,2026-05-27,2026-05-27,1065,2157.42,0,0,1
SHP01153,2026-06-01,CAR003,Phoenix,Salt Lake City,West,2026-06-04,2026-06-04,664,1355.63,0,0,1
SHP01154,2026-06-08,CAR004,Scottsdale,Denver,Southwest,2026-06-12,2026-06-13,918,1905.03,0,0,0
SHP01155,2026-06-15,CAR005,Phoenix,Los Angeles,West,2026-06-20,2026-06-20,371,733.98,0,0,1
SHP01156,2026-06-22,CAR001,Tucson,Las Vegas,West,2026-06-24,2026-06-24,414,974.63,0,0,1
SHP01157,2026-06-29,CAR002,Phoenix,Dallas,Southwest,2026-07-02,2026-07-02,1065,2208.77,0,0,1
SHP01158,2026-01-07,CAR003,Phoenix,Salt Lake City,West,2026-01-11,2026-01-11,664,1589.95,0,0,1
SHP01159,2026-01-14,CAR004,Scottsdale,Denver,Southwest,2026-01-19,2026-01-20,918,1684.19,0,0,0
SHP01160,2026-01-21,CAR005,Phoenix,Los Angeles,West,2026-01-23,2026-01-23,371,776.09,0,0,1
SHP01161,2026-01-28,CAR001,Tucson,Las Vegas,West,2026-01-31,2026-01-31,414,912.18,0,0,1
SHP01162,2026-02-04,CAR002,Phoenix,Dallas,Southwest,2026-02-08,2026-02-08,1065,2471.65,0,1,1
SHP01163,2026-02-11,CAR003,Phoenix,Salt Lake City,West,2026-02-16,2026-02-17,664,1508.89,0,0,0
SHP01164,2026-02-18,CAR004,Scottsdale,Denver,Southwest,2026-02-20,2026-02-20,918,1965.08,0,0,1
SHP01165,2026-02-25,CAR005,Phoenix,Los Angeles,West,2026-02-28,2026-02-28,371,686.15,0,0,1
SHP01166,2026-03-04,CAR001,Tucson,Las Vegas,West,2026-03-08,2026-03-09,414,923.01,0,0,0
SHP01167,2026-03-11,CAR002,Phoenix,Dallas,Southwest,2026-03-16,2026-03-16,1065,2351.88,0,0,1
SHP01168,2026-03-18,CAR003,Phoenix,Salt Lake City,West,2026-03-20,2026-03-20,664,1576.63,0,0,1
SHP01169,2026-03-25,CAR004,Scottsdale,Denver,Southwest,2026-03-28,2026-03-28,918,1727.68,0,0,1
SHP01170,2026-04-01,CAR005,Phoenix,Los Angeles,West,2026-04-05,2026-04-05,371,794.23,0,0,1
SHP01171,2026-04-08,CAR001,Tucson,Las Vegas,West,2026-04-13,2026-04-13,414,776.13,0,0,1
SHP01172,2026-04-15,CAR002,Phoenix,Dallas,Southwest,2026-04-17,2026-04-17,1065,1928.23,0,0,1
SHP01173,2026-04-22,CAR003,Phoenix,Salt Lake City,West,2026-04-25,2026-04-25,664,1239.13,0,0,1
SHP01174,2026-04-29,CAR004,Scottsdale,Denver,Southwest,2026-05-03,2026-05-03,918,2109.45,0,0,1
SHP01175,2026-05-06,CAR005,Phoenix,Los Angeles,West,2026-05-11,2026-05-11,371,848.63,0,0,1
SHP01176,2026-05-13,CAR001,Tucson,Las Vegas,West,2026-05-15,2026-05-15,414,785.69,0,0,1
SHP01177,2026-05-20,CAR002,Phoenix,Dallas,Southwest,2026-05-23,2026-05-23,1065,2440.51,0,0,1
SHP01178,2026-05-27,CAR003,Phoenix,Salt Lake City,West,2026-05-31,2026-05-31,664,1370.16,0,0,1
SHP01179,2026-06-03,CAR004,Scottsdale,Denver,Southwest,2026-06-08,2026-06-08,918,2180.28,0,0,1
SHP01180,2026-06-10,CAR005,Phoenix,Los Angeles,West,2026-06-12,2026-06-12,371,849.27,0,0,1
SHP01181,2026-06-17,CAR001,Tucson,Las Vegas,West,2026-06-20,2026-06-21,414,774.65,0,0,0
SHP01182,2026-06-24,CAR002,Phoenix,Dallas,Southwest,2026-06-28,2026-06-28,1065,2129.37,0,0,1
SHP01183,2026-01-02,CAR003,Phoenix,Salt Lake City,West,2026-01-07,2026-01-07,664,1571.65,0,0,1
SHP01184,2026-01-09,CAR004,Scottsdale,Denver,Southwest,2026-01-11,2026-01-11,918,1651.31,0,0,1
SHP01185,2026-01-16,CAR005,Phoenix,Los Angeles,West,2026-01-19,2026-01-19,371,797.07,0,0,1
SHP01186,2026-01-23,CAR001,Tucson,Las Vegas,West,2026-01-27,2026-01-27,414,847.52,0,0,1
SHP01187,2026-01-30,CAR002,Phoenix,Dallas,Southwest,2026-02-04,2026-02-04,1065,2398.82,0,0,1
SHP01188,2026-02-06,CAR003,Phoenix,Salt Lake City,West,2026-02-08,2026-02-09,664,1250.28,0,0,0
SHP01189,2026-02-13,CAR004,Scottsdale,Denver,Southwest,2026-02-16,2026-02-16,918,1920.94,0,0,1
SHP01190,2026-02-20,CAR005,Phoenix,Los Angeles,West,2026-02-24,2026-02-24,371,889.12,0,0,1
SHP01191,2026-02-27,CAR001,Tucson,Las Vegas,West,2026-03-04,2026-03-04,414,964.56,0,0,1
SHP01192,2026-03-06,CAR002,Phoenix,Dallas,Southwest,2026-03-08,2026-03-09,1065,2068.12,0,0,0
SHP01193,2026-03-13,CAR003,Phoenix,Salt Lake City,West,2026-03-16,2026-03-16,664,1265.48,0,0,1
SHP01194,2026-03-20,CAR004,Scottsdale,Denver,Southwest,2026-03-24,2026-03-24,918,1723.19,0,0,1
SHP01195,2026-03-27,CAR005,Phoenix,Los Angeles,West,2026-04-01,2026-04-01,371,797.92,0,0,1
SHP01196,2026-04-03,CAR001,Tucson,Las Vegas,West,2026-04-05,2026-04-05,414,784.07,0,0,1
SHP01197,2026-04-10,CAR002,Phoenix,Dallas,Southwest,2026-04-13,2026-04-13,1065,2437.51,0,0,1
SHP01198,2026-04-17,CAR003,Phoenix,Salt Lake City,West,2026-04-21,2026-04-21,664,1422.27,0,0,1
SHP01199,2026-04-24,CAR004,Scottsdale,Denver,Southwest,2026-04-29,2026-04-29,918,2170.19,0,0,1
SHP01200,2026-05-01,CAR005,Phoenix,Los Angeles,West,2026-05-03,2026-05-03,371,880.82,0,0,1
